{
  "type": "FeatureCollection",
  "features": [
    {
      "type": "Feature",
      "properties": {
        "name": "Halte Sahari",
        "operator": "TransJakarta"
      },
      "geometry": {
        "type": "Point",
        "coordinates": [
          106.8464371,
          -6.1277779
        ]
      }
    },
    {
      "type": "Feature",
      "properties": {
        "name": "Kota Angkot Halte BaranangSiang",
        "operator": "TransJakarta"
      },
      "geometry": {
        "type": "Point",
        "coordinates": [
          106.8059492,
          -6.6053314
        ]
      }
    },
    {
      "type": "Feature",
      "properties": {
        "name": "Grand Sahid",
        "operator": "TransJakarta"
      },
      "geometry": {
        "type": "Point",
        "coordinates": [
          106.8205691,
          -6.2109376
        ]
      }
    },
    {
      "type": "Feature",
      "properties": {
        "name": "Karet Sudirman 3",
        "operator": "TransJakarta"
      },
      "geometry": {
        "type": "Point",
        "coordinates": [
          106.819964,
          -6.2121267
        ]
      }
    },
    {
      "type": "Feature",
      "properties": {
        "name": "Halte",
        "operator": "TransJakarta"
      },
      "geometry": {
        "type": "Point",
        "coordinates": [
          106.7491498,
          -6.3472405
        ]
      }
    },
    {
      "type": "Feature",
      "properties": {
        "name": "Harmoni Central Busway",
        "operator": "TransJakarta"
      },
      "geometry": {
        "type": "Point",
        "coordinates": [
          106.8204387,
          -6.165812
        ]
      }
    },
    {
      "type": "Feature",
      "properties": {
        "name": "Grogol Reformasi",
        "operator": "TransJakarta"
      },
      "geometry": {
        "type": "Point",
        "coordinates": [
          106.7882638,
          -6.1673317
        ]
      }
    },
    {
      "type": "Feature",
      "properties": {
        "name": "Galur",
        "operator": "TransJakarta"
      },
      "geometry": {
        "type": "Point",
        "coordinates": [
          106.8547177,
          -6.1744166
        ]
      }
    },
    {
      "type": "Feature",
      "properties": {
        "name": "Denpasar Arah Timur",
        "operator": "TransJakarta"
      },
      "geometry": {
        "type": "Point",
        "coordinates": [
          106.8217239,
          -6.2327047
        ]
      }
    },
    {
      "type": "Feature",
      "properties": {
        "name": "Landmark Auto Plaza",
        "operator": "TransJakarta"
      },
      "geometry": {
        "type": "Point",
        "coordinates": [
          106.8000099,
          -6.1249972
        ]
      }
    },
    {
      "type": "Feature",
      "properties": {
        "name": "Taman Sari",
        "operator": "TransJakarta"
      },
      "geometry": {
        "type": "Point",
        "coordinates": [
          106.8167033,
          -6.1493027
        ]
      }
    },
    {
      "type": "Feature",
      "properties": {
        "name": "Pulogebang",
        "operator": "TransJakarta"
      },
      "geometry": {
        "type": "Point",
        "coordinates": [
          106.9512437,
          -6.2117281
        ]
      }
    },
    {
      "type": "Feature",
      "properties": {
        "name": "Pancoran Arah Barat",
        "operator": "TransJakarta"
      },
      "geometry": {
        "type": "Point",
        "coordinates": [
          106.8372822,
          -6.2416725
        ]
      }
    },
    {
      "type": "Feature",
      "properties": {
        "name": "Ragunan",
        "operator": "TransJakarta"
      },
      "geometry": {
        "type": "Point",
        "coordinates": [
          106.8190175,
          -6.3057626
        ]
      }
    },
    {
      "type": "Feature",
      "properties": {
        "name": "Sawah Besar",
        "operator": "TransJakarta"
      },
      "geometry": {
        "type": "Point",
        "coordinates": [
          106.8192259,
          -6.1601812
        ]
      }
    },
    {
      "type": "Feature",
      "properties": {
        "name": "Kayu Jati",
        "operator": "TransJakarta"
      },
      "geometry": {
        "type": "Point",
        "coordinates": [
          106.8836945,
          -6.193262
        ]
      }
    },
    {
      "type": "Feature",
      "properties": {
        "name": "Rawamangun",
        "operator": "TransJakarta"
      },
      "geometry": {
        "type": "Point",
        "coordinates": [
          106.8803154,
          -6.1929121
        ]
      }
    },
    {
      "type": "Feature",
      "properties": {
        "name": "Velodrome",
        "operator": "TransJakarta"
      },
      "geometry": {
        "type": "Point",
        "coordinates": [
          106.8883007,
          -6.1934641
        ]
      }
    },
    {
      "type": "Feature",
      "properties": {
        "name": "Pulo Gadung",
        "operator": "TransJakarta"
      },
      "geometry": {
        "type": "Point",
        "coordinates": [
          106.9088927,
          -6.1831813
        ]
      }
    },
    {
      "type": "Feature",
      "properties": {
        "name": "M.H. Thamrin 1",
        "operator": "TransJakarta"
      },
      "geometry": {
        "type": "Point",
        "coordinates": [
          106.8232561,
          -6.1879003
        ]
      }
    },
    {
      "type": "Feature",
      "properties": {
        "name": "Halte Katedral",
        "operator": "TransJakarta"
      },
      "geometry": {
        "type": "Point",
        "coordinates": [
          106.7923232,
          -6.5965129
        ]
      }
    },
    {
      "type": "Feature",
      "properties": {
        "name": "Halte Jembatan Merah",
        "operator": "TransJakarta"
      },
      "geometry": {
        "type": "Point",
        "coordinates": [
          106.7893765,
          -6.5958782
        ]
      }
    },
    {
      "type": "Feature",
      "properties": {
        "name": "Halte Taman Topi",
        "operator": "TransJakarta"
      },
      "geometry": {
        "type": "Point",
        "coordinates": [
          106.7907688,
          -6.5961779
        ]
      }
    },
    {
      "type": "Feature",
      "properties": {
        "name": "Halte BEI",
        "operator": "TransJakarta"
      },
      "geometry": {
        "type": "Point",
        "coordinates": [
          106.8093561,
          -6.2231832
        ]
      }
    },
    {
      "type": "Feature",
      "properties": {
        "name": "Halte Pal Putih",
        "operator": "TransJakarta"
      },
      "geometry": {
        "type": "Point",
        "coordinates": [
          106.8428742,
          -6.1816483
        ]
      }
    },
    {
      "type": "Feature",
      "properties": {
        "name": "Pasar Rumput",
        "operator": "TransJakarta"
      },
      "geometry": {
        "type": "Point",
        "coordinates": [
          106.8411231,
          -6.20712
        ]
      }
    },
    {
      "type": "Feature",
      "properties": {
        "name": "Flyover Pramuka",
        "operator": "TransJakarta"
      },
      "geometry": {
        "type": "Point",
        "coordinates": [
          106.8544856,
          -6.1989006
        ]
      }
    },
    {
      "type": "Feature",
      "properties": {
        "name": "Pramuka Sari",
        "operator": "TransJakarta"
      },
      "geometry": {
        "type": "Point",
        "coordinates": [
          106.8685673,
          -6.1922351
        ]
      }
    },
    {
      "type": "Feature",
      "properties": {
        "name": "Pasar Genjing",
        "operator": "TransJakarta"
      },
      "geometry": {
        "type": "Point",
        "coordinates": [
          106.8609219,
          -6.1944472
        ]
      }
    },
    {
      "type": "Feature",
      "properties": {
        "name": "Utan Kayu",
        "operator": "TransJakarta"
      },
      "geometry": {
        "type": "Point",
        "coordinates": [
          106.86458,
          -6.1927391
        ]
      }
    },
    {
      "type": "Feature",
      "properties": {
        "name": "Denpasar Arah Barat",
        "operator": "TransJakarta"
      },
      "geometry": {
        "type": "Point",
        "coordinates": [
          106.8218967,
          -6.2333148
        ]
      }
    },
    {
      "type": "Feature",
      "properties": {
        "name": "Manggarai",
        "operator": "TransJakarta"
      },
      "geometry": {
        "type": "Point",
        "coordinates": [
          106.8474339,
          -6.2088691
        ]
      }
    },
    {
      "type": "Feature",
      "properties": {
        "name": "Pondok Gede Raya",
        "operator": "TransJakarta"
      },
      "geometry": {
        "type": "Point",
        "coordinates": [
          106.8802519,
          -6.2895461
        ]
      }
    },
    {
      "type": "Feature",
      "properties": {
        "name": "Dukuh 5",
        "operator": "TransJakarta"
      },
      "geometry": {
        "type": "Point",
        "coordinates": [
          106.8775139,
          -6.2898854
        ]
      }
    },
    {
      "type": "Feature",
      "properties": {
        "name": "Tamini Square 1",
        "operator": "TransJakarta"
      },
      "geometry": {
        "type": "Point",
        "coordinates": [
          106.8806631,
          -6.2915276
        ]
      }
    },
    {
      "type": "Feature",
      "properties": {
        "name": "Masjid At Tin",
        "operator": "TransJakarta"
      },
      "geometry": {
        "type": "Point",
        "coordinates": [
          106.8832405,
          -6.298404
        ]
      }
    },
    {
      "type": "Feature",
      "properties": {
        "name": "Tugu Proklamasi",
        "operator": "TransJakarta"
      },
      "geometry": {
        "type": "Point",
        "coordinates": [
          106.8477848,
          -6.2025914
        ]
      }
    },
    {
      "type": "Feature",
      "properties": {
        "name": "Pusdikkes",
        "operator": "TransJakarta"
      },
      "geometry": {
        "type": "Point",
        "coordinates": [
          106.8694841,
          -6.2776957
        ]
      }
    },
    {
      "type": "Feature",
      "properties": {
        "name": "Halte Pasar Gunung Batu",
        "operator": "TransJakarta"
      },
      "geometry": {
        "type": "Point",
        "coordinates": [
          106.7779598,
          -6.5942575
        ]
      }
    },
    {
      "type": "Feature",
      "properties": {
        "name": "Iskandar Muda",
        "operator": "TransJakarta"
      },
      "geometry": {
        "type": "Point",
        "coordinates": [
          106.7825538,
          -6.2442391
        ]
      }
    },
    {
      "type": "Feature",
      "properties": {
        "name": "Halte 2 Rawabuntu",
        "operator": "TransJakarta"
      },
      "geometry": {
        "type": "Point",
        "coordinates": [
          106.6770933,
          -6.3146332
        ]
      }
    },
    {
      "type": "Feature",
      "properties": {
        "name": "Halte Stasiun Tanah Tinggi 2",
        "operator": "TransJakarta"
      },
      "geometry": {
        "type": "Point",
        "coordinates": [
          106.6458481,
          -6.1754097
        ]
      }
    },
    {
      "type": "Feature",
      "properties": {
        "name": "Plaza Indonesia",
        "operator": "TransJakarta"
      },
      "geometry": {
        "type": "Point",
        "coordinates": [
          106.8228616,
          -6.1934835
        ]
      }
    },
    {
      "type": "Feature",
      "properties": {
        "name": "Bundaran Senayan 1",
        "operator": "TransJakarta"
      },
      "geometry": {
        "type": "Point",
        "coordinates": [
          106.8018286,
          -6.2274883
        ]
      }
    },
    {
      "type": "Feature",
      "properties": {
        "name": "Dukuh Atas 4",
        "operator": "TransJakarta"
      },
      "geometry": {
        "type": "Point",
        "coordinates": [
          106.8221035,
          -6.2046855
        ]
      }
    },
    {
      "type": "Feature",
      "properties": {
        "name": "Plaza Sentral",
        "operator": "TransJakarta"
      },
      "geometry": {
        "type": "Point",
        "coordinates": [
          106.8167323,
          -6.216281
        ]
      }
    },
    {
      "type": "Feature",
      "properties": {
        "name": "Benhil 2",
        "operator": "TransJakarta"
      },
      "geometry": {
        "type": "Point",
        "coordinates": [
          106.8154478,
          -6.2167345
        ]
      }
    },
    {
      "type": "Feature",
      "properties": {
        "name": "Jalan Taman Jatibaru Timur",
        "operator": "TransJakarta"
      },
      "geometry": {
        "type": "Point",
        "coordinates": [
          106.8128351,
          -6.1827873
        ]
      }
    },
    {
      "type": "Feature",
      "properties": {
        "name": "Terminal Pulogebang",
        "operator": "TransJakarta"
      },
      "geometry": {
        "type": "Point",
        "coordinates": [
          106.9527033,
          -6.2129141
        ]
      }
    },
    {
      "type": "Feature",
      "properties": {
        "name": "Halte Kampung Gusti",
        "operator": "TransJakarta"
      },
      "geometry": {
        "type": "Point",
        "coordinates": [
          106.6439927,
          -6.1797112
        ]
      }
    },
    {
      "type": "Feature",
      "properties": {
        "name": "Halte Stasiun Tanah Tinggi 1",
        "operator": "TransJakarta"
      },
      "geometry": {
        "type": "Point",
        "coordinates": [
          106.6465829,
          -6.1755781
        ]
      }
    },
    {
      "type": "Feature",
      "properties": {
        "name": "Halte RSU Anisa",
        "operator": "TransJakarta"
      },
      "geometry": {
        "type": "Point",
        "coordinates": [
          106.6030474,
          -6.1883021
        ]
      }
    },
    {
      "type": "Feature",
      "properties": {
        "name": "Halte Asrama Polisi",
        "operator": "TransJakarta"
      },
      "geometry": {
        "type": "Point",
        "coordinates": [
          106.631535,
          -6.1672386
        ]
      }
    },
    {
      "type": "Feature",
      "properties": {
        "name": "Halte Hermina",
        "operator": "TransJakarta"
      },
      "geometry": {
        "type": "Point",
        "coordinates": [
          106.6259168,
          -6.1696789
        ]
      }
    },
    {
      "type": "Feature",
      "properties": {
        "name": "Jak Lingko Tanah Abang 2",
        "operator": "TransJakarta"
      },
      "geometry": {
        "type": "Point",
        "coordinates": [
          106.81161,
          -6.1837937
        ]
      }
    },
    {
      "type": "Feature",
      "properties": {
        "name": "Explorer Tanah Abang",
        "operator": "TransJakarta"
      },
      "geometry": {
        "type": "Point",
        "coordinates": [
          106.8115851,
          -6.1843173
        ]
      }
    },
    {
      "type": "Feature",
      "properties": {
        "name": "Tanah Abang 2",
        "operator": "TransJakarta"
      },
      "geometry": {
        "type": "Point",
        "coordinates": [
          106.8140493,
          -6.1819597
        ]
      }
    },
    {
      "type": "Feature",
      "properties": {
        "name": "Halte Sekolah",
        "operator": "TransJakarta"
      },
      "geometry": {
        "type": "Point",
        "coordinates": [
          106.8174503,
          -6.1697801
        ]
      }
    },
    {
      "type": "Feature",
      "properties": {
        "name": "TransJakarta feeder",
        "operator": "TransJakarta"
      },
      "geometry": {
        "type": "Point",
        "coordinates": [
          106.8146828,
          -6.1882346
        ]
      }
    },
    {
      "type": "Feature",
      "properties": {
        "name": "ABA",
        "operator": "TransJakarta"
      },
      "geometry": {
        "type": "Point",
        "coordinates": [
          106.8394628,
          -6.1940844
        ]
      }
    },
    {
      "type": "Feature",
      "properties": {
        "name": "Megaria",
        "operator": "TransJakarta"
      },
      "geometry": {
        "type": "Point",
        "coordinates": [
          106.8445368,
          -6.1999607
        ]
      }
    },
    {
      "type": "Feature",
      "properties": {
        "name": "Pegangsaan Timur",
        "operator": "TransJakarta"
      },
      "geometry": {
        "type": "Point",
        "coordinates": [
          106.8420565,
          -6.1992077
        ]
      }
    },
    {
      "type": "Feature",
      "properties": {
        "name": "Seberang Kanisius",
        "operator": "TransJakarta"
      },
      "geometry": {
        "type": "Point",
        "coordinates": [
          106.8358418,
          -6.1855228
        ]
      }
    },
    {
      "type": "Feature",
      "properties": {
        "name": "Sari San Mandiri",
        "operator": "TransJakarta"
      },
      "geometry": {
        "type": "Point",
        "coordinates": [
          106.8233404,
          -6.1854569
        ]
      }
    },
    {
      "type": "Feature",
      "properties": {
        "name": "Telkom Grapari",
        "operator": "TransJakarta"
      },
      "geometry": {
        "type": "Point",
        "coordinates": [
          106.8329317,
          -6.1822187
        ]
      }
    },
    {
      "type": "Feature",
      "properties": {
        "name": "SMKN 38",
        "operator": "TransJakarta"
      },
      "geometry": {
        "type": "Point",
        "coordinates": [
          106.8174417,
          -6.1820395
        ]
      }
    },
    {
      "type": "Feature",
      "properties": {
        "name": "Jembatan Serong",
        "operator": "TransJakarta"
      },
      "geometry": {
        "type": "Point",
        "coordinates": [
          106.818067,
          -6.1822197
        ]
      }
    },
    {
      "type": "Feature",
      "properties": {
        "name": "Tugu Tani 2",
        "operator": "TransJakarta"
      },
      "geometry": {
        "type": "Point",
        "coordinates": [
          106.8350315,
          -6.1831893
        ]
      }
    },
    {
      "type": "Feature",
      "properties": {
        "name": "Komplek AL",
        "operator": "TransJakarta"
      },
      "geometry": {
        "type": "Point",
        "coordinates": [
          106.8401686,
          -6.2977291
        ]
      }
    },
    {
      "type": "Feature",
      "properties": {
        "name": "Stasiun Tanjung Barat 2",
        "operator": "TransJakarta"
      },
      "geometry": {
        "type": "Point",
        "coordinates": [
          106.8386595,
          -6.307565
        ]
      }
    },
    {
      "type": "Feature",
      "properties": {
        "name": "Graha Sucofindo",
        "operator": "TransJakarta"
      },
      "geometry": {
        "type": "Point",
        "coordinates": [
          106.842493,
          -6.251961
        ]
      }
    },
    {
      "type": "Feature",
      "properties": {
        "name": "RS Tria Dipa",
        "operator": "TransJakarta"
      },
      "geometry": {
        "type": "Point",
        "coordinates": [
          106.8426294,
          -6.2502283
        ]
      }
    },
    {
      "type": "Feature",
      "properties": {
        "name": "Poltangan",
        "operator": "TransJakarta"
      },
      "geometry": {
        "type": "Point",
        "coordinates": [
          106.8409974,
          -6.2957562
        ]
      }
    },
    {
      "type": "Feature",
      "properties": {
        "name": "Flyover Tanjung Barat",
        "operator": "TransJakarta"
      },
      "geometry": {
        "type": "Point",
        "coordinates": [
          106.8400371,
          -6.3028889
        ]
      }
    },
    {
      "type": "Feature",
      "properties": {
        "name": "Perdatam",
        "operator": "TransJakarta"
      },
      "geometry": {
        "type": "Point",
        "coordinates": [
          106.8428848,
          -6.2494426
        ]
      }
    },
    {
      "type": "Feature",
      "properties": {
        "name": "Santo Lukas",
        "operator": "TransJakarta"
      },
      "geometry": {
        "type": "Point",
        "coordinates": [
          106.84319,
          -6.2448123
        ]
      }
    },
    {
      "type": "Feature",
      "properties": {
        "name": "MBAU",
        "operator": "TransJakarta"
      },
      "geometry": {
        "type": "Point",
        "coordinates": [
          106.8427959,
          -6.2458549
        ]
      }
    },
    {
      "type": "Feature",
      "properties": {
        "name": "Pancoran 1",
        "operator": "TransJakarta"
      },
      "geometry": {
        "type": "Point",
        "coordinates": [
          106.842928,
          -6.2465501
        ]
      }
    },
    {
      "type": "Feature",
      "properties": {
        "name": "Lenteng Agung Barat",
        "operator": "TransJakarta"
      },
      "geometry": {
        "type": "Point",
        "coordinates": [
          106.8380966,
          -6.3088185
        ]
      }
    },
    {
      "type": "Feature",
      "properties": {
        "name": "Tanjung Mas Raya",
        "operator": "TransJakarta"
      },
      "geometry": {
        "type": "Point",
        "coordinates": [
          106.839167,
          -6.3083013
        ]
      }
    },
    {
      "type": "Feature",
      "properties": {
        "name": "LP3I",
        "operator": "TransJakarta"
      },
      "geometry": {
        "type": "Point",
        "coordinates": [
          106.8436766,
          -6.2867476
        ]
      }
    },
    {
      "type": "Feature",
      "properties": {
        "name": "Terminal Pasar Minggu 2",
        "operator": "TransJakarta"
      },
      "geometry": {
        "type": "Point",
        "coordinates": [
          106.8445693,
          -6.2825237
        ]
      }
    },
    {
      "type": "Feature",
      "properties": {
        "name": "Masjid At Taqwa 1",
        "operator": "TransJakarta"
      },
      "geometry": {
        "type": "Point",
        "coordinates": [
          106.8458623,
          -6.2771014
        ]
      }
    },
    {
      "type": "Feature",
      "properties": {
        "name": "Jalan Siaga Bakti 2",
        "operator": "TransJakarta"
      },
      "geometry": {
        "type": "Point",
        "coordinates": [
          106.8464148,
          -6.2733034
        ]
      }
    },
    {
      "type": "Feature",
      "properties": {
        "name": "Brimob Pejaten Barat 2",
        "operator": "TransJakarta"
      },
      "geometry": {
        "type": "Point",
        "coordinates": [
          106.8464423,
          -6.2709231
        ]
      }
    },
    {
      "type": "Feature",
      "properties": {
        "name": "PMD",
        "operator": "TransJakarta"
      },
      "geometry": {
        "type": "Point",
        "coordinates": [
          106.8460508,
          -6.2691531
        ]
      }
    },
    {
      "type": "Feature",
      "properties": {
        "name": "Carrefour Pejaten Barat",
        "operator": "TransJakarta"
      },
      "geometry": {
        "type": "Point",
        "coordinates": [
          106.8453239,
          -6.2678921
        ]
      }
    },
    {
      "type": "Feature",
      "properties": {
        "name": "Seberang Haji Samali",
        "operator": "TransJakarta"
      },
      "geometry": {
        "type": "Point",
        "coordinates": [
          106.8441819,
          -6.2656759
        ]
      }
    },
    {
      "type": "Feature",
      "properties": {
        "name": "Empang 3",
        "operator": "TransJakarta"
      },
      "geometry": {
        "type": "Point",
        "coordinates": [
          106.8431942,
          -6.2633041
        ]
      }
    },
    {
      "type": "Feature",
      "properties": {
        "name": "POM AD 2",
        "operator": "TransJakarta"
      },
      "geometry": {
        "type": "Point",
        "coordinates": [
          106.8430984,
          -6.2618014
        ]
      }
    },
    {
      "type": "Feature",
      "properties": {
        "name": "SMK Karya Teladan",
        "operator": "TransJakarta"
      },
      "geometry": {
        "type": "Point",
        "coordinates": [
          106.843555,
          -6.2584665
        ]
      }
    },
    {
      "type": "Feature",
      "properties": {
        "name": "Pertani",
        "operator": "TransJakarta"
      },
      "geometry": {
        "type": "Point",
        "coordinates": [
          106.8433062,
          -6.2566328
        ]
      }
    },
    {
      "type": "Feature",
      "properties": {
        "name": "Jalan Potlot",
        "operator": "TransJakarta"
      },
      "geometry": {
        "type": "Point",
        "coordinates": [
          106.8426617,
          -6.2546042
        ]
      }
    },
    {
      "type": "Feature",
      "properties": {
        "name": "Bumiputera",
        "operator": "TransJakarta"
      },
      "geometry": {
        "type": "Point",
        "coordinates": [
          106.8223527,
          -6.206897
        ]
      }
    },
    {
      "type": "Feature",
      "properties": {
        "name": "Flyover Karet 2",
        "operator": "TransJakarta"
      },
      "geometry": {
        "type": "Point",
        "coordinates": [
          106.8184783,
          -6.2148917
        ]
      }
    },
    {
      "type": "Feature",
      "properties": {
        "name": "JPO Blok E",
        "operator": "TransJakarta"
      },
      "geometry": {
        "type": "Point",
        "coordinates": [
          106.8148915,
          -6.1846856
        ]
      }
    },
    {
      "type": "Feature",
      "properties": {
        "name": "Kecamatan Tebet 2",
        "operator": "TransJakarta"
      },
      "geometry": {
        "type": "Point",
        "coordinates": [
          106.8457925,
          -6.2313743
        ]
      }
    },
    {
      "type": "Feature",
      "properties": {
        "name": "Transvision Jalan Tebet Raya",
        "operator": "TransJakarta"
      },
      "geometry": {
        "type": "Point",
        "coordinates": [
          106.8472981,
          -6.2295649
        ]
      }
    },
    {
      "type": "Feature",
      "properties": {
        "name": "Pancoran Barat 2",
        "operator": "TransJakarta"
      },
      "geometry": {
        "type": "Point",
        "coordinates": [
          106.8376319,
          -6.2413092
        ]
      }
    },
    {
      "type": "Feature",
      "properties": {
        "name": "Pancoran Arah Timur",
        "operator": "TransJakarta"
      },
      "geometry": {
        "type": "Point",
        "coordinates": [
          106.8380523,
          -6.2415527
        ]
      }
    },
    {
      "type": "Feature",
      "properties": {
        "name": "Pancoran Soepomo",
        "operator": "TransJakarta"
      },
      "geometry": {
        "type": "Point",
        "coordinates": [
          106.8443089,
          -6.2417327
        ]
      }
    },
    {
      "type": "Feature",
      "properties": {
        "name": "Taman Rosita",
        "operator": "TransJakarta"
      },
      "geometry": {
        "type": "Point",
        "coordinates": [
          106.8445161,
          -6.2374773
        ]
      }
    },
    {
      "type": "Feature",
      "properties": {
        "name": "Tegal Parang 2",
        "operator": "TransJakarta"
      },
      "geometry": {
        "type": "Point",
        "coordinates": [
          106.8308052,
          -6.2387092
        ]
      }
    },
    {
      "type": "Feature",
      "properties": {
        "name": "RS Medistra",
        "operator": "TransJakarta"
      },
      "geometry": {
        "type": "Point",
        "coordinates": [
          106.8339898,
          -6.2403171
        ]
      }
    },
    {
      "type": "Feature",
      "properties": {
        "name": "Pemadam Pos Tebet",
        "operator": "TransJakarta"
      },
      "geometry": {
        "type": "Point",
        "coordinates": [
          106.8454796,
          -6.2399599
        ]
      }
    },
    {
      "type": "Feature",
      "properties": {
        "name": "Tebet Barat Dalam",
        "operator": "TransJakarta"
      },
      "geometry": {
        "type": "Point",
        "coordinates": [
          106.8453622,
          -6.2393394
        ]
      }
    },
    {
      "type": "Feature",
      "properties": {
        "name": "Pasar Pedok",
        "operator": "TransJakarta"
      },
      "geometry": {
        "type": "Point",
        "coordinates": [
          106.8443219,
          -6.2341976
        ]
      }
    },
    {
      "type": "Feature",
      "properties": {
        "name": "Universitas Sahid 1",
        "operator": "TransJakarta"
      },
      "geometry": {
        "type": "Point",
        "coordinates": [
          106.8443318,
          -6.2360041
        ]
      }
    },
    {
      "type": "Feature",
      "properties": {
        "name": "Merpati",
        "operator": "TransJakarta"
      },
      "geometry": {
        "type": "Point",
        "coordinates": [
          106.844971,
          -6.2321864
        ]
      }
    },
    {
      "type": "Feature",
      "properties": {
        "name": "Tebet Balai Sudirman",
        "operator": "TransJakarta"
      },
      "geometry": {
        "type": "Point",
        "coordinates": [
          106.8476257,
          -6.2269789
        ]
      }
    },
    {
      "type": "Feature",
      "properties": {
        "name": "Jalan Sawo III",
        "operator": "TransJakarta"
      },
      "geometry": {
        "type": "Point",
        "coordinates": [
          106.8441954,
          -6.2164323
        ]
      }
    },
    {
      "type": "Feature",
      "properties": {
        "name": "Jembatan Merah 1",
        "operator": "TransJakarta"
      },
      "geometry": {
        "type": "Point",
        "coordinates": [
          106.8462039,
          -6.2211601
        ]
      }
    },
    {
      "type": "Feature",
      "properties": {
        "name": "Soepomo",
        "operator": "TransJakarta"
      },
      "geometry": {
        "type": "Point",
        "coordinates": [
          106.8475087,
          -6.224772
        ]
      }
    },
    {
      "type": "Feature",
      "properties": {
        "name": "Keselamatan",
        "operator": "TransJakarta"
      },
      "geometry": {
        "type": "Point",
        "coordinates": [
          106.8474745,
          -6.2229564
        ]
      }
    },
    {
      "type": "Feature",
      "properties": {
        "name": "RS Budi Jaya",
        "operator": "TransJakarta"
      },
      "geometry": {
        "type": "Point",
        "coordinates": [
          106.8451881,
          -6.2187621
        ]
      }
    },
    {
      "type": "Feature",
      "properties": {
        "name": "Minangkabau",
        "operator": "TransJakarta"
      },
      "geometry": {
        "type": "Point",
        "coordinates": [
          106.8434803,
          -6.2141412
        ]
      }
    },
    {
      "type": "Feature",
      "properties": {
        "name": "Saharjo UGM",
        "operator": "TransJakarta"
      },
      "geometry": {
        "type": "Point",
        "coordinates": [
          106.8442727,
          -6.2145221
        ]
      }
    },
    {
      "type": "Feature",
      "properties": {
        "name": "Al Barkah",
        "operator": "TransJakarta"
      },
      "geometry": {
        "type": "Point",
        "coordinates": [
          106.8457725,
          -6.2198516
        ]
      }
    },
    {
      "type": "Feature",
      "properties": {
        "name": "Halte Kenari Mas",
        "operator": "TransJakarta"
      },
      "geometry": {
        "type": "Point",
        "coordinates": [
          106.8480789,
          -6.1914644
        ]
      }
    },
    {
      "type": "Feature",
      "properties": {
        "name": "Taman Menteng 1",
        "operator": "TransJakarta"
      },
      "geometry": {
        "type": "Point",
        "coordinates": [
          106.8302022,
          -6.1956112
        ]
      }
    },
    {
      "type": "Feature",
      "properties": {
        "name": "Halte Pertanian",
        "operator": "TransJakarta"
      },
      "geometry": {
        "type": "Point",
        "coordinates": [
          106.8489659,
          -6.1930711
        ]
      }
    },
    {
      "type": "Feature",
      "properties": {
        "name": "Halte SMKN",
        "operator": "TransJakarta"
      },
      "geometry": {
        "type": "Point",
        "coordinates": [
          106.8475969,
          -6.1904924
        ]
      }
    },
    {
      "type": "Feature",
      "properties": {
        "name": "M.H. Thamrin 2",
        "operator": "TransJakarta"
      },
      "geometry": {
        "type": "Point",
        "coordinates": [
          106.8228312,
          -6.1881997
        ]
      }
    },
    {
      "type": "Feature",
      "properties": {
        "name": "Karet Sudirman 1",
        "operator": "TransJakarta"
      },
      "geometry": {
        "type": "Point",
        "coordinates": [
          106.8199155,
          -6.2130738
        ]
      }
    },
    {
      "type": "Feature",
      "properties": {
        "name": "Jembatan Merah 2",
        "operator": "TransJakarta"
      },
      "geometry": {
        "type": "Point",
        "coordinates": [
          106.8344335,
          -6.1465607
        ]
      }
    },
    {
      "type": "Feature",
      "properties": {
        "name": "Kartika Chandra",
        "operator": "TransJakarta"
      },
      "geometry": {
        "type": "Point",
        "coordinates": [
          106.8188764,
          -6.2283032
        ]
      }
    },
    {
      "type": "Feature",
      "properties": {
        "name": "Menara Mulia",
        "operator": "TransJakarta"
      },
      "geometry": {
        "type": "Point",
        "coordinates": [
          106.8169139,
          -6.2255401
        ]
      }
    },
    {
      "type": "Feature",
      "properties": {
        "name": "Otorita Asahan",
        "operator": "TransJakarta"
      },
      "geometry": {
        "type": "Point",
        "coordinates": [
          106.8159028,
          -6.2239515
        ]
      }
    },
    {
      "type": "Feature",
      "properties": {
        "name": "JPO Blok G",
        "operator": "TransJakarta"
      },
      "geometry": {
        "type": "Point",
        "coordinates": [
          106.8113299,
          -6.1888408
        ]
      }
    },
    {
      "type": "Feature",
      "properties": {
        "name": "Pospol Jati Bunder",
        "operator": "TransJakarta"
      },
      "geometry": {
        "type": "Point",
        "coordinates": [
          106.8132332,
          -6.1896471
        ]
      }
    },
    {
      "type": "Feature",
      "properties": {
        "name": "Halte Imam Bonjol",
        "operator": "TransJakarta"
      },
      "geometry": {
        "type": "Point",
        "coordinates": [
          106.6193293,
          -6.2104548
        ]
      }
    },
    {
      "type": "Feature",
      "properties": {
        "name": "Halte Gebang Raya",
        "operator": "TransJakarta"
      },
      "geometry": {
        "type": "Point",
        "coordinates": [
          106.6009462,
          -6.1882939
        ]
      }
    },
    {
      "type": "Feature",
      "properties": {
        "name": "Goethe Institute",
        "operator": "TransJakarta"
      },
      "geometry": {
        "type": "Point",
        "coordinates": [
          106.8314819,
          -6.1894359
        ]
      }
    },
    {
      "type": "Feature",
      "properties": {
        "name": "Balai Kartini",
        "operator": "TransJakarta"
      },
      "geometry": {
        "type": "Point",
        "coordinates": [
          106.8246214,
          -6.2347131
        ]
      }
    },
    {
      "type": "Feature",
      "properties": {
        "name": "Theresia",
        "operator": "TransJakarta"
      },
      "geometry": {
        "type": "Point",
        "coordinates": [
          106.8293476,
          -6.1912756
        ]
      }
    },
    {
      "type": "Feature",
      "properties": {
        "name": "Bapindo Menteng",
        "operator": "TransJakarta"
      },
      "geometry": {
        "type": "Point",
        "coordinates": [
          106.8356078,
          -6.1870893
        ]
      }
    },
    {
      "type": "Feature",
      "properties": {
        "name": "Pasar Mede",
        "operator": "TransJakarta"
      },
      "geometry": {
        "type": "Point",
        "coordinates": [
          106.7955553,
          -6.2866952
        ]
      }
    },
    {
      "type": "Feature",
      "properties": {
        "name": "Jalan Banjarsari 2",
        "operator": "TransJakarta"
      },
      "geometry": {
        "type": "Point",
        "coordinates": [
          106.7951144,
          -6.291183
        ]
      }
    },
    {
      "type": "Feature",
      "properties": {
        "name": "Rumah Sakit Setia Mitra 2",
        "operator": "TransJakarta"
      },
      "geometry": {
        "type": "Point",
        "coordinates": [
          106.7961596,
          -6.2813846
        ]
      }
    },
    {
      "type": "Feature",
      "properties": {
        "name": "Golden Fatmawati",
        "operator": "TransJakarta"
      },
      "geometry": {
        "type": "Point",
        "coordinates": [
          106.7976225,
          -6.2766723
        ]
      }
    },
    {
      "type": "Feature",
      "properties": {
        "name": "Jalan Mangga",
        "operator": "TransJakarta"
      },
      "geometry": {
        "type": "Point",
        "coordinates": [
          106.7973504,
          -6.2705543
        ]
      }
    },
    {
      "type": "Feature",
      "properties": {
        "name": "Seberang ITC Fatmawati",
        "operator": "TransJakarta"
      },
      "geometry": {
        "type": "Point",
        "coordinates": [
          106.7969681,
          -6.2635572
        ]
      }
    },
    {
      "type": "Feature",
      "properties": {
        "name": "Jalan Bulungan 2",
        "operator": "TransJakarta"
      },
      "geometry": {
        "type": "Point",
        "coordinates": [
          106.7963693,
          -6.2397932
        ]
      }
    },
    {
      "type": "Feature",
      "properties": {
        "name": "Indosiar",
        "operator": "TransJakarta"
      },
      "geometry": {
        "type": "Point",
        "coordinates": [
          106.7970363,
          -6.1090992
        ]
      }
    },
    {
      "type": "Feature",
      "properties": {
        "name": "Halte 1 Rawabuntu",
        "operator": "TransJakarta"
      },
      "geometry": {
        "type": "Point",
        "coordinates": [
          106.6767592,
          -6.314069
        ]
      }
    },
    {
      "type": "Feature",
      "properties": {
        "name": "Stasiun Universitas Pancasila",
        "operator": "TransJakarta"
      },
      "geometry": {
        "type": "Point",
        "coordinates": [
          106.8339314,
          -6.3392369
        ]
      }
    },
    {
      "type": "Feature",
      "properties": {
        "name": "Halte Bus FWD",
        "operator": "TransJakarta"
      },
      "geometry": {
        "type": "Point",
        "coordinates": [
          106.8079468,
          -6.2276226
        ]
      }
    },
    {
      "type": "Feature",
      "properties": {
        "name": "Halte BEI",
        "operator": "TransJakarta"
      },
      "geometry": {
        "type": "Point",
        "coordinates": [
          106.8089922,
          -6.2243967
        ]
      }
    },
    {
      "type": "Feature",
      "properties": {
        "name": "Halte Artha Graha",
        "operator": "TransJakarta"
      },
      "geometry": {
        "type": "Point",
        "coordinates": [
          106.8106769,
          -6.2242451
        ]
      }
    },
    {
      "type": "Feature",
      "properties": {
        "name": "Jalan Sukabumi Selatan",
        "operator": "TransJakarta"
      },
      "geometry": {
        "type": "Point",
        "coordinates": [
          106.769352,
          -6.2167242
        ]
      }
    },
    {
      "type": "Feature",
      "properties": {
        "name": "Pancoran Tugu Arah Barat",
        "operator": "TransJakarta"
      },
      "geometry": {
        "type": "Point",
        "coordinates": [
          106.8438258,
          -6.2434995
        ]
      }
    },
    {
      "type": "Feature",
      "properties": {
        "name": "YTKI",
        "operator": "TransJakarta"
      },
      "geometry": {
        "type": "Point",
        "coordinates": [
          106.8241556,
          -6.2350953
        ]
      }
    },
    {
      "type": "Feature",
      "properties": {
        "name": "Stasiun Kalibata",
        "operator": "TransJakarta"
      },
      "geometry": {
        "type": "Point",
        "coordinates": [
          106.8548663,
          -6.2552255
        ]
      }
    },
    {
      "type": "Feature",
      "properties": {
        "name": "Halte Feeder Busway Fresh Market Citra Indah",
        "operator": "TransJakarta"
      },
      "geometry": {
        "type": "Point",
        "coordinates": [
          107.0413208,
          -6.4664271
        ]
      }
    },
    {
      "type": "Feature",
      "properties": {
        "name": "Halte Feeder Busway Citra Indah City Park",
        "operator": "TransJakarta"
      },
      "geometry": {
        "type": "Point",
        "coordinates": [
          107.0370632,
          -6.4837364
        ]
      }
    },
    {
      "type": "Feature",
      "properties": {
        "name": "Andara",
        "operator": "TransJakarta"
      },
      "geometry": {
        "type": "Point",
        "coordinates": [
          106.7999109,
          -6.3316689
        ]
      }
    },
    {
      "type": "Feature",
      "properties": {
        "name": "Sagu Atas",
        "operator": "TransJakarta"
      },
      "geometry": {
        "type": "Point",
        "coordinates": [
          106.8176769,
          -6.3172511
        ]
      }
    },
    {
      "type": "Feature",
      "properties": {
        "name": "Andara Raya",
        "operator": "TransJakarta"
      },
      "geometry": {
        "type": "Point",
        "coordinates": [
          106.8037006,
          -6.3145188
        ]
      }
    },
    {
      "type": "Feature",
      "properties": {
        "name": "Paso TK Rahmania",
        "operator": "TransJakarta"
      },
      "geometry": {
        "type": "Point",
        "coordinates": [
          106.8164272,
          -6.3162137
        ]
      }
    },
    {
      "type": "Feature",
      "properties": {
        "name": "Paso Raya",
        "operator": "TransJakarta"
      },
      "geometry": {
        "type": "Point",
        "coordinates": [
          106.8127363,
          -6.31592
        ]
      }
    },
    {
      "type": "Feature",
      "properties": {
        "name": "Gang Harapan I Jagakarsa",
        "operator": "TransJakarta"
      },
      "geometry": {
        "type": "Point",
        "coordinates": [
          106.8126985,
          -6.3134233
        ]
      }
    },
    {
      "type": "Feature",
      "properties": {
        "name": "Komplek Bukit Indah",
        "operator": "TransJakarta"
      },
      "geometry": {
        "type": "Point",
        "coordinates": [
          106.8106601,
          -6.3107524
        ]
      }
    },
    {
      "type": "Feature",
      "properties": {
        "name": "Pertigaan Kampung Kandang",
        "operator": "TransJakarta"
      },
      "geometry": {
        "type": "Point",
        "coordinates": [
          106.8130924,
          -6.3108193
        ]
      }
    },
    {
      "type": "Feature",
      "properties": {
        "name": "Sekolah Cita Buana",
        "operator": "TransJakarta"
      },
      "geometry": {
        "type": "Point",
        "coordinates": [
          106.8142725,
          -6.3162209
        ]
      }
    },
    {
      "type": "Feature",
      "properties": {
        "name": "Kahfi Raya",
        "operator": "TransJakarta"
      },
      "geometry": {
        "type": "Point",
        "coordinates": [
          106.8131638,
          -6.3117203
        ]
      }
    },
    {
      "type": "Feature",
      "properties": {
        "name": "Damai Musyawarah",
        "operator": "TransJakarta"
      },
      "geometry": {
        "type": "Point",
        "coordinates": [
          106.8057106,
          -6.3106295
        ]
      }
    },
    {
      "type": "Feature",
      "properties": {
        "name": "Pintu Barat Ragunan",
        "operator": "TransJakarta"
      },
      "geometry": {
        "type": "Point",
        "coordinates": [
          106.8162488,
          -6.3108435
        ]
      }
    },
    {
      "type": "Feature",
      "properties": {
        "name": "Puri Margasatwa",
        "operator": "TransJakarta"
      },
      "geometry": {
        "type": "Point",
        "coordinates": [
          106.8089142,
          -6.3116427
        ]
      }
    },
    {
      "type": "Feature",
      "properties": {
        "name": "Pringondani",
        "operator": "TransJakarta"
      },
      "geometry": {
        "type": "Point",
        "coordinates": [
          106.8068971,
          -6.3108141
        ]
      }
    },
    {
      "type": "Feature",
      "properties": {
        "name": "Pepaya 5",
        "operator": "TransJakarta"
      },
      "geometry": {
        "type": "Point",
        "coordinates": [
          106.8184651,
          -6.3206391
        ]
      }
    },
    {
      "type": "Feature",
      "properties": {
        "name": "Pertigaan Kebagusan Kelapa Hijau",
        "operator": "TransJakarta"
      },
      "geometry": {
        "type": "Point",
        "coordinates": [
          106.8237262,
          -6.3264054
        ]
      }
    },
    {
      "type": "Feature",
      "properties": {
        "name": "Puskesmas Pasar Minggu",
        "operator": "TransJakarta"
      },
      "geometry": {
        "type": "Point",
        "coordinates": [
          106.8253169,
          -6.320954
        ]
      }
    },
    {
      "type": "Feature",
      "properties": {
        "name": "Taman Spatudhea",
        "operator": "TransJakarta"
      },
      "geometry": {
        "type": "Point",
        "coordinates": [
          106.8243713,
          -6.3228581
        ]
      }
    },
    {
      "type": "Feature",
      "properties": {
        "name": "Kecapi Jagakarsa",
        "operator": "TransJakarta"
      },
      "geometry": {
        "type": "Point",
        "coordinates": [
          106.822274,
          -6.3265661
        ]
      }
    },
    {
      "type": "Feature",
      "properties": {
        "name": "Perempatan Kelurahan Lama",
        "operator": "TransJakarta"
      },
      "geometry": {
        "type": "Point",
        "coordinates": [
          106.820721,
          -6.3266247
        ]
      }
    },
    {
      "type": "Feature",
      "properties": {
        "name": "Pertigaan Sagu Pepaya",
        "operator": "TransJakarta"
      },
      "geometry": {
        "type": "Point",
        "coordinates": [
          106.8191221,
          -6.3176934
        ]
      }
    },
    {
      "type": "Feature",
      "properties": {
        "name": "Pertigaan Kebagusan Jagakarsa",
        "operator": "TransJakarta"
      },
      "geometry": {
        "type": "Point",
        "coordinates": [
          106.8240731,
          -6.3270278
        ]
      }
    },
    {
      "type": "Feature",
      "properties": {
        "name": "Masjid Jami Al Wiqoyah",
        "operator": "TransJakarta"
      },
      "geometry": {
        "type": "Point",
        "coordinates": [
          106.8235381,
          -6.3268196
        ]
      }
    },
    {
      "type": "Feature",
      "properties": {
        "name": "Koperasi",
        "operator": "TransJakarta"
      },
      "geometry": {
        "type": "Point",
        "coordinates": [
          106.8307272,
          -6.2860092
        ]
      }
    },
    {
      "type": "Feature",
      "properties": {
        "name": "Masjid Jami Al Nurul Huda",
        "operator": "TransJakarta"
      },
      "geometry": {
        "type": "Point",
        "coordinates": [
          106.8253551,
          -6.3142317
        ]
      }
    },
    {
      "type": "Feature",
      "properties": {
        "name": "SD Kebagusan 01",
        "operator": "TransJakarta"
      },
      "geometry": {
        "type": "Point",
        "coordinates": [
          106.8274426,
          -6.305343
        ]
      }
    },
    {
      "type": "Feature",
      "properties": {
        "name": "Karang Pola",
        "operator": "TransJakarta"
      },
      "geometry": {
        "type": "Point",
        "coordinates": [
          106.8314685,
          -6.2861751
        ]
      }
    },
    {
      "type": "Feature",
      "properties": {
        "name": "Pintu Timur Ragunan",
        "operator": "TransJakarta"
      },
      "geometry": {
        "type": "Point",
        "coordinates": [
          106.8256537,
          -6.3121488
        ]
      }
    },
    {
      "type": "Feature",
      "properties": {
        "name": "Kebagusan III",
        "operator": "TransJakarta"
      },
      "geometry": {
        "type": "Point",
        "coordinates": [
          106.826997,
          -6.3090808
        ]
      }
    },
    {
      "type": "Feature",
      "properties": {
        "name": "Halte Wisma Gapensi",
        "operator": "TransJakarta"
      },
      "geometry": {
        "type": "Point",
        "coordinates": [
          106.8299646,
          -6.2861664
        ]
      }
    },
    {
      "type": "Feature",
      "properties": {
        "name": "Gang Puskesmas Kebagusan Raya",
        "operator": "TransJakarta"
      },
      "geometry": {
        "type": "Point",
        "coordinates": [
          106.8273311,
          -6.296628
        ]
      }
    },
    {
      "type": "Feature",
      "properties": {
        "name": "SD Pelita Pagi Jatipadang",
        "operator": "TransJakarta"
      },
      "geometry": {
        "type": "Point",
        "coordinates": [
          106.8292914,
          -6.2866336
        ]
      }
    },
    {
      "type": "Feature",
      "properties": {
        "name": "Gang Haji Ja'anih",
        "operator": "TransJakarta"
      },
      "geometry": {
        "type": "Point",
        "coordinates": [
          106.8290695,
          -6.289353
        ]
      }
    },
    {
      "type": "Feature",
      "properties": {
        "name": "Jatipadang V",
        "operator": "TransJakarta"
      },
      "geometry": {
        "type": "Point",
        "coordinates": [
          106.8287587,
          -6.2927652
        ]
      }
    },
    {
      "type": "Feature",
      "properties": {
        "name": "Gang Salihan",
        "operator": "TransJakarta"
      },
      "geometry": {
        "type": "Point",
        "coordinates": [
          106.8283118,
          -6.2963512
        ]
      }
    },
    {
      "type": "Feature",
      "properties": {
        "name": "Halte Jalan Mujaer Raya",
        "operator": "TransJakarta"
      },
      "geometry": {
        "type": "Point",
        "coordinates": [
          106.8335332,
          -6.299453
        ]
      }
    },
    {
      "type": "Feature",
      "properties": {
        "name": "Seberang SMPN 166",
        "operator": "TransJakarta"
      },
      "geometry": {
        "type": "Point",
        "coordinates": [
          106.8193126,
          -6.32352
        ]
      }
    },
    {
      "type": "Feature",
      "properties": {
        "name": "SMAN 49",
        "operator": "TransJakarta"
      },
      "geometry": {
        "type": "Point",
        "coordinates": [
          106.8198821,
          -6.3247614
        ]
      }
    },
    {
      "type": "Feature",
      "properties": {
        "name": "Alfamidi Pepaya",
        "operator": "TransJakarta"
      },
      "geometry": {
        "type": "Point",
        "coordinates": [
          106.8185279,
          -6.3217559
        ]
      }
    },
    {
      "type": "Feature",
      "properties": {
        "name": "Komplek KPAD",
        "operator": "TransJakarta"
      },
      "geometry": {
        "type": "Point",
        "coordinates": [
          106.7271241,
          -6.2155343
        ]
      }
    },
    {
      "type": "Feature",
      "properties": {
        "name": "SMKN 57",
        "operator": "TransJakarta"
      },
      "geometry": {
        "type": "Point",
        "coordinates": [
          106.8235479,
          -6.291477
        ]
      }
    },
    {
      "type": "Feature",
      "properties": {
        "name": "SMPN 175",
        "operator": "TransJakarta"
      },
      "geometry": {
        "type": "Point",
        "coordinates": [
          106.8251141,
          -6.3194956
        ]
      }
    },
    {
      "type": "Feature",
      "properties": {
        "name": "Pertigaan Kelapa Peon",
        "operator": "TransJakarta"
      },
      "geometry": {
        "type": "Point",
        "coordinates": [
          106.8248828,
          -6.3178095
        ]
      }
    },
    {
      "type": "Feature",
      "properties": {
        "name": "KUA Pasar Minggu",
        "operator": "TransJakarta"
      },
      "geometry": {
        "type": "Point",
        "coordinates": [
          106.8262232,
          -6.3000585
        ]
      }
    },
    {
      "type": "Feature",
      "properties": {
        "name": "Gang Haji Bontong",
        "operator": "TransJakarta"
      },
      "geometry": {
        "type": "Point",
        "coordinates": [
          106.8242815,
          -6.3279879
        ]
      }
    },
    {
      "type": "Feature",
      "properties": {
        "name": "Pom Bensin Jagakarsa",
        "operator": "TransJakarta"
      },
      "geometry": {
        "type": "Point",
        "coordinates": [
          106.825093,
          -6.329123
        ]
      }
    },
    {
      "type": "Feature",
      "properties": {
        "name": "Kebagusan IV",
        "operator": "TransJakarta"
      },
      "geometry": {
        "type": "Point",
        "coordinates": [
          106.8253254,
          -6.3150083
        ]
      }
    },
    {
      "type": "Feature",
      "properties": {
        "name": "Sekolah Avicenna",
        "operator": "TransJakarta"
      },
      "geometry": {
        "type": "Point",
        "coordinates": [
          106.8295315,
          -6.3360827
        ]
      }
    },
    {
      "type": "Feature",
      "properties": {
        "name": "SDI Al Azhar Jagakarsa",
        "operator": "TransJakarta"
      },
      "geometry": {
        "type": "Point",
        "coordinates": [
          106.8262246,
          -6.3300107
        ]
      }
    },
    {
      "type": "Feature",
      "properties": {
        "name": "Desa Putra",
        "operator": "TransJakarta"
      },
      "geometry": {
        "type": "Point",
        "coordinates": [
          106.8284873,
          -6.3391225
        ]
      }
    },
    {
      "type": "Feature",
      "properties": {
        "name": "Pertigaan Moh.Kahfi Jeruk",
        "operator": "TransJakarta"
      },
      "geometry": {
        "type": "Point",
        "coordinates": [
          106.8269882,
          -6.3357647
        ]
      }
    },
    {
      "type": "Feature",
      "properties": {
        "name": "STIKES Bhakti Pertiwi Indonesia",
        "operator": "TransJakarta"
      },
      "geometry": {
        "type": "Point",
        "coordinates": [
          106.8271354,
          -6.3303768
        ]
      }
    },
    {
      "type": "Feature",
      "properties": {
        "name": "Masjid Al Birru",
        "operator": "TransJakarta"
      },
      "geometry": {
        "type": "Point",
        "coordinates": [
          106.8304138,
          -6.3366256
        ]
      }
    },
    {
      "type": "Feature",
      "properties": {
        "name": "Pertigaan Jagakarsa Jeruk",
        "operator": "TransJakarta"
      },
      "geometry": {
        "type": "Point",
        "coordinates": [
          106.8292358,
          -6.3309306
        ]
      }
    },
    {
      "type": "Feature",
      "properties": {
        "name": "Sekolah Perguruan Rakyat 1",
        "operator": "TransJakarta"
      },
      "geometry": {
        "type": "Point",
        "coordinates": [
          106.8262122,
          -6.3446602
        ]
      }
    },
    {
      "type": "Feature",
      "properties": {
        "name": "Seberang SMAN 38",
        "operator": "TransJakarta"
      },
      "geometry": {
        "type": "Point",
        "coordinates": [
          106.834789,
          -6.3358861
        ]
      }
    },
    {
      "type": "Feature",
      "properties": {
        "name": "Seberang TK Kartika VIII - 13",
        "operator": "TransJakarta"
      },
      "geometry": {
        "type": "Point",
        "coordinates": [
          106.8274004,
          -6.3452761
        ]
      }
    },
    {
      "type": "Feature",
      "properties": {
        "name": "Universitas Pancasila",
        "operator": "TransJakarta"
      },
      "geometry": {
        "type": "Point",
        "coordinates": [
          106.8333149,
          -6.3421821
        ]
      }
    },
    {
      "type": "Feature",
      "properties": {
        "name": "Jalan Cempaka Srengseng Sawah",
        "operator": "TransJakarta"
      },
      "geometry": {
        "type": "Point",
        "coordinates": [
          106.828222,
          -6.3446024
        ]
      }
    },
    {
      "type": "Feature",
      "properties": {
        "name": "Stasiun Lenteng Agung 2",
        "operator": "TransJakarta"
      },
      "geometry": {
        "type": "Point",
        "coordinates": [
          106.8346996,
          -6.3314186
        ]
      }
    },
    {
      "type": "Feature",
      "properties": {
        "name": "Pusdiklat BPS",
        "operator": "TransJakarta"
      },
      "geometry": {
        "type": "Point",
        "coordinates": [
          106.8314827,
          -6.3311739
        ]
      }
    },
    {
      "type": "Feature",
      "properties": {
        "name": "SDN Srengseng Sawah 07",
        "operator": "TransJakarta"
      },
      "geometry": {
        "type": "Point",
        "coordinates": [
          106.8309779,
          -6.3451062
        ]
      }
    },
    {
      "type": "Feature",
      "properties": {
        "name": "Pasar Jaya Lenteng Agung",
        "operator": "TransJakarta"
      },
      "geometry": {
        "type": "Point",
        "coordinates": [
          106.8330619,
          -6.331065
        ]
      }
    },
    {
      "type": "Feature",
      "properties": {
        "name": "Jagakarsa Stasiun Lenteng Agung",
        "operator": "TransJakarta"
      },
      "geometry": {
        "type": "Point",
        "coordinates": [
          106.8350503,
          -6.3323724
        ]
      }
    },
    {
      "type": "Feature",
      "properties": {
        "name": "Taman Stasiun Kalibata",
        "operator": "TransJakarta"
      },
      "geometry": {
        "type": "Point",
        "coordinates": [
          106.8553041,
          -6.2543426
        ]
      }
    },
    {
      "type": "Feature",
      "properties": {
        "name": "TK Kartika",
        "operator": "TransJakarta"
      },
      "geometry": {
        "type": "Point",
        "coordinates": [
          106.8557647,
          -6.2512876
        ]
      }
    },
    {
      "type": "Feature",
      "properties": {
        "name": "SMP 154",
        "operator": "TransJakarta"
      },
      "geometry": {
        "type": "Point",
        "coordinates": [
          106.8544875,
          -6.2504886
        ]
      }
    },
    {
      "type": "Feature",
      "properties": {
        "name": "Lapangan Sepakbola Komplek Polri",
        "operator": "TransJakarta"
      },
      "geometry": {
        "type": "Point",
        "coordinates": [
          106.8579071,
          -6.2483746
        ]
      }
    },
    {
      "type": "Feature",
      "properties": {
        "name": "Cikoko Timur 1",
        "operator": "TransJakarta"
      },
      "geometry": {
        "type": "Point",
        "coordinates": [
          106.8586299,
          -6.2443911
        ]
      }
    },
    {
      "type": "Feature",
      "properties": {
        "name": "Stasiun Cawang",
        "operator": "TransJakarta"
      },
      "geometry": {
        "type": "Point",
        "coordinates": [
          106.8585424,
          -6.2427216
        ]
      }
    },
    {
      "type": "Feature",
      "properties": {
        "name": "Pasar Kaget Pengadegan",
        "operator": "TransJakarta"
      },
      "geometry": {
        "type": "Point",
        "coordinates": [
          106.8565149,
          -6.2504764
        ]
      }
    },
    {
      "type": "Feature",
      "properties": {
        "name": "Klinik Kartika",
        "operator": "TransJakarta"
      },
      "geometry": {
        "type": "Point",
        "coordinates": [
          106.8551397,
          -6.251283
        ]
      }
    },
    {
      "type": "Feature",
      "properties": {
        "name": "Pengadegan Utara",
        "operator": "TransJakarta"
      },
      "geometry": {
        "type": "Point",
        "coordinates": [
          106.8586456,
          -6.2462124
        ]
      }
    },
    {
      "type": "Feature",
      "properties": {
        "name": "Pengadegan Utara",
        "operator": "TransJakarta"
      },
      "geometry": {
        "type": "Point",
        "coordinates": [
          106.8584707,
          -6.2467933
        ]
      }
    },
    {
      "type": "Feature",
      "properties": {
        "name": "Kavling Polri Blok E Jagakarsa",
        "operator": "TransJakarta"
      },
      "geometry": {
        "type": "Point",
        "coordinates": [
          106.8163642,
          -6.3143525
        ]
      }
    },
    {
      "type": "Feature",
      "properties": {
        "name": "Pool JakLingko JAK.46 + JAK.47",
        "operator": "TransJakarta"
      },
      "geometry": {
        "type": "Point",
        "coordinates": [
          106.8071289,
          -6.3617236
        ]
      }
    },
    {
      "type": "Feature",
      "properties": {
        "name": "Kavling Polri Blok H Jagakarsa",
        "operator": "TransJakarta"
      },
      "geometry": {
        "type": "Point",
        "coordinates": [
          106.8162845,
          -6.312285
        ]
      }
    },
    {
      "type": "Feature",
      "properties": {
        "name": "SMK Al Hidayah 1",
        "operator": "TransJakarta"
      },
      "geometry": {
        "type": "Point",
        "coordinates": [
          106.8137346,
          -6.3082827
        ]
      }
    },
    {
      "type": "Feature",
      "properties": {
        "name": "SPBU Cilandak KKO",
        "operator": "TransJakarta"
      },
      "geometry": {
        "type": "Point",
        "coordinates": [
          106.8155183,
          -6.2957787
        ]
      }
    },
    {
      "type": "Feature",
      "properties": {
        "name": "SDN Cilandak Timur 01",
        "operator": "TransJakarta"
      },
      "geometry": {
        "type": "Point",
        "coordinates": [
          106.8138892,
          -6.3063247
        ]
      }
    },
    {
      "type": "Feature",
      "properties": {
        "name": "Seberang RS Marinir Cilandak",
        "operator": "TransJakarta"
      },
      "geometry": {
        "type": "Point",
        "coordinates": [
          106.8140577,
          -6.3056797
        ]
      }
    },
    {
      "type": "Feature",
      "properties": {
        "name": "Jalan Kampung Utan Cilandak KKO",
        "operator": "TransJakarta"
      },
      "geometry": {
        "type": "Point",
        "coordinates": [
          106.8144007,
          -6.3019455
        ]
      }
    },
    {
      "type": "Feature",
      "properties": {
        "name": "Gang Cemara Cilandak KKO",
        "operator": "TransJakarta"
      },
      "geometry": {
        "type": "Point",
        "coordinates": [
          106.8147868,
          -6.2994034
        ]
      }
    },
    {
      "type": "Feature",
      "properties": {
        "name": "Universitas Tarumanagara Cilandak KKO",
        "operator": "TransJakarta"
      },
      "geometry": {
        "type": "Point",
        "coordinates": [
          106.8163291,
          -6.2935198
        ]
      }
    },
    {
      "type": "Feature",
      "properties": {
        "name": "Seberang Pintu Ragunan Barat",
        "operator": "TransJakarta"
      },
      "geometry": {
        "type": "Point",
        "coordinates": [
          106.8159194,
          -6.3102687
        ]
      }
    },
    {
      "type": "Feature",
      "properties": {
        "name": "Gang Borobudur Ragunan",
        "operator": "TransJakarta"
      },
      "geometry": {
        "type": "Point",
        "coordinates": [
          106.8167749,
          -6.3067611
        ]
      }
    },
    {
      "type": "Feature",
      "properties": {
        "name": "Gang Tamansari Ragunan",
        "operator": "TransJakarta"
      },
      "geometry": {
        "type": "Point",
        "coordinates": [
          106.8161303,
          -6.3054483
        ]
      }
    },
    {
      "type": "Feature",
      "properties": {
        "name": "Ragunan 2",
        "operator": "TransJakarta"
      },
      "geometry": {
        "type": "Point",
        "coordinates": [
          106.8185597,
          -6.3052474
        ]
      }
    },
    {
      "type": "Feature",
      "properties": {
        "name": "Rumah Sakit Zahirah",
        "operator": "TransJakarta"
      },
      "geometry": {
        "type": "Point",
        "coordinates": [
          106.8237595,
          -6.3354134
        ]
      }
    },
    {
      "type": "Feature",
      "properties": {
        "name": "Gang Musholla Ragunan",
        "operator": "TransJakarta"
      },
      "geometry": {
        "type": "Point",
        "coordinates": [
          106.8158531,
          -6.3082572
        ]
      }
    },
    {
      "type": "Feature",
      "properties": {
        "name": "Kantor Kecamatan Jagakarsa",
        "operator": "TransJakarta"
      },
      "geometry": {
        "type": "Point",
        "coordinates": [
          106.8213798,
          -6.3345002
        ]
      }
    },
    {
      "type": "Feature",
      "properties": {
        "name": "Gang Mangga",
        "operator": "TransJakarta"
      },
      "geometry": {
        "type": "Point",
        "coordinates": [
          106.8231694,
          -6.3351596
        ]
      }
    },
    {
      "type": "Feature",
      "properties": {
        "name": "Pertigaan Warungsila Rindang",
        "operator": "TransJakarta"
      },
      "geometry": {
        "type": "Point",
        "coordinates": [
          106.8116014,
          -6.3459577
        ]
      }
    },
    {
      "type": "Feature",
      "properties": {
        "name": "Jalan Persahabatan",
        "operator": "TransJakarta"
      },
      "geometry": {
        "type": "Point",
        "coordinates": [
          106.8104497,
          -6.3461081
        ]
      }
    },
    {
      "type": "Feature",
      "properties": {
        "name": "Halte Setu Babakan",
        "operator": "TransJakarta"
      },
      "geometry": {
        "type": "Point",
        "coordinates": [
          106.8216394,
          -6.3391835
        ]
      }
    },
    {
      "type": "Feature",
      "properties": {
        "name": "SMP SMA Bakti 17",
        "operator": "TransJakarta"
      },
      "geometry": {
        "type": "Point",
        "coordinates": [
          106.8096978,
          -6.3479452
        ]
      }
    },
    {
      "type": "Feature",
      "properties": {
        "name": "Pom Bensin Kahfi",
        "operator": "TransJakarta"
      },
      "geometry": {
        "type": "Point",
        "coordinates": [
          106.8178673,
          -6.3426777
        ]
      }
    },
    {
      "type": "Feature",
      "properties": {
        "name": "RS Ali Sibroh Malisi",
        "operator": "TransJakarta"
      },
      "geometry": {
        "type": "Point",
        "coordinates": [
          106.8141397,
          -6.3444081
        ]
      }
    },
    {
      "type": "Feature",
      "properties": {
        "name": "SDN Cipedak 04 & 03",
        "operator": "TransJakarta"
      },
      "geometry": {
        "type": "Point",
        "coordinates": [
          106.8093181,
          -6.3488794
        ]
      }
    },
    {
      "type": "Feature",
      "properties": {
        "name": "Perempatan Persahabatan Timbul",
        "operator": "TransJakarta"
      },
      "geometry": {
        "type": "Point",
        "coordinates": [
          106.8077442,
          -6.3508883
        ]
      }
    },
    {
      "type": "Feature",
      "properties": {
        "name": "Masjid Darussalam",
        "operator": "TransJakarta"
      },
      "geometry": {
        "type": "Point",
        "coordinates": [
          106.8101078,
          -6.3467091
        ]
      }
    },
    {
      "type": "Feature",
      "properties": {
        "name": "SDN Jagakarsa 03",
        "operator": "TransJakarta"
      },
      "geometry": {
        "type": "Point",
        "coordinates": [
          106.8202343,
          -6.3278036
        ]
      }
    },
    {
      "type": "Feature",
      "properties": {
        "name": "Puskesmas Ciganjur",
        "operator": "TransJakarta"
      },
      "geometry": {
        "type": "Point",
        "coordinates": [
          106.8062908,
          -6.3365029
        ]
      }
    },
    {
      "type": "Feature",
      "properties": {
        "name": "Masjid El Syifa",
        "operator": "TransJakarta"
      },
      "geometry": {
        "type": "Point",
        "coordinates": [
          106.8073937,
          -6.3331185
        ]
      }
    },
    {
      "type": "Feature",
      "properties": {
        "name": "RSUD Kecamatan Jagakarsa",
        "operator": "TransJakarta"
      },
      "geometry": {
        "type": "Point",
        "coordinates": [
          106.8116729,
          -6.3163712
        ]
      }
    },
    {
      "type": "Feature",
      "properties": {
        "name": "Masjid Assa'adatain",
        "operator": "TransJakarta"
      },
      "geometry": {
        "type": "Point",
        "coordinates": [
          106.8051699,
          -6.338499
        ]
      }
    },
    {
      "type": "Feature",
      "properties": {
        "name": "Gang Film",
        "operator": "TransJakarta"
      },
      "geometry": {
        "type": "Point",
        "coordinates": [
          106.8112064,
          -6.322348
        ]
      }
    },
    {
      "type": "Feature",
      "properties": {
        "name": "Daarul Aitam",
        "operator": "TransJakarta"
      },
      "geometry": {
        "type": "Point",
        "coordinates": [
          106.8114635,
          -6.3246093
        ]
      }
    },
    {
      "type": "Feature",
      "properties": {
        "name": "Jalan Kemenyan",
        "operator": "TransJakarta"
      },
      "geometry": {
        "type": "Point",
        "coordinates": [
          106.8051023,
          -6.3389994
        ]
      }
    },
    {
      "type": "Feature",
      "properties": {
        "name": "Masjid Jami Asy Syakirin",
        "operator": "TransJakarta"
      },
      "geometry": {
        "type": "Point",
        "coordinates": [
          106.8015233,
          -6.3512171
        ]
      }
    },
    {
      "type": "Feature",
      "properties": {
        "name": "Jalan Haji Aselih",
        "operator": "TransJakarta"
      },
      "geometry": {
        "type": "Point",
        "coordinates": [
          106.8015658,
          -6.3518407
        ]
      }
    },
    {
      "type": "Feature",
      "properties": {
        "name": "SDN 05 Cipedak",
        "operator": "TransJakarta"
      },
      "geometry": {
        "type": "Point",
        "coordinates": [
          106.801156,
          -6.3548415
        ]
      }
    },
    {
      "type": "Feature",
      "properties": {
        "name": "SMPN 131",
        "operator": "TransJakarta"
      },
      "geometry": {
        "type": "Point",
        "coordinates": [
          106.8017391,
          -6.3621938
        ]
      }
    },
    {
      "type": "Feature",
      "properties": {
        "name": "Madrasah Aliyah Citra Cendekia",
        "operator": "TransJakarta"
      },
      "geometry": {
        "type": "Point",
        "coordinates": [
          106.8005762,
          -6.3579361
        ]
      }
    },
    {
      "type": "Feature",
      "properties": {
        "name": "Gang Haji Amsar",
        "operator": "TransJakarta"
      },
      "geometry": {
        "type": "Point",
        "coordinates": [
          106.8036677,
          -6.3454183
        ]
      }
    },
    {
      "type": "Feature",
      "properties": {
        "name": "Taman Buni",
        "operator": "TransJakarta"
      },
      "geometry": {
        "type": "Point",
        "coordinates": [
          106.808281,
          -6.3310494
        ]
      }
    },
    {
      "type": "Feature",
      "properties": {
        "name": "Yayasan Islam Al Makmur",
        "operator": "TransJakarta"
      },
      "geometry": {
        "type": "Point",
        "coordinates": [
          106.8047559,
          -6.3403889
        ]
      }
    },
    {
      "type": "Feature",
      "properties": {
        "name": "SMP El Syifa",
        "operator": "TransJakarta"
      },
      "geometry": {
        "type": "Point",
        "coordinates": [
          106.8069841,
          -6.334092
        ]
      }
    },
    {
      "type": "Feature",
      "properties": {
        "name": "Gang Haji Na'awih",
        "operator": "TransJakarta"
      },
      "geometry": {
        "type": "Point",
        "coordinates": [
          106.8110213,
          -6.326243
        ]
      }
    },
    {
      "type": "Feature",
      "properties": {
        "name": "Masjid Daarul Iman",
        "operator": "TransJakarta"
      },
      "geometry": {
        "type": "Point",
        "coordinates": [
          106.8046231,
          -6.3417326
        ]
      }
    },
    {
      "type": "Feature",
      "properties": {
        "name": "Pertigaan Herman Susilo",
        "operator": "TransJakarta"
      },
      "geometry": {
        "type": "Point",
        "coordinates": [
          106.8108926,
          -6.3269703
        ]
      }
    },
    {
      "type": "Feature",
      "properties": {
        "name": "Pertigaan Brigif Warungsila",
        "operator": "TransJakarta"
      },
      "geometry": {
        "type": "Point",
        "coordinates": [
          106.8040179,
          -6.3447508
        ]
      }
    },
    {
      "type": "Feature",
      "properties": {
        "name": "Pom Bensin Kahfi 1",
        "operator": "TransJakarta"
      },
      "geometry": {
        "type": "Point",
        "coordinates": [
          106.8017905,
          -6.3500482
        ]
      }
    },
    {
      "type": "Feature",
      "properties": {
        "name": "Madrasah Aliyah Citra Cendekia",
        "operator": "TransJakarta"
      },
      "geometry": {
        "type": "Point",
        "coordinates": [
          106.8007801,
          -6.3575198
        ]
      }
    },
    {
      "type": "Feature",
      "properties": {
        "name": "Jalan Kramat",
        "operator": "TransJakarta"
      },
      "geometry": {
        "type": "Point",
        "coordinates": [
          106.8032727,
          -6.3635802
        ]
      }
    },
    {
      "type": "Feature",
      "properties": {
        "name": "Manggar 2",
        "operator": "TransJakarta"
      },
      "geometry": {
        "type": "Point",
        "coordinates": [
          106.8027624,
          -6.3632398
        ]
      }
    },
    {
      "type": "Feature",
      "properties": {
        "name": "Simpang Brigif",
        "operator": "TransJakarta"
      },
      "geometry": {
        "type": "Point",
        "coordinates": [
          106.8042832,
          -6.3431171
        ]
      }
    },
    {
      "type": "Feature",
      "properties": {
        "name": "Masjid Al Akhyar",
        "operator": "TransJakarta"
      },
      "geometry": {
        "type": "Point",
        "coordinates": [
          106.8112435,
          -6.3180074
        ]
      }
    },
    {
      "type": "Feature",
      "properties": {
        "name": "Tanah Baru",
        "operator": "TransJakarta"
      },
      "geometry": {
        "type": "Point",
        "coordinates": [
          106.8069589,
          -6.3634426
        ]
      }
    },
    {
      "type": "Feature",
      "properties": {
        "name": "Jalan Intan",
        "operator": "TransJakarta"
      },
      "geometry": {
        "type": "Point",
        "coordinates": [
          106.7987063,
          -6.2926108
        ]
      }
    },
    {
      "type": "Feature",
      "properties": {
        "name": "Permata Hijau RS Medika 2",
        "operator": "TransJakarta"
      },
      "geometry": {
        "type": "Point",
        "coordinates": [
          106.7769712,
          -6.2180695
        ]
      }
    },
    {
      "type": "Feature",
      "properties": {
        "name": "STM Cendrawasih",
        "operator": "TransJakarta"
      },
      "geometry": {
        "type": "Point",
        "coordinates": [
          106.7740118,
          -6.216454
        ]
      }
    },
    {
      "type": "Feature",
      "properties": {
        "name": "Konsil Kedokteran Indonesia",
        "operator": "TransJakarta"
      },
      "geometry": {
        "type": "Point",
        "coordinates": [
          106.8364781,
          -6.1944159
        ]
      }
    },
    {
      "type": "Feature",
      "properties": {
        "name": "SMAN 28",
        "operator": "TransJakarta"
      },
      "geometry": {
        "type": "Point",
        "coordinates": [
          106.8331957,
          -6.2860703
        ]
      }
    },
    {
      "type": "Feature",
      "properties": {
        "name": "Kecamatan Pasar Minggu",
        "operator": "TransJakarta"
      },
      "geometry": {
        "type": "Point",
        "coordinates": [
          106.8352428,
          -6.2855369
        ]
      }
    },
    {
      "type": "Feature",
      "properties": {
        "name": "TTI Center",
        "operator": "TransJakarta"
      },
      "geometry": {
        "type": "Point",
        "coordinates": [
          106.8339101,
          -6.286234
        ]
      }
    },
    {
      "type": "Feature",
      "properties": {
        "name": "Direktorat Jenderal Holtikultura",
        "operator": "TransJakarta"
      },
      "geometry": {
        "type": "Point",
        "coordinates": [
          106.8393406,
          -6.2855572
        ]
      }
    },
    {
      "type": "Feature",
      "properties": {
        "name": "Litbang Pertanian",
        "operator": "TransJakarta"
      },
      "geometry": {
        "type": "Point",
        "coordinates": [
          106.837324,
          -6.2852688
        ]
      }
    },
    {
      "type": "Feature",
      "properties": {
        "name": "UNAS",
        "operator": "TransJakarta"
      },
      "geometry": {
        "type": "Point",
        "coordinates": [
          106.8397312,
          -6.2791906
        ]
      }
    },
    {
      "type": "Feature",
      "properties": {
        "name": "Jalan Murai II",
        "operator": "TransJakarta"
      },
      "geometry": {
        "type": "Point",
        "coordinates": [
          106.8254687,
          -6.2876556
        ]
      }
    },
    {
      "type": "Feature",
      "properties": {
        "name": "Graha Simatupang",
        "operator": "TransJakarta"
      },
      "geometry": {
        "type": "Point",
        "coordinates": [
          106.8297615,
          -6.2971454
        ]
      }
    },
    {
      "type": "Feature",
      "properties": {
        "name": "SDN 14 Ragunan",
        "operator": "TransJakarta"
      },
      "geometry": {
        "type": "Point",
        "coordinates": [
          106.8263861,
          -6.2980112
        ]
      }
    },
    {
      "type": "Feature",
      "properties": {
        "name": "Graha Pejaten",
        "operator": "TransJakarta"
      },
      "geometry": {
        "type": "Point",
        "coordinates": [
          106.8418923,
          -6.2773874
        ]
      }
    },
    {
      "type": "Feature",
      "properties": {
        "name": "Flyover Pondok Kopi",
        "operator": "TransJakarta"
      },
      "geometry": {
        "type": "Point",
        "coordinates": [
          106.9389821,
          -6.217739
        ]
      }
    },
    {
      "type": "Feature",
      "properties": {
        "name": "Jalan Timbul Raya",
        "operator": "TransJakarta"
      },
      "geometry": {
        "type": "Point",
        "coordinates": [
          106.803039,
          -6.350278
        ]
      }
    },
    {
      "type": "Feature",
      "properties": {
        "name": "Jalan Putra III Jagakarsa",
        "operator": "TransJakarta"
      },
      "geometry": {
        "type": "Point",
        "coordinates": [
          106.831529,
          -6.3355478
        ]
      }
    },
    {
      "type": "Feature",
      "properties": {
        "name": "Jalan Kebembem",
        "operator": "TransJakarta"
      },
      "geometry": {
        "type": "Point",
        "coordinates": [
          106.8226331,
          -6.3383212
        ]
      }
    },
    {
      "type": "Feature",
      "properties": {
        "name": "Pertigaan Kahfi II Sirsak",
        "operator": "TransJakarta"
      },
      "geometry": {
        "type": "Point",
        "coordinates": [
          106.8254698,
          -6.3361505
        ]
      }
    },
    {
      "type": "Feature",
      "properties": {
        "name": "Gang Haji Ganan",
        "operator": "TransJakarta"
      },
      "geometry": {
        "type": "Point",
        "coordinates": [
          106.8191081,
          -6.3354767
        ]
      }
    },
    {
      "type": "Feature",
      "properties": {
        "name": "SDN 05 Jagakarsa",
        "operator": "TransJakarta"
      },
      "geometry": {
        "type": "Point",
        "coordinates": [
          106.8185749,
          -6.3367517
        ]
      }
    },
    {
      "type": "Feature",
      "properties": {
        "name": "Pertigaan Balai Pertemuan Warga",
        "operator": "TransJakarta"
      },
      "geometry": {
        "type": "Point",
        "coordinates": [
          106.795858,
          -6.3508236
        ]
      }
    },
    {
      "type": "Feature",
      "properties": {
        "name": "Gang Haji Mesir",
        "operator": "TransJakarta"
      },
      "geometry": {
        "type": "Point",
        "coordinates": [
          106.8157015,
          -6.3376061
        ]
      }
    },
    {
      "type": "Feature",
      "properties": {
        "name": "Gang Haji Mesir",
        "operator": "TransJakarta"
      },
      "geometry": {
        "type": "Point",
        "coordinates": [
          106.8165437,
          -6.3380383
        ]
      }
    },
    {
      "type": "Feature",
      "properties": {
        "name": "Jalan Sadar Raya",
        "operator": "TransJakarta"
      },
      "geometry": {
        "type": "Point",
        "coordinates": [
          106.8126035,
          -6.3427803
        ]
      }
    },
    {
      "type": "Feature",
      "properties": {
        "name": "Simpang Sadar Raya Montong",
        "operator": "TransJakarta"
      },
      "geometry": {
        "type": "Point",
        "coordinates": [
          106.8135056,
          -6.3380101
        ]
      }
    },
    {
      "type": "Feature",
      "properties": {
        "name": "Casamora Rawa Cupang",
        "operator": "TransJakarta"
      },
      "geometry": {
        "type": "Point",
        "coordinates": [
          106.8179193,
          -6.338173
        ]
      }
    },
    {
      "type": "Feature",
      "properties": {
        "name": "Waduk Brigif",
        "operator": "TransJakarta"
      },
      "geometry": {
        "type": "Point",
        "coordinates": [
          106.7985107,
          -6.351604
        ]
      }
    },
    {
      "type": "Feature",
      "properties": {
        "name": "Pool Aselih JAK.64",
        "operator": "TransJakarta"
      },
      "geometry": {
        "type": "Point",
        "coordinates": [
          106.7957576,
          -6.3477706
        ]
      }
    },
    {
      "type": "Feature",
      "properties": {
        "name": "Madrasah Ibtidaiyah Negeri 8 Srengseng Sawah",
        "operator": "TransJakarta"
      },
      "geometry": {
        "type": "Point",
        "coordinates": [
          106.8259593,
          -6.3359092
        ]
      }
    },
    {
      "type": "Feature",
      "properties": {
        "name": "Pasar Minggu",
        "operator": "TransJakarta"
      },
      "geometry": {
        "type": "Point",
        "coordinates": [
          106.844159,
          -6.2844078
        ]
      }
    },
    {
      "type": "Feature",
      "properties": {
        "name": "Pool 9H Transjakarta - Cipedak",
        "operator": "TransJakarta"
      },
      "geometry": {
        "type": "Point",
        "coordinates": [
          106.8094385,
          -6.3564874
        ]
      }
    },
    {
      "type": "Feature",
      "properties": {
        "name": "Bona Indah",
        "operator": "TransJakarta"
      },
      "geometry": {
        "type": "Point",
        "coordinates": [
          106.7805267,
          -6.3011484
        ]
      }
    },
    {
      "type": "Feature",
      "properties": {
        "name": "Andara Margasatwa 3",
        "operator": "TransJakarta"
      },
      "geometry": {
        "type": "Point",
        "coordinates": [
          106.803438,
          -6.3128557
        ]
      }
    },
    {
      "type": "Feature",
      "properties": {
        "name": "Simpang Bango Margasatwa",
        "operator": "TransJakarta"
      },
      "geometry": {
        "type": "Point",
        "coordinates": [
          106.8034487,
          -6.3102086
        ]
      }
    },
    {
      "type": "Feature",
      "properties": {
        "name": "Al Jabr Islamic Scholl",
        "operator": "TransJakarta"
      },
      "geometry": {
        "type": "Point",
        "coordinates": [
          106.8036854,
          -6.308403
        ]
      }
    },
    {
      "type": "Feature",
      "properties": {
        "name": "Perempatan Tridharma Raya",
        "operator": "TransJakarta"
      },
      "geometry": {
        "type": "Point",
        "coordinates": [
          106.8045786,
          -6.3030595
        ]
      }
    },
    {
      "type": "Feature",
      "properties": {
        "name": "Pinang Kalijati 1",
        "operator": "TransJakarta"
      },
      "geometry": {
        "type": "Point",
        "coordinates": [
          106.801024,
          -6.3062492
        ]
      }
    },
    {
      "type": "Feature",
      "properties": {
        "name": "SMAN 56",
        "operator": "TransJakarta"
      },
      "geometry": {
        "type": "Point",
        "coordinates": [
          106.8037544,
          -6.3061977
        ]
      }
    },
    {
      "type": "Feature",
      "properties": {
        "name": "Yayasan Panti Nugraha",
        "operator": "TransJakarta"
      },
      "geometry": {
        "type": "Point",
        "coordinates": [
          106.8039676,
          -6.3046976
        ]
      }
    },
    {
      "type": "Feature",
      "properties": {
        "name": "MTSN 19",
        "operator": "TransJakarta"
      },
      "geometry": {
        "type": "Point",
        "coordinates": [
          106.8015514,
          -6.3049446
        ]
      }
    },
    {
      "type": "Feature",
      "properties": {
        "name": "Gang H. Ahmad Nado",
        "operator": "TransJakarta"
      },
      "geometry": {
        "type": "Point",
        "coordinates": [
          106.8023544,
          -6.304358
        ]
      }
    },
    {
      "type": "Feature",
      "properties": {
        "name": "Jalan Pinang IV",
        "operator": "TransJakarta"
      },
      "geometry": {
        "type": "Point",
        "coordinates": [
          106.800826,
          -6.3074926
        ]
      }
    },
    {
      "type": "Feature",
      "properties": {
        "name": "SMP Dharma Putra Nusantara",
        "operator": "TransJakarta"
      },
      "geometry": {
        "type": "Point",
        "coordinates": [
          106.8003457,
          -6.3074543
        ]
      }
    },
    {
      "type": "Feature",
      "properties": {
        "name": "Komplek DDN",
        "operator": "TransJakarta"
      },
      "geometry": {
        "type": "Point",
        "coordinates": [
          106.7989873,
          -6.3033842
        ]
      }
    },
    {
      "type": "Feature",
      "properties": {
        "name": "Sekolah Charitas",
        "operator": "TransJakarta"
      },
      "geometry": {
        "type": "Point",
        "coordinates": [
          106.7987937,
          -6.3049742
        ]
      }
    },
    {
      "type": "Feature",
      "properties": {
        "name": "Kelurahan Pondok Labu",
        "operator": "TransJakarta"
      },
      "geometry": {
        "type": "Point",
        "coordinates": [
          106.7986768,
          -6.3064406
        ]
      }
    },
    {
      "type": "Feature",
      "properties": {
        "name": "Jalan Menara II",
        "operator": "TransJakarta"
      },
      "geometry": {
        "type": "Point",
        "coordinates": [
          106.7295931,
          -6.2153025
        ]
      }
    },
    {
      "type": "Feature",
      "properties": {
        "name": "Joglo Raya",
        "operator": "TransJakarta"
      },
      "geometry": {
        "type": "Point",
        "coordinates": [
          106.7406447,
          -6.2202651
        ]
      }
    },
    {
      "type": "Feature",
      "properties": {
        "name": "Joglo",
        "operator": "TransJakarta"
      },
      "geometry": {
        "type": "Point",
        "coordinates": [
          106.7416429,
          -6.2200306
        ]
      }
    },
    {
      "type": "Feature",
      "properties": {
        "name": "Perempatan Srengseng Joglo",
        "operator": "TransJakarta"
      },
      "geometry": {
        "type": "Point",
        "coordinates": [
          106.7589467,
          -6.2175075
        ]
      }
    },
    {
      "type": "Feature",
      "properties": {
        "name": "Jalan Kebon Nanas",
        "operator": "TransJakarta"
      },
      "geometry": {
        "type": "Point",
        "coordinates": [
          106.7813906,
          -6.2203354
        ]
      }
    },
    {
      "type": "Feature",
      "properties": {
        "name": "Permata Hijau RS Medika 1",
        "operator": "TransJakarta"
      },
      "geometry": {
        "type": "Point",
        "coordinates": [
          106.7781976,
          -6.2189584
        ]
      }
    },
    {
      "type": "Feature",
      "properties": {
        "name": "Gang Haji Mansur",
        "operator": "TransJakarta"
      },
      "geometry": {
        "type": "Point",
        "coordinates": [
          106.738871,
          -6.220283
        ]
      }
    },
    {
      "type": "Feature",
      "properties": {
        "name": "Komplek DPR RI Joglo",
        "operator": "TransJakarta"
      },
      "geometry": {
        "type": "Point",
        "coordinates": [
          106.737356,
          -6.2189625
        ]
      }
    },
    {
      "type": "Feature",
      "properties": {
        "name": "Kelurahan Meruya Selatan",
        "operator": "TransJakarta"
      },
      "geometry": {
        "type": "Point",
        "coordinates": [
          106.7365829,
          -6.2148362
        ]
      }
    },
    {
      "type": "Feature",
      "properties": {
        "name": "Pasar Pondok Labu",
        "operator": "TransJakarta"
      },
      "geometry": {
        "type": "Point",
        "coordinates": [
          106.7940991,
          -6.3120408
        ]
      }
    },
    {
      "type": "Feature",
      "properties": {
        "name": "Haji Sa'aba Raya",
        "operator": "TransJakarta"
      },
      "geometry": {
        "type": "Point",
        "coordinates": [
          106.7373733,
          -6.2148633
        ]
      }
    },
    {
      "type": "Feature",
      "properties": {
        "name": "SMPN 85",
        "operator": "TransJakarta"
      },
      "geometry": {
        "type": "Point",
        "coordinates": [
          106.7952284,
          -6.3123693
        ]
      }
    },
    {
      "type": "Feature",
      "properties": {
        "name": "Halte Bus FWD",
        "operator": "TransJakarta"
      },
      "geometry": {
        "type": "Point",
        "coordinates": [
          106.8074745,
          -6.2271997
        ]
      }
    },
    {
      "type": "Feature",
      "properties": {
        "name": "Plaza Stasiun Manggarai",
        "operator": "TransJakarta"
      },
      "geometry": {
        "type": "Point",
        "coordinates": [
          106.8509528,
          -6.2102568
        ]
      }
    },
    {
      "type": "Feature",
      "properties": {
        "name": "Ujung Menteng",
        "operator": "TransJakarta"
      },
      "geometry": {
        "type": "Point",
        "coordinates": [
          106.9653027,
          -6.1893655
        ]
      }
    },
    {
      "type": "Feature",
      "properties": {
        "name": "Tipar Cakung",
        "operator": "TransJakarta"
      },
      "geometry": {
        "type": "Point",
        "coordinates": [
          106.9247611,
          -6.1834149
        ]
      }
    },
    {
      "type": "Feature",
      "properties": {
        "name": "Tanah Apit",
        "operator": "TransJakarta"
      },
      "geometry": {
        "type": "Point",
        "coordinates": [
          106.9760878,
          -6.1827547
        ]
      }
    },
    {
      "type": "Feature",
      "properties": {
        "name": "Raya Bekasi Pulogebang",
        "operator": "TransJakarta"
      },
      "geometry": {
        "type": "Point",
        "coordinates": [
          106.9603767,
          -6.187704
        ]
      }
    },
    {
      "type": "Feature",
      "properties": {
        "name": "Rawa Terate",
        "operator": "TransJakarta"
      },
      "geometry": {
        "type": "Point",
        "coordinates": [
          106.915612,
          -6.182622
        ]
      }
    },
    {
      "type": "Feature",
      "properties": {
        "name": "Kota Harapan Indah 2",
        "operator": "TransJakarta"
      },
      "geometry": {
        "type": "Point",
        "coordinates": [
          106.9735941,
          -6.193824
        ]
      }
    },
    {
      "type": "Feature",
      "properties": {
        "name": "Kejaksaan Agung",
        "operator": "TransJakarta"
      },
      "geometry": {
        "type": "Point",
        "coordinates": [
          106.7984459,
          -6.2404546
        ]
      }
    },
    {
      "type": "Feature",
      "properties": {
        "name": "JIEXPO Kemayoran",
        "operator": "TransJakarta"
      },
      "geometry": {
        "type": "Point",
        "coordinates": [
          106.8486625,
          -6.1448357
        ]
      }
    },
    {
      "type": "Feature",
      "properties": {
        "name": "Cakung United Tractors",
        "operator": "TransJakarta"
      },
      "geometry": {
        "type": "Point",
        "coordinates": [
          106.9300202,
          -6.18324
        ]
      }
    },
    {
      "type": "Feature",
      "properties": {
        "name": "Cakung Cilincing",
        "operator": "TransJakarta"
      },
      "geometry": {
        "type": "Point",
        "coordinates": [
          106.9420551,
          -6.1841825
        ]
      }
    },
    {
      "type": "Feature",
      "properties": {
        "name": "ASEAN",
        "operator": "TransJakarta"
      },
      "geometry": {
        "type": "Point",
        "coordinates": [
          106.7991046,
          -6.2399162
        ]
      }
    },
    {
      "type": "Feature",
      "properties": {
        "name": "Timur Stasiun Manggarai",
        "operator": "TransJakarta"
      },
      "geometry": {
        "type": "Point",
        "coordinates": [
          106.8510981,
          -6.2097738
        ]
      }
    },
    {
      "type": "Feature",
      "properties": {
        "name": "Direktorat Jenderal Energi Terbarukan dan Konversi Energi",
        "operator": "TransJakarta"
      },
      "geometry": {
        "type": "Point",
        "coordinates": [
          106.8409224,
          -6.1976912
        ]
      }
    },
    {
      "type": "Feature",
      "properties": {
        "name": "Andara (Pool JAK.44)",
        "operator": "TransJakarta"
      },
      "geometry": {
        "type": "Point",
        "coordinates": [
          106.8005002,
          -6.3282052
        ]
      }
    },
    {
      "type": "Feature",
      "properties": {
        "name": "LIPI Cikini",
        "operator": "TransJakarta"
      },
      "geometry": {
        "type": "Point",
        "coordinates": [
          106.8414868,
          -6.1923593
        ]
      }
    },
    {
      "type": "Feature",
      "properties": {
        "name": "Yayasan Perguruan Cikini",
        "operator": "TransJakarta"
      },
      "geometry": {
        "type": "Point",
        "coordinates": [
          106.8396855,
          -6.194833
        ]
      }
    },
    {
      "type": "Feature",
      "properties": {
        "name": "PTUN",
        "operator": "TransJakarta"
      },
      "geometry": {
        "type": "Point",
        "coordinates": [
          106.840325,
          -6.1963987
        ]
      }
    },
    {
      "type": "Feature",
      "properties": {
        "name": "Pintu Air Menteng",
        "operator": "TransJakarta"
      },
      "geometry": {
        "type": "Point",
        "coordinates": [
          106.8326234,
          -6.1959841
        ]
      }
    },
    {
      "type": "Feature",
      "properties": {
        "name": "DPD Golkar",
        "operator": "TransJakarta"
      },
      "geometry": {
        "type": "Point",
        "coordinates": [
          106.8401418,
          -6.1973957
        ]
      }
    },
    {
      "type": "Feature",
      "properties": {
        "name": "Halte TransJakarta",
        "operator": "TransJakarta"
      },
      "geometry": {
        "type": "Point",
        "coordinates": [
          106.8299787,
          -6.2051799
        ]
      }
    },
    {
      "type": "Feature",
      "properties": {
        "name": "RSIA Bunda",
        "operator": "TransJakarta"
      },
      "geometry": {
        "type": "Point",
        "coordinates": [
          106.8367099,
          -6.1967495
        ]
      }
    },
    {
      "type": "Feature",
      "properties": {
        "name": "Jalan Teuku Umar",
        "operator": "TransJakarta"
      },
      "geometry": {
        "type": "Point",
        "coordinates": [
          106.8336456,
          -6.1961558
        ]
      }
    },
    {
      "type": "Feature",
      "properties": {
        "name": "SDN Srengseng Sawah 01",
        "operator": "TransJakarta"
      },
      "geometry": {
        "type": "Point",
        "coordinates": [
          106.8339481,
          -6.332799
        ]
      }
    },
    {
      "type": "Feature",
      "properties": {
        "name": "IBI-K 57",
        "operator": "TransJakarta"
      },
      "geometry": {
        "type": "Point",
        "coordinates": [
          106.8330074,
          -6.3340486
        ]
      }
    },
    {
      "type": "Feature",
      "properties": {
        "name": "Halte Pondok Cina",
        "operator": "TransJakarta"
      },
      "geometry": {
        "type": "Point",
        "coordinates": [
          106.8336046,
          -6.3705416
        ]
      }
    },
    {
      "type": "Feature",
      "properties": {
        "name": "Jalan H. Tphir",
        "operator": "TransJakarta"
      },
      "geometry": {
        "type": "Point",
        "coordinates": [
          106.833561,
          -6.3289282
        ]
      }
    },
    {
      "type": "Feature",
      "properties": {
        "name": "Gang H. Ali",
        "operator": "TransJakarta"
      },
      "geometry": {
        "type": "Point",
        "coordinates": [
          106.8332489,
          -6.3274768
        ]
      }
    },
    {
      "type": "Feature",
      "properties": {
        "name": "Masjid Jami Al Barkah",
        "operator": "TransJakarta"
      },
      "geometry": {
        "type": "Point",
        "coordinates": [
          106.8339163,
          -6.3265947
        ]
      }
    },
    {
      "type": "Feature",
      "properties": {
        "name": "Stasiun Lenteng Agung 1",
        "operator": "TransJakarta"
      },
      "geometry": {
        "type": "Point",
        "coordinates": [
          106.8354179,
          -6.3308141
        ]
      }
    },
    {
      "type": "Feature",
      "properties": {
        "name": "Wijaya Kusuma",
        "operator": "TransJakarta"
      },
      "geometry": {
        "type": "Point",
        "coordinates": [
          106.8356885,
          -6.3330978
        ]
      }
    },
    {
      "type": "Feature",
      "properties": {
        "name": "Gang Durian",
        "operator": "TransJakarta"
      },
      "geometry": {
        "type": "Point",
        "coordinates": [
          106.8349238,
          -6.3373513
        ]
      }
    },
    {
      "type": "Feature",
      "properties": {
        "name": "Stasiun Pancasila",
        "operator": "TransJakarta"
      },
      "geometry": {
        "type": "Point",
        "coordinates": [
          106.8345545,
          -6.3389819
        ]
      }
    },
    {
      "type": "Feature",
      "properties": {
        "name": "Persimpangan Lenteng Agung",
        "operator": "TransJakarta"
      },
      "geometry": {
        "type": "Point",
        "coordinates": [
          106.8353153,
          -6.3357317
        ]
      }
    },
    {
      "type": "Feature",
      "properties": {
        "name": "Gang Sumarso",
        "operator": "TransJakarta"
      },
      "geometry": {
        "type": "Point",
        "coordinates": [
          106.8344738,
          -6.3373075
        ]
      }
    },
    {
      "type": "Feature",
      "properties": {
        "name": "Seberang Gang Robaya",
        "operator": "TransJakarta"
      },
      "geometry": {
        "type": "Point",
        "coordinates": [
          106.8283314,
          -6.3331506
        ]
      }
    },
    {
      "type": "Feature",
      "properties": {
        "name": "Rumah Sakit Aulia",
        "operator": "TransJakarta"
      },
      "geometry": {
        "type": "Point",
        "coordinates": [
          106.8275369,
          -6.3345776
        ]
      }
    },
    {
      "type": "Feature",
      "properties": {
        "name": "Seberang Rumah Sakit Aulia",
        "operator": "TransJakarta"
      },
      "geometry": {
        "type": "Point",
        "coordinates": [
          106.827164,
          -6.3352088
        ]
      }
    },
    {
      "type": "Feature",
      "properties": {
        "name": "Simpang Pinang 1 Pondok Labu",
        "operator": "TransJakarta"
      },
      "geometry": {
        "type": "Point",
        "coordinates": [
          106.7957296,
          -6.3091279
        ]
      }
    },
    {
      "type": "Feature",
      "properties": {
        "name": "Graha Werdatama Pondok Labu",
        "operator": "TransJakarta"
      },
      "geometry": {
        "type": "Point",
        "coordinates": [
          106.7947118,
          -6.3091324
        ]
      }
    },
    {
      "type": "Feature",
      "properties": {
        "name": "Pinang 3B",
        "operator": "TransJakarta"
      },
      "geometry": {
        "type": "Point",
        "coordinates": [
          106.797955,
          -6.3081366
        ]
      }
    },
    {
      "type": "Feature",
      "properties": {
        "name": "Masjid Jami' Darussalam",
        "operator": "TransJakarta"
      },
      "geometry": {
        "type": "Point",
        "coordinates": [
          106.7987103,
          -6.307681
        ]
      }
    },
    {
      "type": "Feature",
      "properties": {
        "name": "Taman DDN",
        "operator": "TransJakarta"
      },
      "geometry": {
        "type": "Point",
        "coordinates": [
          106.7963705,
          -6.3125617
        ]
      }
    },
    {
      "type": "Feature",
      "properties": {
        "name": "Kel. Kenari",
        "operator": "TransJakarta"
      },
      "geometry": {
        "type": "Point",
        "coordinates": [
          106.843301,
          -6.1908179
        ]
      }
    },
    {
      "type": "Feature",
      "properties": {
        "name": "Simpang Cilandak Margasatwa KKO",
        "operator": "TransJakarta"
      },
      "geometry": {
        "type": "Point",
        "coordinates": [
          106.8137493,
          -6.3104355
        ]
      }
    },
    {
      "type": "Feature",
      "properties": {
        "name": "Jalan Srengseng Sawah 1",
        "operator": "TransJakarta"
      },
      "geometry": {
        "type": "Point",
        "coordinates": [
          106.8315074,
          -6.3449796
        ]
      }
    },
    {
      "type": "Feature",
      "properties": {
        "name": "SMAN 109",
        "operator": "TransJakarta"
      },
      "geometry": {
        "type": "Point",
        "coordinates": [
          106.8335245,
          -6.3447979
        ]
      }
    },
    {
      "type": "Feature",
      "properties": {
        "name": "Halte Universitas Indonesia",
        "operator": "TransJakarta"
      },
      "geometry": {
        "type": "Point",
        "coordinates": [
          106.832433,
          -6.3524436
        ]
      }
    },
    {
      "type": "Feature",
      "properties": {
        "name": "Gang Berdikari",
        "operator": "TransJakarta"
      },
      "geometry": {
        "type": "Point",
        "coordinates": [
          106.8331285,
          -6.3435997
        ]
      }
    },
    {
      "type": "Feature",
      "properties": {
        "name": "Syibi",
        "operator": "TransJakarta"
      },
      "geometry": {
        "type": "Point",
        "coordinates": [
          106.832765,
          -6.3503717
        ]
      }
    },
    {
      "type": "Feature",
      "properties": {
        "name": "Cikini Raya",
        "operator": "TransJakarta"
      },
      "geometry": {
        "type": "Point",
        "coordinates": [
          106.8446587,
          -6.1900082
        ]
      }
    },
    {
      "type": "Feature",
      "properties": {
        "name": "Halte SMP Negeri 1 Jakarta",
        "operator": "TransJakarta"
      },
      "geometry": {
        "type": "Point",
        "coordinates": [
          106.838948,
          -6.1928159
        ]
      }
    },
    {
      "type": "Feature",
      "properties": {
        "name": "IKJ",
        "operator": "TransJakarta"
      },
      "geometry": {
        "type": "Point",
        "coordinates": [
          106.8407818,
          -6.1874305
        ]
      }
    },
    {
      "type": "Feature",
      "properties": {
        "name": "Batu Merah IV",
        "operator": "TransJakarta"
      },
      "geometry": {
        "type": "Point",
        "coordinates": [
          106.8517632,
          -6.2621238
        ]
      }
    },
    {
      "type": "Feature",
      "properties": {
        "name": "Stasiun Duren Kalibata 1",
        "operator": "TransJakarta"
      },
      "geometry": {
        "type": "Point",
        "coordinates": [
          106.8542203,
          -6.2555521
        ]
      }
    },
    {
      "type": "Feature",
      "properties": {
        "name": "Kalibata City 1",
        "operator": "TransJakarta"
      },
      "geometry": {
        "type": "Point",
        "coordinates": [
          106.8540395,
          -6.2559977
        ]
      }
    },
    {
      "type": "Feature",
      "properties": {
        "name": "Kalibata City 2",
        "operator": "TransJakarta"
      },
      "geometry": {
        "type": "Point",
        "coordinates": [
          106.8518795,
          -6.2558263
        ]
      }
    },
    {
      "type": "Feature",
      "properties": {
        "name": "Rawajati Barat",
        "operator": "TransJakarta"
      },
      "geometry": {
        "type": "Point",
        "coordinates": [
          106.854621,
          -6.2560445
        ]
      }
    },
    {
      "type": "Feature",
      "properties": {
        "name": "Plaza Kalibata",
        "operator": "TransJakarta"
      },
      "geometry": {
        "type": "Point",
        "coordinates": [
          106.8556777,
          -6.2564481
        ]
      }
    },
    {
      "type": "Feature",
      "properties": {
        "name": "Kaca Jendela 2",
        "operator": "TransJakarta"
      },
      "geometry": {
        "type": "Point",
        "coordinates": [
          106.8529434,
          -6.2604999
        ]
      }
    },
    {
      "type": "Feature",
      "properties": {
        "name": "Mal Kalibata",
        "operator": "TransJakarta"
      },
      "geometry": {
        "type": "Point",
        "coordinates": [
          106.8546579,
          -6.2566252
        ]
      }
    },
    {
      "type": "Feature",
      "properties": {
        "name": "Gang Kober",
        "operator": "TransJakarta"
      },
      "geometry": {
        "type": "Point",
        "coordinates": [
          106.8536451,
          -6.2588548
        ]
      }
    },
    {
      "type": "Feature",
      "properties": {
        "name": "Halte Rawajati",
        "operator": "TransJakarta"
      },
      "geometry": {
        "type": "Point",
        "coordinates": [
          106.852732,
          -6.2611493
        ]
      }
    },
    {
      "type": "Feature",
      "properties": {
        "name": "Kalibata Indah",
        "operator": "TransJakarta"
      },
      "geometry": {
        "type": "Point",
        "coordinates": [
          106.8521176,
          -6.2624967
        ]
      }
    },
    {
      "type": "Feature",
      "properties": {
        "name": "Stasiun Pasar Minggu Baru",
        "operator": "TransJakarta"
      },
      "geometry": {
        "type": "Point",
        "coordinates": [
          106.8517517,
          -6.2631251
        ]
      }
    },
    {
      "type": "Feature",
      "properties": {
        "name": "Halte Pospol Rawajati",
        "operator": "TransJakarta"
      },
      "geometry": {
        "type": "Point",
        "coordinates": [
          106.8513379,
          -6.2642648
        ]
      }
    },
    {
      "type": "Feature",
      "properties": {
        "name": "One Belpark 1",
        "operator": "TransJakarta"
      },
      "geometry": {
        "type": "Point",
        "coordinates": [
          106.794501,
          -6.3047015
        ]
      }
    },
    {
      "type": "Feature",
      "properties": {
        "name": "Karang Tengah Raya",
        "operator": "TransJakarta"
      },
      "geometry": {
        "type": "Point",
        "coordinates": [
          106.7814327,
          -6.303417
        ]
      }
    },
    {
      "type": "Feature",
      "properties": {
        "name": "Kebon Jeruk",
        "operator": "TransJakarta"
      },
      "geometry": {
        "type": "Point",
        "coordinates": [
          106.7687698,
          -6.1944935
        ]
      }
    },
    {
      "type": "Feature",
      "properties": {
        "name": "RS Siloam",
        "operator": "TransJakarta"
      },
      "geometry": {
        "type": "Point",
        "coordinates": [
          106.7629788,
          -6.1904326
        ]
      }
    },
    {
      "type": "Feature",
      "properties": {
        "name": "Perjuangan Raya",
        "operator": "TransJakarta"
      },
      "geometry": {
        "type": "Point",
        "coordinates": [
          106.761864,
          -6.1905378
        ]
      }
    },
    {
      "type": "Feature",
      "properties": {
        "name": "Haji Sa'aba",
        "operator": "TransJakarta"
      },
      "geometry": {
        "type": "Point",
        "coordinates": [
          106.7250649,
          -6.2142815
        ]
      }
    },
    {
      "type": "Feature",
      "properties": {
        "name": "Meruya Selatan (Pool JAK.30)",
        "operator": "TransJakarta"
      },
      "geometry": {
        "type": "Point",
        "coordinates": [
          106.7249259,
          -6.2133049
        ]
      }
    },
    {
      "type": "Feature",
      "properties": {
        "name": "Komplek Mawar",
        "operator": "TransJakarta"
      },
      "geometry": {
        "type": "Point",
        "coordinates": [
          106.7255276,
          -6.2153934
        ]
      }
    },
    {
      "type": "Feature",
      "properties": {
        "name": "Komplek DPR RI III",
        "operator": "TransJakarta"
      },
      "geometry": {
        "type": "Point",
        "coordinates": [
          106.7330104,
          -6.2149566
        ]
      }
    },
    {
      "type": "Feature",
      "properties": {
        "name": "Halte Gang Jengkol",
        "operator": "TransJakarta"
      },
      "geometry": {
        "type": "Point",
        "coordinates": [
          106.7299632,
          -6.2189726
        ]
      }
    },
    {
      "type": "Feature",
      "properties": {
        "name": "Agus Salim",
        "operator": "TransJakarta"
      },
      "geometry": {
        "type": "Point",
        "coordinates": [
          106.8251087,
          -6.1865862
        ]
      }
    },
    {
      "type": "Feature",
      "properties": {
        "name": "Kebon Sirih Barat Dalam",
        "operator": "TransJakarta"
      },
      "geometry": {
        "type": "Point",
        "coordinates": [
          106.824847,
          -6.1843529
        ]
      }
    },
    {
      "type": "Feature",
      "properties": {
        "name": "Taman Ismail Marzuki",
        "operator": "TransJakarta"
      },
      "geometry": {
        "type": "Point",
        "coordinates": [
          106.8383332,
          -6.1910546
        ]
      }
    },
    {
      "type": "Feature",
      "properties": {
        "name": "Jln. Cikini 7",
        "operator": "TransJakarta"
      },
      "geometry": {
        "type": "Point",
        "coordinates": [
          106.8372396,
          -6.1884795
        ]
      }
    },
    {
      "type": "Feature",
      "properties": {
        "name": "Masjid Cut Meutia 2",
        "operator": "TransJakarta"
      },
      "geometry": {
        "type": "Point",
        "coordinates": [
          106.8337359,
          -6.1875021
        ]
      }
    },
    {
      "type": "Feature",
      "properties": {
        "name": "Halte BRI BPKP",
        "operator": "TransJakarta"
      },
      "geometry": {
        "type": "Point",
        "coordinates": [
          106.8703347,
          -6.1922682
        ]
      }
    },
    {
      "type": "Feature",
      "properties": {
        "name": "Gang Sawo",
        "operator": "TransJakarta"
      },
      "geometry": {
        "type": "Point",
        "coordinates": [
          106.8340478,
          -6.3409388
        ]
      }
    },
    {
      "type": "Feature",
      "properties": {
        "name": "TK Sekar Banysa",
        "operator": "TransJakarta"
      },
      "geometry": {
        "type": "Point",
        "coordinates": [
          106.8043999,
          -6.3044595
        ]
      }
    },
    {
      "type": "Feature",
      "properties": {
        "name": "Dapsus 2",
        "operator": "TransJakarta"
      },
      "geometry": {
        "type": "Point",
        "coordinates": [
          106.7946225,
          -6.3017459
        ]
      }
    },
    {
      "type": "Feature",
      "properties": {
        "name": "One Belpark 2",
        "operator": "TransJakarta"
      },
      "geometry": {
        "type": "Point",
        "coordinates": [
          106.7944512,
          -6.3037638
        ]
      }
    },
    {
      "type": "Feature",
      "properties": {
        "name": "Dapsus 1",
        "operator": "TransJakarta"
      },
      "geometry": {
        "type": "Point",
        "coordinates": [
          106.7947946,
          -6.3010734
        ]
      }
    },
    {
      "type": "Feature",
      "properties": {
        "name": "Jalan Wijaya Kusuma",
        "operator": "TransJakarta"
      },
      "geometry": {
        "type": "Point",
        "coordinates": [
          106.7950815,
          -6.3017002
        ]
      }
    },
    {
      "type": "Feature",
      "properties": {
        "name": "Halte Lebak Bulus II",
        "operator": "TransJakarta"
      },
      "geometry": {
        "type": "Point",
        "coordinates": [
          106.794671,
          -6.2985305
        ]
      }
    },
    {
      "type": "Feature",
      "properties": {
        "name": "Fatmawati Festival",
        "operator": "TransJakarta"
      },
      "geometry": {
        "type": "Point",
        "coordinates": [
          106.7947509,
          -6.2978189
        ]
      }
    },
    {
      "type": "Feature",
      "properties": {
        "name": "Kantor Pos Fatmawati",
        "operator": "TransJakarta"
      },
      "geometry": {
        "type": "Point",
        "coordinates": [
          106.7950433,
          -6.2944122
        ]
      }
    },
    {
      "type": "Feature",
      "properties": {
        "name": "Jalan Pinang Raya",
        "operator": "TransJakarta"
      },
      "geometry": {
        "type": "Point",
        "coordinates": [
          106.7937556,
          -6.3089474
        ]
      }
    },
    {
      "type": "Feature",
      "properties": {
        "name": "Teuku Nyak Arif",
        "operator": "TransJakarta"
      },
      "geometry": {
        "type": "Point",
        "coordinates": [
          106.7891787,
          -6.2312097
        ]
      }
    },
    {
      "type": "Feature",
      "properties": {
        "name": "Gedung Pertamina",
        "operator": "TransJakarta"
      },
      "geometry": {
        "type": "Point",
        "coordinates": [
          106.7896915,
          -6.2305147
        ]
      }
    },
    {
      "type": "Feature",
      "properties": {
        "name": "Halte Ir. H. Juanda Bojongherang",
        "operator": "TransJakarta"
      },
      "geometry": {
        "type": "Point",
        "coordinates": [
          107.1308881,
          -6.8142015
        ]
      }
    },
    {
      "type": "Feature",
      "properties": {
        "name": "Kebayoran Baru Velbak 2",
        "operator": "TransJakarta"
      },
      "geometry": {
        "type": "Point",
        "coordinates": [
          106.7852043,
          -6.2392692
        ]
      }
    },
    {
      "type": "Feature",
      "properties": {
        "name": "SDN Kebayoran Lama Utara",
        "operator": "TransJakarta"
      },
      "geometry": {
        "type": "Point",
        "coordinates": [
          106.7837809,
          -6.2373249
        ]
      }
    },
    {
      "type": "Feature",
      "properties": {
        "name": "Jalan Laksana",
        "operator": "TransJakarta"
      },
      "geometry": {
        "type": "Point",
        "coordinates": [
          106.784851,
          -6.3111065
        ]
      }
    },
    {
      "type": "Feature",
      "properties": {
        "name": "Gang Haji Irih",
        "operator": "TransJakarta"
      },
      "geometry": {
        "type": "Point",
        "coordinates": [
          106.7809977,
          -6.3101272
        ]
      }
    },
    {
      "type": "Feature",
      "properties": {
        "name": "Karang Indah",
        "operator": "TransJakarta"
      },
      "geometry": {
        "type": "Point",
        "coordinates": [
          106.7818501,
          -6.3065587
        ]
      }
    },
    {
      "type": "Feature",
      "properties": {
        "name": "Lebak Bulus Indah",
        "operator": "TransJakarta"
      },
      "geometry": {
        "type": "Point",
        "coordinates": [
          106.7763926,
          -6.2973555
        ]
      }
    },
    {
      "type": "Feature",
      "properties": {
        "name": "Halte Pasar Jumat",
        "operator": "TransJakarta"
      },
      "geometry": {
        "type": "Point",
        "coordinates": [
          106.771022,
          -6.2911651
        ]
      }
    },
    {
      "type": "Feature",
      "properties": {
        "name": "Pusat Jajanan Kuliner Kampung Kandang",
        "operator": "TransJakarta"
      },
      "geometry": {
        "type": "Point",
        "coordinates": [
          106.8141726,
          -6.3107588
        ]
      }
    },
    {
      "type": "Feature",
      "properties": {
        "name": "Komplek Damkar Jagakarsa",
        "operator": "TransJakarta"
      },
      "geometry": {
        "type": "Point",
        "coordinates": [
          106.8117248,
          -6.3149681
        ]
      }
    },
    {
      "type": "Feature",
      "properties": {
        "name": "Semar",
        "operator": "TransJakarta"
      },
      "geometry": {
        "type": "Point",
        "coordinates": [
          106.8039033,
          -6.3104272
        ]
      }
    },
    {
      "type": "Feature",
      "properties": {
        "name": "Politeknik Kesehatan DKI",
        "operator": "TransJakarta"
      },
      "geometry": {
        "type": "Point",
        "coordinates": [
          106.7903912,
          -6.3020336
        ]
      }
    },
    {
      "type": "Feature",
      "properties": {
        "name": "Haji Syafii 1",
        "operator": "TransJakarta"
      },
      "geometry": {
        "type": "Point",
        "coordinates": [
          106.7924839,
          -6.3019075
        ]
      }
    },
    {
      "type": "Feature",
      "properties": {
        "name": "Gunung Balong 1",
        "operator": "TransJakarta"
      },
      "geometry": {
        "type": "Point",
        "coordinates": [
          106.7881226,
          -6.3025692
        ]
      }
    },
    {
      "type": "Feature",
      "properties": {
        "name": "GPIB Sumber Kasih",
        "operator": "TransJakarta"
      },
      "geometry": {
        "type": "Point",
        "coordinates": [
          106.7863168,
          -6.3028186
        ]
      }
    },
    {
      "type": "Feature",
      "properties": {
        "name": "Manunggal Kantor Lurah Lebak Bulus",
        "operator": "TransJakarta"
      },
      "geometry": {
        "type": "Point",
        "coordinates": [
          106.7848758,
          -6.3030901
        ]
      }
    },
    {
      "type": "Feature",
      "properties": {
        "name": "SD Negeri 01/06/07 Pagi",
        "operator": "TransJakarta"
      },
      "geometry": {
        "type": "Point",
        "coordinates": [
          106.7836419,
          -6.3034959
        ]
      }
    },
    {
      "type": "Feature",
      "properties": {
        "name": "TK SD Al Barkah",
        "operator": "TransJakarta"
      },
      "geometry": {
        "type": "Point",
        "coordinates": [
          106.7811809,
          -6.3019684
        ]
      }
    },
    {
      "type": "Feature",
      "properties": {
        "name": "Adhyaksa VI",
        "operator": "TransJakarta"
      },
      "geometry": {
        "type": "Point",
        "coordinates": [
          106.7778125,
          -6.2988428
        ]
      }
    },
    {
      "type": "Feature",
      "properties": {
        "name": "Masjid Jami Al Barkah",
        "operator": "TransJakarta"
      },
      "geometry": {
        "type": "Point",
        "coordinates": [
          106.7798157,
          -6.300339
        ]
      }
    },
    {
      "type": "Feature",
      "properties": {
        "name": "BBPK Kemenkes DKI",
        "operator": "TransJakarta"
      },
      "geometry": {
        "type": "Point",
        "coordinates": [
          106.797978,
          -6.3019225
        ]
      }
    },
    {
      "type": "Feature",
      "properties": {
        "name": "Gang Haji Emur",
        "operator": "TransJakarta"
      },
      "geometry": {
        "type": "Point",
        "coordinates": [
          106.7961258,
          -6.3018631
        ]
      }
    },
    {
      "type": "Feature",
      "properties": {
        "name": "Wijaya Kusuma 2",
        "operator": "TransJakarta"
      },
      "geometry": {
        "type": "Point",
        "coordinates": [
          106.7979952,
          -6.3030336
        ]
      }
    },
    {
      "type": "Feature",
      "properties": {
        "name": "BonaVista",
        "operator": "TransJakarta"
      },
      "geometry": {
        "type": "Point",
        "coordinates": [
          106.7831337,
          -6.2975435
        ]
      }
    },
    {
      "type": "Feature",
      "properties": {
        "name": "Gedung Hijau Raya",
        "operator": "TransJakarta"
      },
      "geometry": {
        "type": "Point",
        "coordinates": [
          106.7766954,
          -6.276224
        ]
      }
    },
    {
      "type": "Feature",
      "properties": {
        "name": "Masjid Jami Al Falah",
        "operator": "TransJakarta"
      },
      "geometry": {
        "type": "Point",
        "coordinates": [
          106.7752157,
          -6.2742413
        ]
      }
    },
    {
      "type": "Feature",
      "properties": {
        "name": "Jalan Lapangan Hijau",
        "operator": "TransJakarta"
      },
      "geometry": {
        "type": "Point",
        "coordinates": [
          106.7784029,
          -6.2794443
        ]
      }
    },
    {
      "type": "Feature",
      "properties": {
        "name": "Pertamina Bina Medika",
        "operator": "TransJakarta"
      },
      "geometry": {
        "type": "Point",
        "coordinates": [
          106.7738997,
          -6.2531405
        ]
      }
    },
    {
      "type": "Feature",
      "properties": {
        "name": "Jalan Nimun Raya",
        "operator": "TransJakarta"
      },
      "geometry": {
        "type": "Point",
        "coordinates": [
          106.7734363,
          -6.2532129
        ]
      }
    },
    {
      "type": "Feature",
      "properties": {
        "name": "Jalan Bendi Baru",
        "operator": "TransJakarta"
      },
      "geometry": {
        "type": "Point",
        "coordinates": [
          106.7765811,
          -6.2533489
        ]
      }
    },
    {
      "type": "Feature",
      "properties": {
        "name": "Jalan Pelita",
        "operator": "TransJakarta"
      },
      "geometry": {
        "type": "Point",
        "coordinates": [
          106.778238,
          -6.2508301
        ]
      }
    },
    {
      "type": "Feature",
      "properties": {
        "name": "Hotel Ambhara Blok M",
        "operator": "TransJakarta"
      },
      "geometry": {
        "type": "Point",
        "coordinates": [
          106.8032186,
          -6.2435464
        ]
      }
    },
    {
      "type": "Feature",
      "properties": {
        "name": "Ampera 4",
        "operator": "TransJakarta"
      },
      "geometry": {
        "type": "Point",
        "coordinates": [
          106.8172012,
          -6.2914005
        ]
      }
    },
    {
      "type": "Feature",
      "properties": {
        "name": "Halte Jalan A",
        "operator": "TransJakarta"
      },
      "geometry": {
        "type": "Point",
        "coordinates": [
          106.819291,
          -6.2831998
        ]
      }
    },
    {
      "type": "Feature",
      "properties": {
        "name": "Arsip Nasional RI 2",
        "operator": "TransJakarta"
      },
      "geometry": {
        "type": "Point",
        "coordinates": [
          106.8200137,
          -6.2793868
        ]
      }
    },
    {
      "type": "Feature",
      "properties": {
        "name": "PLN Corporate University 1",
        "operator": "TransJakarta"
      },
      "geometry": {
        "type": "Point",
        "coordinates": [
          106.8211432,
          -6.3003688
        ]
      }
    },
    {
      "type": "Feature",
      "properties": {
        "name": "Bumi Perkemahan Ragunan",
        "operator": "TransJakarta"
      },
      "geometry": {
        "type": "Point",
        "coordinates": [
          106.8215299,
          -6.2958314
        ]
      }
    },
    {
      "type": "Feature",
      "properties": {
        "name": "Kementerian Pertanian",
        "operator": "TransJakarta"
      },
      "geometry": {
        "type": "Point",
        "coordinates": [
          106.8212617,
          -6.2972182
        ]
      }
    },
    {
      "type": "Feature",
      "properties": {
        "name": "Pengadilan Negeri Jakarta 1",
        "operator": "TransJakarta"
      },
      "geometry": {
        "type": "Point",
        "coordinates": [
          106.8194702,
          -6.2817827
        ]
      }
    },
    {
      "type": "Feature",
      "properties": {
        "name": "Kemang Raya 40",
        "operator": "TransJakarta"
      },
      "geometry": {
        "type": "Point",
        "coordinates": [
          106.8160136,
          -6.2654175
        ]
      }
    },
    {
      "type": "Feature",
      "properties": {
        "name": "Sekolah Sumbangsih",
        "operator": "TransJakarta"
      },
      "geometry": {
        "type": "Point",
        "coordinates": [
          106.8177054,
          -6.2899661
        ]
      }
    },
    {
      "type": "Feature",
      "properties": {
        "name": "Jalan Kenanga",
        "operator": "TransJakarta"
      },
      "geometry": {
        "type": "Point",
        "coordinates": [
          106.8184855,
          -6.2874969
        ]
      }
    },
    {
      "type": "Feature",
      "properties": {
        "name": "STPDN",
        "operator": "TransJakarta"
      },
      "geometry": {
        "type": "Point",
        "coordinates": [
          106.8189852,
          -6.2843246
        ]
      }
    },
    {
      "type": "Feature",
      "properties": {
        "name": "Simpang Kemang Selatan 1",
        "operator": "TransJakarta"
      },
      "geometry": {
        "type": "Point",
        "coordinates": [
          106.8206528,
          -6.274222
        ]
      }
    },
    {
      "type": "Feature",
      "properties": {
        "name": "Pertigaan Pejaten Barat",
        "operator": "TransJakarta"
      },
      "geometry": {
        "type": "Point",
        "coordinates": [
          106.8206835,
          -6.275418
        ]
      }
    },
    {
      "type": "Feature",
      "properties": {
        "name": "Jalan Pedurenan",
        "operator": "TransJakarta"
      },
      "geometry": {
        "type": "Point",
        "coordinates": [
          106.8203067,
          -6.2772669
        ]
      }
    },
    {
      "type": "Feature",
      "properties": {
        "name": "Plaza Kemang 88",
        "operator": "TransJakarta"
      },
      "geometry": {
        "type": "Point",
        "coordinates": [
          106.8153937,
          -6.2702795
        ]
      }
    },
    {
      "type": "Feature",
      "properties": {
        "name": "Jalan Mushola",
        "operator": "TransJakarta"
      },
      "geometry": {
        "type": "Point",
        "coordinates": [
          106.8187346,
          -6.2737502
        ]
      }
    },
    {
      "type": "Feature",
      "properties": {
        "name": "Villa Ampera",
        "operator": "TransJakarta"
      },
      "geometry": {
        "type": "Point",
        "coordinates": [
          106.8159478,
          -6.2732013
        ]
      }
    },
    {
      "type": "Feature",
      "properties": {
        "name": "Kemang 4",
        "operator": "TransJakarta"
      },
      "geometry": {
        "type": "Point",
        "coordinates": [
          106.8153925,
          -6.2599775
        ]
      }
    },
    {
      "type": "Feature",
      "properties": {
        "name": "LPPI",
        "operator": "TransJakarta"
      },
      "geometry": {
        "type": "Point",
        "coordinates": [
          106.8158943,
          -6.2620309
        ]
      }
    },
    {
      "type": "Feature",
      "properties": {
        "name": "Kemang 8",
        "operator": "TransJakarta"
      },
      "geometry": {
        "type": "Point",
        "coordinates": [
          106.8155576,
          -6.2688016
        ]
      }
    },
    {
      "type": "Feature",
      "properties": {
        "name": "Simpang Kemang 1",
        "operator": "TransJakarta"
      },
      "geometry": {
        "type": "Point",
        "coordinates": [
          106.8150472,
          -6.2580621
        ]
      }
    },
    {
      "type": "Feature",
      "properties": {
        "name": "LPPI 1",
        "operator": "TransJakarta"
      },
      "geometry": {
        "type": "Point",
        "coordinates": [
          106.8156555,
          -6.261487
        ]
      }
    },
    {
      "type": "Feature",
      "properties": {
        "name": "Masjid Nurul Falah",
        "operator": "TransJakarta"
      },
      "geometry": {
        "type": "Point",
        "coordinates": [
          106.8133018,
          -6.2578789
        ]
      }
    },
    {
      "type": "Feature",
      "properties": {
        "name": "Simpang Kemang 1A",
        "operator": "TransJakarta"
      },
      "geometry": {
        "type": "Point",
        "coordinates": [
          106.8128837,
          -6.2566994
        ]
      }
    },
    {
      "type": "Feature",
      "properties": {
        "name": "Jalan Kemang 1",
        "operator": "TransJakarta"
      },
      "geometry": {
        "type": "Point",
        "coordinates": [
          106.811783,
          -6.2555763
        ]
      }
    },
    {
      "type": "Feature",
      "properties": {
        "name": "Jalan Taman Kemang",
        "operator": "TransJakarta"
      },
      "geometry": {
        "type": "Point",
        "coordinates": [
          106.8094792,
          -6.2553372
        ]
      }
    },
    {
      "type": "Feature",
      "properties": {
        "name": "Jalan Dharmawangsa Raya",
        "operator": "TransJakarta"
      },
      "geometry": {
        "type": "Point",
        "coordinates": [
          106.8062114,
          -6.2485022
        ]
      }
    },
    {
      "type": "Feature",
      "properties": {
        "name": "Puskesmas Kebayoran Baru",
        "operator": "TransJakarta"
      },
      "geometry": {
        "type": "Point",
        "coordinates": [
          106.805749,
          -6.2472673
        ]
      }
    },
    {
      "type": "Feature",
      "properties": {
        "name": "Simpang Dharmawangsa VIII",
        "operator": "TransJakarta"
      },
      "geometry": {
        "type": "Point",
        "coordinates": [
          106.805916,
          -6.2523809
        ]
      }
    },
    {
      "type": "Feature",
      "properties": {
        "name": "Halte Kantor Walikota Jakarta Selatan",
        "operator": "TransJakarta"
      },
      "geometry": {
        "type": "Point",
        "coordinates": [
          106.8079634,
          -6.2491061
        ]
      }
    },
    {
      "type": "Feature",
      "properties": {
        "name": "Graha Iskandarsyah",
        "operator": "TransJakarta"
      },
      "geometry": {
        "type": "Point",
        "coordinates": [
          106.8041524,
          -6.2447891
        ]
      }
    },
    {
      "type": "Feature",
      "properties": {
        "name": "Kelurahan Pulo",
        "operator": "TransJakarta"
      },
      "geometry": {
        "type": "Point",
        "coordinates": [
          106.8097352,
          -6.2508216
        ]
      }
    },
    {
      "type": "Feature",
      "properties": {
        "name": "Taman Kemang Raya",
        "operator": "TransJakarta"
      },
      "geometry": {
        "type": "Point",
        "coordinates": [
          106.8102857,
          -6.2552272
        ]
      }
    },
    {
      "type": "Feature",
      "properties": {
        "name": "Seberang Jalan Kemang II",
        "operator": "TransJakarta"
      },
      "geometry": {
        "type": "Point",
        "coordinates": [
          106.8149831,
          -6.2564788
        ]
      }
    },
    {
      "type": "Feature",
      "properties": {
        "name": "Gedung Kemang",
        "operator": "TransJakarta"
      },
      "geometry": {
        "type": "Point",
        "coordinates": [
          106.8122506,
          -6.2556109
        ]
      }
    },
    {
      "type": "Feature",
      "properties": {
        "name": "Pengadilan Negeri Jakarta Selatan 2",
        "operator": "TransJakarta"
      },
      "geometry": {
        "type": "Point",
        "coordinates": [
          106.8197115,
          -6.2808781
        ]
      }
    },
    {
      "type": "Feature",
      "properties": {
        "name": "Jalan Kemang Selatan I",
        "operator": "TransJakarta"
      },
      "geometry": {
        "type": "Point",
        "coordinates": [
          106.8162126,
          -6.2648447
        ]
      }
    },
    {
      "type": "Feature",
      "properties": {
        "name": "Seberang Kemang 88",
        "operator": "TransJakarta"
      },
      "geometry": {
        "type": "Point",
        "coordinates": [
          106.8155638,
          -6.269835
        ]
      }
    },
    {
      "type": "Feature",
      "properties": {
        "name": "RSIA Kemang",
        "operator": "TransJakarta"
      },
      "geometry": {
        "type": "Point",
        "coordinates": [
          106.8188295,
          -6.285859
        ]
      }
    },
    {
      "type": "Feature",
      "properties": {
        "name": "PLN Corporate University 2",
        "operator": "TransJakarta"
      },
      "geometry": {
        "type": "Point",
        "coordinates": [
          106.8214139,
          -6.3010398
        ]
      }
    },
    {
      "type": "Feature",
      "properties": {
        "name": "Kampus IISIP",
        "operator": "TransJakarta"
      },
      "geometry": {
        "type": "Point",
        "coordinates": [
          106.8349136,
          -6.3230812
        ]
      }
    },
    {
      "type": "Feature",
      "properties": {
        "name": "Jalan Joe",
        "operator": "TransJakarta"
      },
      "geometry": {
        "type": "Point",
        "coordinates": [
          106.8357751,
          -6.3181651
        ]
      }
    },
    {
      "type": "Feature",
      "properties": {
        "name": "Masjid Arrohmah",
        "operator": "TransJakarta"
      },
      "geometry": {
        "type": "Point",
        "coordinates": [
          106.8365244,
          -6.3147422
        ]
      }
    },
    {
      "type": "Feature",
      "properties": {
        "name": "Mja Rawa Bambu",
        "operator": "TransJakarta"
      },
      "geometry": {
        "type": "Point",
        "coordinates": [
          106.841746,
          -6.2921515
        ]
      }
    },
    {
      "type": "Feature",
      "properties": {
        "name": "Grand Pasar Minggu",
        "operator": "TransJakarta"
      },
      "geometry": {
        "type": "Point",
        "coordinates": [
          106.8423381,
          -6.2906462
        ]
      }
    },
    {
      "type": "Feature",
      "properties": {
        "name": "Rawa Bambu",
        "operator": "TransJakarta"
      },
      "geometry": {
        "type": "Point",
        "coordinates": [
          106.840737,
          -6.2947709
        ]
      }
    },
    {
      "type": "Feature",
      "properties": {
        "name": "Masjid At Taqwa 2",
        "operator": "TransJakarta"
      },
      "geometry": {
        "type": "Point",
        "coordinates": [
          106.8455856,
          -6.2775911
        ]
      }
    },
    {
      "type": "Feature",
      "properties": {
        "name": "Stasiun Pasar Minggu 1",
        "operator": "TransJakarta"
      },
      "geometry": {
        "type": "Point",
        "coordinates": [
          106.8446175,
          -6.2831188
        ]
      }
    },
    {
      "type": "Feature",
      "properties": {
        "name": "Jalan Mawar",
        "operator": "TransJakarta"
      },
      "geometry": {
        "type": "Point",
        "coordinates": [
          106.8406589,
          -6.2972633
        ]
      }
    },
    {
      "type": "Feature",
      "properties": {
        "name": "Poltek Bunda Kandung",
        "operator": "TransJakarta"
      },
      "geometry": {
        "type": "Point",
        "coordinates": [
          106.8385069,
          -6.3120462
        ]
      }
    },
    {
      "type": "Feature",
      "properties": {
        "name": "Gang Kancil 1 Lenteng Agung",
        "operator": "TransJakarta"
      },
      "geometry": {
        "type": "Point",
        "coordinates": [
          106.8377262,
          -6.3165318
        ]
      }
    },
    {
      "type": "Feature",
      "properties": {
        "name": "Lenteng Agung",
        "operator": "TransJakarta"
      },
      "geometry": {
        "type": "Point",
        "coordinates": [
          106.836325,
          -6.3220248
        ]
      }
    },
    {
      "type": "Feature",
      "properties": {
        "name": "SPBU Jalan Guru",
        "operator": "TransJakarta"
      },
      "geometry": {
        "type": "Point",
        "coordinates": [
          106.8370247,
          -6.3203585
        ]
      }
    },
    {
      "type": "Feature",
      "properties": {
        "name": "Taman Lenteng Agung",
        "operator": "TransJakarta"
      },
      "geometry": {
        "type": "Point",
        "coordinates": [
          106.8357722,
          -6.3229347
        ]
      }
    },
    {
      "type": "Feature",
      "properties": {
        "name": "SMAN 38",
        "operator": "TransJakarta"
      },
      "geometry": {
        "type": "Point",
        "coordinates": [
          106.8358042,
          -6.3361189
        ]
      }
    },
    {
      "type": "Feature",
      "properties": {
        "name": "Jalan Haji Ipin",
        "operator": "TransJakarta"
      },
      "geometry": {
        "type": "Point",
        "coordinates": [
          106.793585,
          -6.3110602
        ]
      }
    },
    {
      "type": "Feature",
      "properties": {
        "name": "SMKN 28",
        "operator": "TransJakarta"
      },
      "geometry": {
        "type": "Point",
        "coordinates": [
          106.7957778,
          -6.2849903
        ]
      }
    },
    {
      "type": "Feature",
      "properties": {
        "name": "Stasiun Cipete Raya 2",
        "operator": "TransJakarta"
      },
      "geometry": {
        "type": "Point",
        "coordinates": [
          106.7971231,
          -6.2783612
        ]
      }
    },
    {
      "type": "Feature",
      "properties": {
        "name": "Stasiun Haji Nawi",
        "operator": "TransJakarta"
      },
      "geometry": {
        "type": "Point",
        "coordinates": [
          106.7972752,
          -6.2659733
        ]
      }
    },
    {
      "type": "Feature",
      "properties": {
        "name": "Haji Nawi Jalan Madrasah",
        "operator": "TransJakarta"
      },
      "geometry": {
        "type": "Point",
        "coordinates": [
          106.7971761,
          -6.2680661
        ]
      }
    },
    {
      "type": "Feature",
      "properties": {
        "name": "Jalan Gotong Royong",
        "operator": "TransJakarta"
      },
      "geometry": {
        "type": "Point",
        "coordinates": [
          106.7966448,
          -6.2598679
        ]
      }
    },
    {
      "type": "Feature",
      "properties": {
        "name": "Stasiun MRT Blok A",
        "operator": "TransJakarta"
      },
      "geometry": {
        "type": "Point",
        "coordinates": [
          106.7969162,
          -6.256973
        ]
      }
    },
    {
      "type": "Feature",
      "properties": {
        "name": "Jalan Sungai Sambas VI",
        "operator": "TransJakarta"
      },
      "geometry": {
        "type": "Point",
        "coordinates": [
          106.7978786,
          -6.2464055
        ]
      }
    },
    {
      "type": "Feature",
      "properties": {
        "name": "Plaza Blok M",
        "operator": "TransJakarta"
      },
      "geometry": {
        "type": "Point",
        "coordinates": [
          106.7975704,
          -6.2450912
        ]
      }
    },
    {
      "type": "Feature",
      "properties": {
        "name": "Stasiun Blok A Petogogan",
        "operator": "TransJakarta"
      },
      "geometry": {
        "type": "Point",
        "coordinates": [
          106.7971509,
          -6.2547107
        ]
      }
    },
    {
      "type": "Feature",
      "properties": {
        "name": "Sekolah Kwitang 6 PSKD",
        "operator": "TransJakarta"
      },
      "geometry": {
        "type": "Point",
        "coordinates": [
          106.7960682,
          -6.2415936
        ]
      }
    },
    {
      "type": "Feature",
      "properties": {
        "name": "Jalan Palatehan",
        "operator": "TransJakarta"
      },
      "geometry": {
        "type": "Point",
        "coordinates": [
          106.8006588,
          -6.240064
        ]
      }
    },
    {
      "type": "Feature",
      "properties": {
        "name": "Taman Puring",
        "operator": "TransJakarta"
      },
      "geometry": {
        "type": "Point",
        "coordinates": [
          106.7887173,
          -6.2409964
        ]
      }
    },
    {
      "type": "Feature",
      "properties": {
        "name": "Universitas Satya Negara",
        "operator": "TransJakarta"
      },
      "geometry": {
        "type": "Point",
        "coordinates": [
          106.7828963,
          -6.2418117
        ]
      }
    },
    {
      "type": "Feature",
      "properties": {
        "name": "Rumah Sakit Pusat Pertamina 1",
        "operator": "TransJakarta"
      },
      "geometry": {
        "type": "Point",
        "coordinates": [
          106.7932935,
          -6.2411181
        ]
      }
    },
    {
      "type": "Feature",
      "properties": {
        "name": "Mayestik 1",
        "operator": "TransJakarta"
      },
      "geometry": {
        "type": "Point",
        "coordinates": [
          106.7911349,
          -6.2420396
        ]
      }
    },
    {
      "type": "Feature",
      "properties": {
        "name": "PMI",
        "operator": "TransJakarta"
      },
      "geometry": {
        "type": "Point",
        "coordinates": [
          106.8349532,
          -6.2412521
        ]
      }
    },
    {
      "type": "Feature",
      "properties": {
        "name": "Komdak 1",
        "operator": "TransJakarta"
      },
      "geometry": {
        "type": "Point",
        "coordinates": [
          106.8140559,
          -6.2223366
        ]
      }
    },
    {
      "type": "Feature",
      "properties": {
        "name": "Museum Satria Mandala",
        "operator": "TransJakarta"
      },
      "geometry": {
        "type": "Point",
        "coordinates": [
          106.8196244,
          -6.2305507
        ]
      }
    },
    {
      "type": "Feature",
      "properties": {
        "name": "Lembaga Ilmu Pengetahuan 1",
        "operator": "TransJakarta"
      },
      "geometry": {
        "type": "Point",
        "coordinates": [
          106.8184935,
          -6.2288925
        ]
      }
    },
    {
      "type": "Feature",
      "properties": {
        "name": "Gatot Subroto LIPI 1",
        "operator": "TransJakarta"
      },
      "geometry": {
        "type": "Point",
        "coordinates": [
          106.8171717,
          -6.2269164
        ]
      }
    },
    {
      "type": "Feature",
      "properties": {
        "name": "Direktorat Jenderal Pajak",
        "operator": "TransJakarta"
      },
      "geometry": {
        "type": "Point",
        "coordinates": [
          106.815648,
          -6.22469
        ]
      }
    },
    {
      "type": "Feature",
      "properties": {
        "name": "Benhil 3",
        "operator": "TransJakarta"
      },
      "geometry": {
        "type": "Point",
        "coordinates": [
          106.8163656,
          -6.2160027
        ]
      }
    },
    {
      "type": "Feature",
      "properties": {
        "name": "Menara Astra",
        "operator": "TransJakarta"
      },
      "geometry": {
        "type": "Point",
        "coordinates": [
          106.8218849,
          -6.2071914
        ]
      }
    },
    {
      "type": "Feature",
      "properties": {
        "name": "Karet Sudirman 2",
        "operator": "TransJakarta"
      },
      "geometry": {
        "type": "Point",
        "coordinates": [
          106.819377,
          -6.2131062
        ]
      }
    },
    {
      "type": "Feature",
      "properties": {
        "name": "Menara Thamrin",
        "operator": "TransJakarta"
      },
      "geometry": {
        "type": "Point",
        "coordinates": [
          106.8229033,
          -6.1855903
        ]
      }
    },
    {
      "type": "Feature",
      "properties": {
        "name": "Kementerian Agama",
        "operator": "TransJakarta"
      },
      "geometry": {
        "type": "Point",
        "coordinates": [
          106.8224137,
          -6.1834277
        ]
      }
    },
    {
      "type": "Feature",
      "properties": {
        "name": "Jalan Taman Kebon Sirih",
        "operator": "TransJakarta"
      },
      "geometry": {
        "type": "Point",
        "coordinates": [
          106.8165588,
          -6.1824728
        ]
      }
    },
    {
      "type": "Feature",
      "properties": {
        "name": "Chase Plaza",
        "operator": "TransJakarta"
      },
      "geometry": {
        "type": "Point",
        "coordinates": [
          106.8211876,
          -6.2106466
        ]
      }
    },
    {
      "type": "Feature",
      "properties": {
        "name": "Benhil 1",
        "operator": "TransJakarta"
      },
      "geometry": {
        "type": "Point",
        "coordinates": [
          106.8153879,
          -6.2173358
        ]
      }
    },
    {
      "type": "Feature",
      "properties": {
        "name": "Gatot Subroto LIPI 2",
        "operator": "TransJakarta"
      },
      "geometry": {
        "type": "Point",
        "coordinates": [
          106.8179942,
          -6.2270909
        ]
      }
    },
    {
      "type": "Feature",
      "properties": {
        "name": "Contennial Tower",
        "operator": "TransJakarta"
      },
      "geometry": {
        "type": "Point",
        "coordinates": [
          106.8202483,
          -6.2303576
        ]
      }
    },
    {
      "type": "Feature",
      "properties": {
        "name": "Menara Bidakara",
        "operator": "TransJakarta"
      },
      "geometry": {
        "type": "Point",
        "coordinates": [
          106.8407832,
          -6.2420023
        ]
      }
    },
    {
      "type": "Feature",
      "properties": {
        "name": "Seberang Jalan Dharmajaya Pejaten",
        "operator": "TransJakarta"
      },
      "geometry": {
        "type": "Point",
        "coordinates": [
          106.8447704,
          -6.2785754
        ]
      }
    },
    {
      "type": "Feature",
      "properties": {
        "name": "Jalan Srengseng Raya 1",
        "operator": "TransJakarta"
      },
      "geometry": {
        "type": "Point",
        "coordinates": [
          106.7599935,
          -6.2175854
        ]
      }
    },
    {
      "type": "Feature",
      "properties": {
        "name": "Taman Alfa Indah",
        "operator": "TransJakarta"
      },
      "geometry": {
        "type": "Point",
        "coordinates": [
          106.7540689,
          -6.2185247
        ]
      }
    },
    {
      "type": "Feature",
      "properties": {
        "name": "Bango Raya",
        "operator": "TransJakarta"
      },
      "geometry": {
        "type": "Point",
        "coordinates": [
          106.8035201,
          -6.3108382
        ]
      }
    },
    {
      "type": "Feature",
      "properties": {
        "name": "Taman Martha Tiahahu",
        "operator": "TransJakarta"
      },
      "geometry": {
        "type": "Point",
        "coordinates": [
          106.7985252,
          -6.2426726
        ]
      }
    },
    {
      "type": "Feature",
      "properties": {
        "name": "One Park Avenue",
        "operator": "TransJakarta"
      },
      "geometry": {
        "type": "Point",
        "coordinates": [
          106.7878525,
          -6.2457008
        ]
      }
    },
    {
      "type": "Feature",
      "properties": {
        "name": "Halte Pom Bensin",
        "operator": "TransJakarta"
      },
      "geometry": {
        "type": "Point",
        "coordinates": [
          106.7881829,
          -6.2438138
        ]
      }
    },
    {
      "type": "Feature",
      "properties": {
        "name": "One Park Residence",
        "operator": "TransJakarta"
      },
      "geometry": {
        "type": "Point",
        "coordinates": [
          106.7885031,
          -6.2454229
        ]
      }
    },
    {
      "type": "Feature",
      "properties": {
        "name": "Jalan Duku Raya",
        "operator": "TransJakarta"
      },
      "geometry": {
        "type": "Point",
        "coordinates": [
          106.7845088,
          -6.2457607
        ]
      }
    },
    {
      "type": "Feature",
      "properties": {
        "name": "Jalan Bungur",
        "operator": "TransJakarta"
      },
      "geometry": {
        "type": "Point",
        "coordinates": [
          106.7814169,
          -6.2476601
        ]
      }
    },
    {
      "type": "Feature",
      "properties": {
        "name": "Pool Taksi Tanah Kusir",
        "operator": "TransJakarta"
      },
      "geometry": {
        "type": "Point",
        "coordinates": [
          106.7774286,
          -6.2547149
        ]
      }
    },
    {
      "type": "Feature",
      "properties": {
        "name": "Masjid Pondok Indah 2",
        "operator": "TransJakarta"
      },
      "geometry": {
        "type": "Point",
        "coordinates": [
          106.7819579,
          -6.2614483
        ]
      }
    },
    {
      "type": "Feature",
      "properties": {
        "name": "Gerbang Tol Veteran",
        "operator": "TransJakarta"
      },
      "geometry": {
        "type": "Point",
        "coordinates": [
          106.7672097,
          -6.2613455
        ]
      }
    },
    {
      "type": "Feature",
      "properties": {
        "name": "Rusun Rempoa",
        "operator": "TransJakarta"
      },
      "geometry": {
        "type": "Point",
        "coordinates": [
          106.7667402,
          -6.2618437
        ]
      }
    },
    {
      "type": "Feature",
      "properties": {
        "name": "Kolong Tol Jakarta Serpong 1",
        "operator": "TransJakarta"
      },
      "geometry": {
        "type": "Point",
        "coordinates": [
          106.760558,
          -6.2561028
        ]
      }
    },
    {
      "type": "Feature",
      "properties": {
        "name": "Bintaro Park View",
        "operator": "TransJakarta"
      },
      "geometry": {
        "type": "Point",
        "coordinates": [
          106.759689,
          -6.2579125
        ]
      }
    },
    {
      "type": "Feature",
      "properties": {
        "name": "Acacia Residence",
        "operator": "TransJakarta"
      },
      "geometry": {
        "type": "Point",
        "coordinates": [
          106.7567734,
          -6.263321
        ]
      }
    },
    {
      "type": "Feature",
      "properties": {
        "name": "Perlintasan Bintaro Puspita 1",
        "operator": "TransJakarta"
      },
      "geometry": {
        "type": "Point",
        "coordinates": [
          106.7569607,
          -6.2649352
        ]
      }
    },
    {
      "type": "Feature",
      "properties": {
        "name": "Jalan Bintaro Utara",
        "operator": "TransJakarta"
      },
      "geometry": {
        "type": "Point",
        "coordinates": [
          106.7567876,
          -6.2656637
        ]
      }
    },
    {
      "type": "Feature",
      "properties": {
        "name": "Jalan Bintaro Tengah",
        "operator": "TransJakarta"
      },
      "geometry": {
        "type": "Point",
        "coordinates": [
          106.7545735,
          -6.2695501
        ]
      }
    },
    {
      "type": "Feature",
      "properties": {
        "name": "Jalan Murai II",
        "operator": "TransJakarta"
      },
      "geometry": {
        "type": "Point",
        "coordinates": [
          106.7552858,
          -6.2711324
        ]
      }
    },
    {
      "type": "Feature",
      "properties": {
        "name": "Jalan Bintaro Utama 1",
        "operator": "TransJakarta"
      },
      "geometry": {
        "type": "Point",
        "coordinates": [
          106.754259,
          -6.2723157
        ]
      }
    },
    {
      "type": "Feature",
      "properties": {
        "name": "Bintaro Gang Masjid",
        "operator": "TransJakarta"
      },
      "geometry": {
        "type": "Point",
        "coordinates": [
          106.7521291,
          -6.270299
        ]
      }
    },
    {
      "type": "Feature",
      "properties": {
        "name": "Universitas Moestopo Bintaro",
        "operator": "TransJakarta"
      },
      "geometry": {
        "type": "Point",
        "coordinates": [
          106.7652689,
          -6.2584717
        ]
      }
    },
    {
      "type": "Feature",
      "properties": {
        "name": "Jalan Manyar Raya",
        "operator": "TransJakarta"
      },
      "geometry": {
        "type": "Point",
        "coordinates": [
          106.7514551,
          -6.2724185
        ]
      }
    },
    {
      "type": "Feature",
      "properties": {
        "name": "Jalan Bakti",
        "operator": "TransJakarta"
      },
      "geometry": {
        "type": "Point",
        "coordinates": [
          106.7658419,
          -6.259935
        ]
      }
    },
    {
      "type": "Feature",
      "properties": {
        "name": "Bintaro",
        "operator": "TransJakarta"
      },
      "geometry": {
        "type": "Point",
        "coordinates": [
          106.7513616,
          -6.2712282
        ]
      }
    },
    {
      "type": "Feature",
      "properties": {
        "name": "Simpang Gandaria Kyai Maja",
        "operator": "TransJakarta"
      },
      "geometry": {
        "type": "Point",
        "coordinates": [
          106.7900611,
          -6.2418658
        ]
      }
    },
    {
      "type": "Feature",
      "properties": {
        "name": "Jalan Gandaria Tengah I",
        "operator": "TransJakarta"
      },
      "geometry": {
        "type": "Point",
        "coordinates": [
          106.7895094,
          -6.2418347
        ]
      }
    },
    {
      "type": "Feature",
      "properties": {
        "name": "Jalan Haji Gari",
        "operator": "TransJakarta"
      },
      "geometry": {
        "type": "Point",
        "coordinates": [
          106.7596869,
          -6.2560654
        ]
      }
    },
    {
      "type": "Feature",
      "properties": {
        "name": "SMPN 177",
        "operator": "TransJakarta"
      },
      "geometry": {
        "type": "Point",
        "coordinates": [
          106.7570753,
          -6.261232
        ]
      }
    },
    {
      "type": "Feature",
      "properties": {
        "name": "SMA Kartika X-1",
        "operator": "TransJakarta"
      },
      "geometry": {
        "type": "Point",
        "coordinates": [
          106.7588796,
          -6.2606914
        ]
      }
    },
    {
      "type": "Feature",
      "properties": {
        "name": "Grand Centro Bintaro",
        "operator": "TransJakarta"
      },
      "geometry": {
        "type": "Point",
        "coordinates": [
          106.7596645,
          -6.2588377
        ]
      }
    },
    {
      "type": "Feature",
      "properties": {
        "name": "Kolong Tol Guru Saleh",
        "operator": "TransJakarta"
      },
      "geometry": {
        "type": "Point",
        "coordinates": [
          106.7650873,
          -6.2575153
        ]
      }
    },
    {
      "type": "Feature",
      "properties": {
        "name": "Masjid Jami Al Muflihun",
        "operator": "TransJakarta"
      },
      "geometry": {
        "type": "Point",
        "coordinates": [
          106.7688152,
          -6.2556846
        ]
      }
    },
    {
      "type": "Feature",
      "properties": {
        "name": "Kantor Pos Kebayoran Lama",
        "operator": "TransJakarta"
      },
      "geometry": {
        "type": "Point",
        "coordinates": [
          106.7779895,
          -6.2491199
        ]
      }
    },
    {
      "type": "Feature",
      "properties": {
        "name": "Jalan Guru Saleh",
        "operator": "TransJakarta"
      },
      "geometry": {
        "type": "Point",
        "coordinates": [
          106.7661182,
          -6.2578853
        ]
      }
    },
    {
      "type": "Feature",
      "properties": {
        "name": "Lapangan Hankam",
        "operator": "TransJakarta"
      },
      "geometry": {
        "type": "Point",
        "coordinates": [
          106.7679196,
          -6.258146
        ]
      }
    },
    {
      "type": "Feature",
      "properties": {
        "name": "TPU Bungur",
        "operator": "TransJakarta"
      },
      "geometry": {
        "type": "Point",
        "coordinates": [
          106.7788012,
          -6.247303
        ]
      }
    },
    {
      "type": "Feature",
      "properties": {
        "name": "Perlintasan Kereta Api Kebayoran",
        "operator": "TransJakarta"
      },
      "geometry": {
        "type": "Point",
        "coordinates": [
          106.7809119,
          -6.2409987
        ]
      }
    },
    {
      "type": "Feature",
      "properties": {
        "name": "Singgalang",
        "operator": "TransJakarta"
      },
      "geometry": {
        "type": "Point",
        "coordinates": [
          106.787794,
          -6.236816
        ]
      }
    },
    {
      "type": "Feature",
      "properties": {
        "name": "Stasiun Kebayoran",
        "operator": "TransJakarta"
      },
      "geometry": {
        "type": "Point",
        "coordinates": [
          106.7819999,
          -6.2389522
        ]
      }
    },
    {
      "type": "Feature",
      "properties": {
        "name": "Puskesmas Kelurahan Gunung",
        "operator": "TransJakarta"
      },
      "geometry": {
        "type": "Point",
        "coordinates": [
          106.7902697,
          -6.2396173
        ]
      }
    },
    {
      "type": "Feature",
      "properties": {
        "name": "Halte Kampus ITI",
        "operator": "TransJakarta"
      },
      "geometry": {
        "type": "Point",
        "coordinates": [
          106.674495,
          -6.3470708
        ]
      }
    },
    {
      "type": "Feature",
      "properties": {
        "name": "Halte Viktor",
        "operator": "TransJakarta"
      },
      "geometry": {
        "type": "Point",
        "coordinates": [
          106.6885146,
          -6.3465642
        ]
      }
    },
    {
      "type": "Feature",
      "properties": {
        "name": "Halte SDN Babakan",
        "operator": "TransJakarta"
      },
      "geometry": {
        "type": "Point",
        "coordinates": [
          106.6977265,
          -6.3471108
        ]
      }
    },
    {
      "type": "Feature",
      "properties": {
        "name": "Halte SMAN 2",
        "operator": "TransJakarta"
      },
      "geometry": {
        "type": "Point",
        "coordinates": [
          106.6729032,
          -6.3456338
        ]
      }
    },
    {
      "type": "Feature",
      "properties": {
        "name": "Halte",
        "operator": "TransJakarta"
      },
      "geometry": {
        "type": "Point",
        "coordinates": [
          106.6731588,
          -6.3361312
        ]
      }
    },
    {
      "type": "Feature",
      "properties": {
        "name": "Halte",
        "operator": "TransJakarta"
      },
      "geometry": {
        "type": "Point",
        "coordinates": [
          106.6736002,
          -6.3349535
        ]
      }
    },
    {
      "type": "Feature",
      "properties": {
        "name": "Halte",
        "operator": "TransJakarta"
      },
      "geometry": {
        "type": "Point",
        "coordinates": [
          106.6737014,
          -6.3312209
        ]
      }
    },
    {
      "type": "Feature",
      "properties": {
        "name": "Halte Permata Bintaro",
        "operator": "TransJakarta"
      },
      "geometry": {
        "type": "Point",
        "coordinates": [
          106.6998479,
          -6.2863485
        ]
      }
    },
    {
      "type": "Feature",
      "properties": {
        "name": "Transera Harapan Indah",
        "operator": "TransJakarta"
      },
      "geometry": {
        "type": "Point",
        "coordinates": [
          106.9757101,
          -6.1523086
        ]
      }
    },
    {
      "type": "Feature",
      "properties": {
        "name": "Halte BPS",
        "operator": "TransJakarta"
      },
      "geometry": {
        "type": "Point",
        "coordinates": [
          106.8670929,
          -6.2315186
        ]
      }
    },
    {
      "type": "Feature",
      "properties": {
        "name": "Cawang",
        "operator": "TransJakarta"
      },
      "geometry": {
        "type": "Point",
        "coordinates": [
          106.871268,
          -6.2459019
        ]
      }
    },
    {
      "type": "Feature",
      "properties": {
        "name": "RA Kartini",
        "operator": "TransJakarta"
      },
      "geometry": {
        "type": "Point",
        "coordinates": [
          106.7731431,
          -6.2820693
        ]
      }
    },
    {
      "type": "Feature",
      "properties": {
        "name": "Stasiun Kereta Cepat Halim",
        "operator": "TransJakarta"
      },
      "geometry": {
        "type": "Point",
        "coordinates": [
          106.8855184,
          -6.2453714
        ]
      }
    },
    {
      "type": "Feature",
      "properties": {
        "name": "Summitmas",
        "operator": "TransJakarta"
      },
      "geometry": {
        "type": "Point",
        "coordinates": [
          106.8036351,
          -6.2254503
        ]
      }
    },
    {
      "type": "Feature",
      "properties": {
        "name": "Bundaran Senayan 3",
        "operator": "TransJakarta"
      },
      "geometry": {
        "type": "Point",
        "coordinates": [
          106.7999522,
          -6.2284299
        ]
      }
    },
    {
      "type": "Feature",
      "properties": {
        "name": "Bundaran Senayan 2",
        "operator": "TransJakarta"
      },
      "geometry": {
        "type": "Point",
        "coordinates": [
          106.8007043,
          -6.2278015
        ]
      }
    },
    {
      "type": "Feature",
      "properties": {
        "name": "Terminal Transjakarta Ancol",
        "operator": "TransJakarta"
      },
      "geometry": {
        "type": "Point",
        "coordinates": [
          106.8307838,
          -6.1271045
        ]
      }
    },
    {
      "type": "Feature",
      "properties": {
        "name": "Blok M",
        "operator": "TransJakarta"
      },
      "geometry": {
        "type": "Point",
        "coordinates": [
          106.8019981,
          -6.2433119
        ]
      }
    },
    {
      "type": "Feature",
      "properties": {
        "name": "Harmoni Temporer",
        "operator": "TransJakarta"
      },
      "geometry": {
        "type": "Point",
        "coordinates": [
          106.8198552,
          -6.1624631
        ]
      }
    },
    {
      "type": "Feature",
      "properties": {
        "name": "Sawah Besar Temporer",
        "operator": "TransJakarta"
      },
      "geometry": {
        "type": "Point",
        "coordinates": [
          106.8186404,
          -6.1572701
        ]
      }
    },
    {
      "type": "Feature",
      "properties": {
        "name": "Kota",
        "operator": "TransJakarta"
      },
      "geometry": {
        "type": "Point",
        "coordinates": [
          106.8150708,
          -6.1368624
        ]
      }
    },
    {
      "type": "Feature",
      "properties": {
        "name": "Kali Besar",
        "operator": "TransJakarta"
      },
      "geometry": {
        "type": "Point",
        "coordinates": [
          106.8114533,
          -6.1353313
        ]
      }
    },
    {
      "type": "Feature",
      "properties": {
        "name": "Museum Sejarah Jakarta",
        "operator": "TransJakarta"
      },
      "geometry": {
        "type": "Point",
        "coordinates": [
          106.8121337,
          -6.1339163
        ]
      }
    },
    {
      "type": "Feature",
      "properties": {
        "name": "Glodok",
        "operator": "TransJakarta"
      },
      "geometry": {
        "type": "Point",
        "coordinates": [
          106.8151672,
          -6.1434145
        ]
      }
    },
    {
      "type": "Feature",
      "properties": {
        "name": "Mangga Besar Temporer",
        "operator": "TransJakarta"
      },
      "geometry": {
        "type": "Point",
        "coordinates": [
          106.8174722,
          -6.1532228
        ]
      }
    },
    {
      "type": "Feature",
      "properties": {
        "name": "Monumen Nasional",
        "operator": "TransJakarta"
      },
      "geometry": {
        "type": "Point",
        "coordinates": [
          106.8228869,
          -6.1761771
        ]
      }
    },
    {
      "type": "Feature",
      "properties": {
        "name": "Kebon Sirih Arah Utara",
        "operator": "TransJakarta"
      },
      "geometry": {
        "type": "Point",
        "coordinates": [
          106.8227364,
          -6.1825993
        ]
      }
    },
    {
      "type": "Feature",
      "properties": {
        "name": "Kebon Sirih Arah Selatan",
        "operator": "TransJakarta"
      },
      "geometry": {
        "type": "Point",
        "coordinates": [
          106.8233201,
          -6.1847082
        ]
      }
    },
    {
      "type": "Feature",
      "properties": {
        "name": "Tosari",
        "operator": "TransJakarta"
      },
      "geometry": {
        "type": "Point",
        "coordinates": [
          106.8231026,
          -6.1965226
        ]
      }
    },
    {
      "type": "Feature",
      "properties": {
        "name": "Dukuh Atas",
        "operator": "TransJakarta"
      },
      "geometry": {
        "type": "Point",
        "coordinates": [
          106.8222997,
          -6.2052402
        ]
      }
    },
    {
      "type": "Feature",
      "properties": {
        "name": "Polda Metro Jaya",
        "operator": "TransJakarta"
      },
      "geometry": {
        "type": "Point",
        "coordinates": [
          106.8102904,
          -6.2210772
        ]
      }
    },
    {
      "type": "Feature",
      "properties": {
        "name": "Senayan Bank Jakarta",
        "operator": "TransJakarta"
      },
      "geometry": {
        "type": "Point",
        "coordinates": [
          106.8057036,
          -6.2242874
        ]
      }
    },
    {
      "type": "Feature",
      "properties": {
        "name": "Masjid Agung",
        "operator": "TransJakarta"
      },
      "geometry": {
        "type": "Point",
        "coordinates": [
          106.7984482,
          -6.2364317
        ]
      }
    },
    {
      "type": "Feature",
      "properties": {
        "name": "Balai Kota",
        "operator": "TransJakarta"
      },
      "geometry": {
        "type": "Point",
        "coordinates": [
          106.8263733,
          -6.1804978
        ]
      }
    },
    {
      "type": "Feature",
      "properties": {
        "name": "Gambir 2",
        "operator": "TransJakarta"
      },
      "geometry": {
        "type": "Point",
        "coordinates": [
          106.8310823,
          -6.1789202
        ]
      }
    },
    {
      "type": "Feature",
      "properties": {
        "name": "Kwitang",
        "operator": "TransJakarta"
      },
      "geometry": {
        "type": "Point",
        "coordinates": [
          106.8384299,
          -6.1812108
        ]
      }
    },
    {
      "type": "Feature",
      "properties": {
        "name": "Senen Toyota Rangga",
        "operator": "TransJakarta"
      },
      "geometry": {
        "type": "Point",
        "coordinates": [
          106.8426608,
          -6.1782511
        ]
      }
    },
    {
      "type": "Feature",
      "properties": {
        "name": "Senen Raya",
        "operator": "TransJakarta"
      },
      "geometry": {
        "type": "Point",
        "coordinates": [
          106.8402206,
          -6.1762277
        ]
      }
    },
    {
      "type": "Feature",
      "properties": {
        "name": "RSPAD",
        "operator": "TransJakarta"
      },
      "geometry": {
        "type": "Point",
        "coordinates": [
          106.836786,
          -6.1754867
        ]
      }
    },
    {
      "type": "Feature",
      "properties": {
        "name": "Pejambon",
        "operator": "TransJakarta"
      },
      "geometry": {
        "type": "Point",
        "coordinates": [
          106.8347407,
          -6.1735286
        ]
      }
    },
    {
      "type": "Feature",
      "properties": {
        "name": "Gambir",
        "operator": "TransJakarta"
      },
      "geometry": {
        "type": "Point",
        "coordinates": [
          106.8304088,
          -6.1745902
        ]
      }
    },
    {
      "type": "Feature",
      "properties": {
        "name": "Istiqlal",
        "operator": "TransJakarta"
      },
      "geometry": {
        "type": "Point",
        "coordinates": [
          106.8309177,
          -6.1722328
        ]
      }
    },
    {
      "type": "Feature",
      "properties": {
        "name": "Juanda",
        "operator": "TransJakarta"
      },
      "geometry": {
        "type": "Point",
        "coordinates": [
          106.8303896,
          -6.168107
        ]
      }
    },
    {
      "type": "Feature",
      "properties": {
        "name": "Pecenongan",
        "operator": "TransJakarta"
      },
      "geometry": {
        "type": "Point",
        "coordinates": [
          106.8282191,
          -6.1677132
        ]
      }
    },
    {
      "type": "Feature",
      "properties": {
        "name": "Rawa Selatan",
        "operator": "TransJakarta"
      },
      "geometry": {
        "type": "Point",
        "coordinates": [
          106.8581019,
          -6.1739174
        ]
      }
    },
    {
      "type": "Feature",
      "properties": {
        "name": "Pasar Cempaka Putih",
        "operator": "TransJakarta"
      },
      "geometry": {
        "type": "Point",
        "coordinates": [
          106.8624652,
          -6.1723175
        ]
      }
    },
    {
      "type": "Feature",
      "properties": {
        "name": "Cempaka Baru",
        "operator": "TransJakarta"
      },
      "geometry": {
        "type": "Point",
        "coordinates": [
          106.8666138,
          -6.1703908
        ]
      }
    },
    {
      "type": "Feature",
      "properties": {
        "name": "Sumur Batu",
        "operator": "TransJakarta"
      },
      "geometry": {
        "type": "Point",
        "coordinates": [
          106.8703703,
          -6.168633
        ]
      }
    },
    {
      "type": "Feature",
      "properties": {
        "name": "Cempaka Mas",
        "operator": "TransJakarta"
      },
      "geometry": {
        "type": "Point",
        "coordinates": [
          106.8759645,
          -6.166563
        ]
      }
    },
    {
      "type": "Feature",
      "properties": {
        "name": "Pedongkelan",
        "operator": "TransJakarta"
      },
      "geometry": {
        "type": "Point",
        "coordinates": [
          106.8825296,
          -6.1679916
        ]
      }
    },
    {
      "type": "Feature",
      "properties": {
        "name": "Perintis Kemerdekaan",
        "operator": "TransJakarta"
      },
      "geometry": {
        "type": "Point",
        "coordinates": [
          106.8886328,
          -6.1717073
        ]
      }
    },
    {
      "type": "Feature",
      "properties": {
        "name": "Pulo Mas",
        "operator": "TransJakarta"
      },
      "geometry": {
        "type": "Point",
        "coordinates": [
          106.8926104,
          -6.1746091
        ]
      }
    },
    {
      "type": "Feature",
      "properties": {
        "name": "Bermis",
        "operator": "TransJakarta"
      },
      "geometry": {
        "type": "Point",
        "coordinates": [
          106.8985534,
          -6.178194
        ]
      }
    },
    {
      "type": "Feature",
      "properties": {
        "name": "Petojo",
        "operator": "TransJakarta"
      },
      "geometry": {
        "type": "Point",
        "coordinates": [
          106.8170022,
          -6.169989
        ]
      }
    },
    {
      "type": "Feature",
      "properties": {
        "name": "Roxy",
        "operator": "TransJakarta"
      },
      "geometry": {
        "type": "Point",
        "coordinates": [
          106.7967585,
          -6.1662903
        ]
      }
    },
    {
      "type": "Feature",
      "properties": {
        "name": "Grogol",
        "operator": "TransJakarta"
      },
      "geometry": {
        "type": "Point",
        "coordinates": [
          106.7895654,
          -6.1668289
        ]
      }
    },
    {
      "type": "Feature",
      "properties": {
        "name": "Jelambar",
        "operator": "TransJakarta"
      },
      "geometry": {
        "type": "Point",
        "coordinates": [
          106.7865476,
          -6.1665407
        ]
      }
    },
    {
      "type": "Feature",
      "properties": {
        "name": "Damai",
        "operator": "TransJakarta"
      },
      "geometry": {
        "type": "Point",
        "coordinates": [
          106.7751134,
          -6.1633444
        ]
      }
    },
    {
      "type": "Feature",
      "properties": {
        "name": "Taman Kota",
        "operator": "TransJakarta"
      },
      "geometry": {
        "type": "Point",
        "coordinates": [
          106.7578744,
          -6.1571533
        ]
      }
    },
    {
      "type": "Feature",
      "properties": {
        "name": "Jembatan Gantung",
        "operator": "TransJakarta"
      },
      "geometry": {
        "type": "Point",
        "coordinates": [
          106.7493545,
          -6.1554693
        ]
      }
    },
    {
      "type": "Feature",
      "properties": {
        "name": "Pulo Nangka",
        "operator": "TransJakarta"
      },
      "geometry": {
        "type": "Point",
        "coordinates": [
          106.738107,
          -6.1546058
        ]
      }
    },
    {
      "type": "Feature",
      "properties": {
        "name": "Jembatan Baru",
        "operator": "TransJakarta"
      },
      "geometry": {
        "type": "Point",
        "coordinates": [
          106.7303858,
          -6.1547905
        ]
      }
    },
    {
      "type": "Feature",
      "properties": {
        "name": "Rawa Buaya",
        "operator": "TransJakarta"
      },
      "geometry": {
        "type": "Point",
        "coordinates": [
          106.7261914,
          -6.1538953
        ]
      }
    },
    {
      "type": "Feature",
      "properties": {
        "name": "Sumur Bor",
        "operator": "TransJakarta"
      },
      "geometry": {
        "type": "Point",
        "coordinates": [
          106.7193383,
          -6.1530379
        ]
      }
    },
    {
      "type": "Feature",
      "properties": {
        "name": "Pesakih",
        "operator": "TransJakarta"
      },
      "geometry": {
        "type": "Point",
        "coordinates": [
          106.7152306,
          -6.1548146
        ]
      }
    },
    {
      "type": "Feature",
      "properties": {
        "name": "Kalideres",
        "operator": "TransJakarta"
      },
      "geometry": {
        "type": "Point",
        "coordinates": [
          106.7058526,
          -6.1545211
        ]
      }
    },
    {
      "type": "Feature",
      "properties": {
        "name": "Ancol",
        "operator": "TransJakarta"
      },
      "geometry": {
        "type": "Point",
        "coordinates": [
          106.8305419,
          -6.1275313
        ]
      }
    },
    {
      "type": "Feature",
      "properties": {
        "name": "Pademangan",
        "operator": "TransJakarta"
      },
      "geometry": {
        "type": "Point",
        "coordinates": [
          106.8316603,
          -6.1337306
        ]
      }
    },
    {
      "type": "Feature",
      "properties": {
        "name": "Gunung Sahari",
        "operator": "TransJakarta"
      },
      "geometry": {
        "type": "Point",
        "coordinates": [
          106.8323793,
          -6.1367967
        ]
      }
    },
    {
      "type": "Feature",
      "properties": {
        "name": "Pasar Baru Timur",
        "operator": "TransJakarta"
      },
      "geometry": {
        "type": "Point",
        "coordinates": [
          106.8381427,
          -6.1623311
        ]
      }
    },
    {
      "type": "Feature",
      "properties": {
        "name": "Lapangan Banteng",
        "operator": "TransJakarta"
      },
      "geometry": {
        "type": "Point",
        "coordinates": [
          106.8390711,
          -6.1660228
        ]
      }
    },
    {
      "type": "Feature",
      "properties": {
        "name": "Jaga Jakarta",
        "operator": "TransJakarta"
      },
      "geometry": {
        "type": "Point",
        "coordinates": [
          106.8420222,
          -6.1781137
        ]
      }
    },
    {
      "type": "Feature",
      "properties": {
        "name": "Pal Putih",
        "operator": "TransJakarta"
      },
      "geometry": {
        "type": "Point",
        "coordinates": [
          106.8440145,
          -6.1846068
        ]
      }
    },
    {
      "type": "Feature",
      "properties": {
        "name": "Kramat Sentiong",
        "operator": "TransJakarta"
      },
      "geometry": {
        "type": "Point",
        "coordinates": [
          106.8459509,
          -6.1879493
        ]
      }
    },
    {
      "type": "Feature",
      "properties": {
        "name": "Paseban",
        "operator": "TransJakarta"
      },
      "geometry": {
        "type": "Point",
        "coordinates": [
          106.8510295,
          -6.1967576
        ]
      }
    },
    {
      "type": "Feature",
      "properties": {
        "name": "Matraman",
        "operator": "TransJakarta"
      },
      "geometry": {
        "type": "Point",
        "coordinates": [
          106.8544505,
          -6.1999968
        ]
      }
    },
    {
      "type": "Feature",
      "properties": {
        "name": "Tegalan",
        "operator": "TransJakarta"
      },
      "geometry": {
        "type": "Point",
        "coordinates": [
          106.8571681,
          -6.2031095
        ]
      }
    },
    {
      "type": "Feature",
      "properties": {
        "name": "Kesatrian",
        "operator": "TransJakarta"
      },
      "geometry": {
        "type": "Point",
        "coordinates": [
          106.8592936,
          -6.2085476
        ]
      }
    },
    {
      "type": "Feature",
      "properties": {
        "name": "Matraman Baru",
        "operator": "TransJakarta"
      },
      "geometry": {
        "type": "Point",
        "coordinates": [
          106.8612303,
          -6.212984
        ]
      }
    },
    {
      "type": "Feature",
      "properties": {
        "name": "Bali Mester",
        "operator": "TransJakarta"
      },
      "geometry": {
        "type": "Point",
        "coordinates": [
          106.8663208,
          -6.2157261
        ]
      }
    },
    {
      "type": "Feature",
      "properties": {
        "name": "Jatinegara",
        "operator": "TransJakarta"
      },
      "geometry": {
        "type": "Point",
        "coordinates": [
          106.8680929,
          -6.2214247
        ]
      }
    },
    {
      "type": "Feature",
      "properties": {
        "name": "Kampung Melayu",
        "operator": "TransJakarta"
      },
      "geometry": {
        "type": "Point",
        "coordinates": [
          106.8669085,
          -6.2246359
        ]
      }
    },
    {
      "type": "Feature",
      "properties": {
        "name": "Bidara Cina",
        "operator": "TransJakarta"
      },
      "geometry": {
        "type": "Point",
        "coordinates": [
          106.867231,
          -6.229763
        ]
      }
    },
    {
      "type": "Feature",
      "properties": {
        "name": "Gelanggang Remaja",
        "operator": "TransJakarta"
      },
      "geometry": {
        "type": "Point",
        "coordinates": [
          106.867946,
          -6.2354284
        ]
      }
    },
    {
      "type": "Feature",
      "properties": {
        "name": "Cawang Baru",
        "operator": "TransJakarta"
      },
      "geometry": {
        "type": "Point",
        "coordinates": [
          106.8687743,
          -6.2436384
        ]
      }
    },
    {
      "type": "Feature",
      "properties": {
        "name": "Cawang Sentral",
        "operator": "TransJakarta"
      },
      "geometry": {
        "type": "Point",
        "coordinates": [
          106.8735181,
          -6.2504916
        ]
      }
    },
    {
      "type": "Feature",
      "properties": {
        "name": "Cawang Cililitan",
        "operator": "TransJakarta"
      },
      "geometry": {
        "type": "Point",
        "coordinates": [
          106.869998,
          -6.257742
        ]
      }
    },
    {
      "type": "Feature",
      "properties": {
        "name": "Ciliitan",
        "operator": "TransJakarta"
      },
      "geometry": {
        "type": "Point",
        "coordinates": [
          106.8664088,
          -6.2624235
        ]
      }
    },
    {
      "type": "Feature",
      "properties": {
        "name": "Kramat Jati",
        "operator": "TransJakarta"
      },
      "geometry": {
        "type": "Point",
        "coordinates": [
          106.86663,
          -6.2688152
        ]
      }
    },
    {
      "type": "Feature",
      "properties": {
        "name": "Pasar Induk",
        "operator": "TransJakarta"
      },
      "geometry": {
        "type": "Point",
        "coordinates": [
          106.8720479,
          -6.2942219
        ]
      }
    },
    {
      "type": "Feature",
      "properties": {
        "name": "Trikora",
        "operator": "TransJakarta"
      },
      "geometry": {
        "type": "Point",
        "coordinates": [
          106.8680476,
          -6.3019393
        ]
      }
    },
    {
      "type": "Feature",
      "properties": {
        "name": "Flyover Raya Bogor",
        "operator": "TransJakarta"
      },
      "geometry": {
        "type": "Point",
        "coordinates": [
          106.8657507,
          -6.3065257
        ]
      }
    },
    {
      "type": "Feature",
      "properties": {
        "name": "Tanah Merdeka Arah Barat",
        "operator": "TransJakarta"
      },
      "geometry": {
        "type": "Point",
        "coordinates": [
          106.8739161,
          -6.3081435
        ]
      }
    },
    {
      "type": "Feature",
      "properties": {
        "name": "Kampung Rambutan",
        "operator": "TransJakarta"
      },
      "geometry": {
        "type": "Point",
        "coordinates": [
          106.8816852,
          -6.3092164
        ]
      }
    },
    {
      "type": "Feature",
      "properties": {
        "name": "Halimun",
        "operator": "TransJakarta"
      },
      "geometry": {
        "type": "Point",
        "coordinates": [
          106.833362,
          -6.2051184
        ]
      }
    },
    {
      "type": "Feature",
      "properties": {
        "name": "Galunggung",
        "operator": "TransJakarta"
      },
      "geometry": {
        "type": "Point",
        "coordinates": [
          106.8234017,
          -6.2043967
        ]
      }
    },
    {
      "type": "Feature",
      "properties": {
        "name": "Simpang Pramuka",
        "operator": "TransJakarta"
      },
      "geometry": {
        "type": "Point",
        "coordinates": [
          106.8740187,
          -6.1921757
        ]
      }
    },
    {
      "type": "Feature",
      "properties": {
        "name": "Pemuda Rawamangun",
        "operator": "TransJakarta"
      },
      "geometry": {
        "type": "Point",
        "coordinates": [
          106.8917418,
          -6.1934922
        ]
      }
    },
    {
      "type": "Feature",
      "properties": {
        "name": "Layur",
        "operator": "TransJakarta"
      },
      "geometry": {
        "type": "Point",
        "coordinates": [
          106.8990961,
          -6.1935306
        ]
      }
    },
    {
      "type": "Feature",
      "properties": {
        "name": "Pemuda Merdeka",
        "operator": "TransJakarta"
      },
      "geometry": {
        "type": "Point",
        "coordinates": [
          106.9048575,
          -6.1924069
        ]
      }
    },
    {
      "type": "Feature",
      "properties": {
        "name": "Pasar Pulogadung",
        "operator": "TransJakarta"
      },
      "geometry": {
        "type": "Point",
        "coordinates": [
          106.9059288,
          -6.1874095
        ]
      }
    },
    {
      "type": "Feature",
      "properties": {
        "name": "Flyover Kuningan",
        "operator": "TransJakarta"
      },
      "geometry": {
        "type": "Point",
        "coordinates": [
          106.8276831,
          -6.202838
        ]
      }
    },
    {
      "type": "Feature",
      "properties": {
        "name": "Setiabudi Integritas",
        "operator": "TransJakarta"
      },
      "geometry": {
        "type": "Point",
        "coordinates": [
          106.8302179,
          -6.2092435
        ]
      }
    },
    {
      "type": "Feature",
      "properties": {
        "name": "Kuningan Madya",
        "operator": "TransJakarta"
      },
      "geometry": {
        "type": "Point",
        "coordinates": [
          106.8304637,
          -6.2131746
        ]
      }
    },
    {
      "type": "Feature",
      "properties": {
        "name": "Karet Kuningan",
        "operator": "TransJakarta"
      },
      "geometry": {
        "type": "Point",
        "coordinates": [
          106.8307829,
          -6.2168105
        ]
      }
    },
    {
      "type": "Feature",
      "properties": {
        "name": "Rasuna Said",
        "operator": "TransJakarta"
      },
      "geometry": {
        "type": "Point",
        "coordinates": [
          106.8322793,
          -6.2217457
        ]
      }
    },
    {
      "type": "Feature",
      "properties": {
        "name": "Kuningan",
        "operator": "TransJakarta"
      },
      "geometry": {
        "type": "Point",
        "coordinates": [
          106.833192,
          -6.2286539
        ]
      }
    },
    {
      "type": "Feature",
      "properties": {
        "name": "Patra Kuningan",
        "operator": "TransJakarta"
      },
      "geometry": {
        "type": "Point",
        "coordinates": [
          106.8320428,
          -6.2327037
        ]
      }
    },
    {
      "type": "Feature",
      "properties": {
        "name": "Underpass Kuningan",
        "operator": "TransJakarta"
      },
      "geometry": {
        "type": "Point",
        "coordinates": [
          106.8287948,
          -6.2349258
        ]
      }
    },
    {
      "type": "Feature",
      "properties": {
        "name": "Mampang Prapatan",
        "operator": "TransJakarta"
      },
      "geometry": {
        "type": "Point",
        "coordinates": [
          106.825726,
          -6.242629
        ]
      }
    },
    {
      "type": "Feature",
      "properties": {
        "name": "Duren Tiga",
        "operator": "TransJakarta"
      },
      "geometry": {
        "type": "Point",
        "coordinates": [
          106.8270018,
          -6.2523717
        ]
      }
    },
    {
      "type": "Feature",
      "properties": {
        "name": "Warung Buncit",
        "operator": "TransJakarta"
      },
      "geometry": {
        "type": "Point",
        "coordinates": [
          106.8281118,
          -6.2569821
        ]
      }
    },
    {
      "type": "Feature",
      "properties": {
        "name": "Warung Jati",
        "operator": "TransJakarta"
      },
      "geometry": {
        "type": "Point",
        "coordinates": [
          106.8297841,
          -6.262337
        ]
      }
    },
    {
      "type": "Feature",
      "properties": {
        "name": "Buncit Indah",
        "operator": "TransJakarta"
      },
      "geometry": {
        "type": "Point",
        "coordinates": [
          106.8303138,
          -6.2743241
        ]
      }
    },
    {
      "type": "Feature",
      "properties": {
        "name": "Pejaten",
        "operator": "TransJakarta"
      },
      "geometry": {
        "type": "Point",
        "coordinates": [
          106.8297531,
          -6.2784107
        ]
      }
    },
    {
      "type": "Feature",
      "properties": {
        "name": "Jatipadang",
        "operator": "TransJakarta"
      },
      "geometry": {
        "type": "Point",
        "coordinates": [
          106.8262547,
          -6.2854351
        ]
      }
    },
    {
      "type": "Feature",
      "properties": {
        "name": "Jati Barat",
        "operator": "TransJakarta"
      },
      "geometry": {
        "type": "Point",
        "coordinates": [
          106.8236324,
          -6.2910224
        ]
      }
    },
    {
      "type": "Feature",
      "properties": {
        "name": "Simpang Ragunan Ar-Raudhah",
        "operator": "TransJakarta"
      },
      "geometry": {
        "type": "Point",
        "coordinates": [
          106.8221239,
          -6.2946195
        ]
      }
    },
    {
      "type": "Feature",
      "properties": {
        "name": "Tegal Mampang",
        "operator": "TransJakarta"
      },
      "geometry": {
        "type": "Point",
        "coordinates": [
          106.8309123,
          -6.2401791
        ]
      }
    },
    {
      "type": "Feature",
      "properties": {
        "name": "Rawa Barat",
        "operator": "TransJakarta"
      },
      "geometry": {
        "type": "Point",
        "coordinates": [
          106.8162003,
          -6.2388979
        ]
      }
    },
    {
      "type": "Feature",
      "properties": {
        "name": "Pasar Santa",
        "operator": "TransJakarta"
      },
      "geometry": {
        "type": "Point",
        "coordinates": [
          106.8077643,
          -6.2391928
        ]
      }
    },
    {
      "type": "Feature",
      "properties": {
        "name": "CSW 1",
        "operator": "TransJakarta"
      },
      "geometry": {
        "type": "Point",
        "coordinates": [
          106.7984421,
          -6.2398847
        ]
      }
    },
    {
      "type": "Feature",
      "properties": {
        "name": "Kebayoran Lama",
        "operator": "TransJakarta"
      },
      "geometry": {
        "type": "Point",
        "coordinates": [
          106.7775859,
          -6.2383318
        ]
      }
    },
    {
      "type": "Feature",
      "properties": {
        "name": "Seskoal",
        "operator": "TransJakarta"
      },
      "geometry": {
        "type": "Point",
        "coordinates": [
          106.7711779,
          -6.2380282
        ]
      }
    },
    {
      "type": "Feature",
      "properties": {
        "name": "Cipulir",
        "operator": "TransJakarta"
      },
      "geometry": {
        "type": "Point",
        "coordinates": [
          106.7653358,
          -6.2378077
        ]
      }
    },
    {
      "type": "Feature",
      "properties": {
        "name": "Swadarma ParagonCorp",
        "operator": "TransJakarta"
      },
      "geometry": {
        "type": "Point",
        "coordinates": [
          106.7606037,
          -6.2375271
        ]
      }
    },
    {
      "type": "Feature",
      "properties": {
        "name": "JORR",
        "operator": "TransJakarta"
      },
      "geometry": {
        "type": "Point",
        "coordinates": [
          106.7548063,
          -6.2362044
        ]
      }
    },
    {
      "type": "Feature",
      "properties": {
        "name": "Puri Beta 2",
        "operator": "TransJakarta"
      },
      "geometry": {
        "type": "Point",
        "coordinates": [
          106.723737,
          -6.2304776
        ]
      }
    },
    {
      "type": "Feature",
      "properties": {
        "name": "Petukangan D'MASIV",
        "operator": "TransJakarta"
      },
      "geometry": {
        "type": "Point",
        "coordinates": [
          106.7477717,
          -6.2364543
        ]
      }
    },
    {
      "type": "Feature",
      "properties": {
        "name": "Widya Chandra Telkomsel Arah Barat",
        "operator": "TransJakarta"
      },
      "geometry": {
        "type": "Point",
        "coordinates": [
          106.817558,
          -6.2272368
        ]
      }
    },
    {
      "type": "Feature",
      "properties": {
        "name": "Kota Bambu Arah Selatan",
        "operator": "TransJakarta"
      },
      "geometry": {
        "type": "Point",
        "coordinates": [
          106.7970864,
          -6.185274
        ]
      }
    },
    {
      "type": "Feature",
      "properties": {
        "name": "Kota Bambu Arah Utara",
        "operator": "TransJakarta"
      },
      "geometry": {
        "type": "Point",
        "coordinates": [
          106.7967898,
          -6.1844369
        ]
      }
    },
    {
      "type": "Feature",
      "properties": {
        "name": "Kemanggisan Arah Selatan",
        "operator": "TransJakarta"
      },
      "geometry": {
        "type": "Point",
        "coordinates": [
          106.7972624,
          -6.1898351
        ]
      }
    },
    {
      "type": "Feature",
      "properties": {
        "name": "Tanjung Duren Arah Utara",
        "operator": "TransJakarta"
      },
      "geometry": {
        "type": "Point",
        "coordinates": [
          106.7921834,
          -6.1754921
        ]
      }
    },
    {
      "type": "Feature",
      "properties": {
        "name": "Tanjung Duren Arah Selatan",
        "operator": "TransJakarta"
      },
      "geometry": {
        "type": "Point",
        "coordinates": [
          106.7930751,
          -6.1758343
        ]
      }
    },
    {
      "type": "Feature",
      "properties": {
        "name": "Gerbang Pemuda Arah Timur",
        "operator": "TransJakarta"
      },
      "geometry": {
        "type": "Point",
        "coordinates": [
          106.8090225,
          -6.2141956
        ]
      }
    },
    {
      "type": "Feature",
      "properties": {
        "name": "Gerbang Pemuda Arah Barat",
        "operator": "TransJakarta"
      },
      "geometry": {
        "type": "Point",
        "coordinates": [
          106.8083736,
          -6.2138469
        ]
      }
    },
    {
      "type": "Feature",
      "properties": {
        "name": "Petamburan",
        "operator": "TransJakarta"
      },
      "geometry": {
        "type": "Point",
        "coordinates": [
          106.7998645,
          -6.2020202
        ]
      }
    },
    {
      "type": "Feature",
      "properties": {
        "name": "Kali Grogol Arah Utara",
        "operator": "TransJakarta"
      },
      "geometry": {
        "type": "Point",
        "coordinates": [
          106.7904074,
          -6.1610637
        ]
      }
    },
    {
      "type": "Feature",
      "properties": {
        "name": "Kali Grogol Arah Selatan",
        "operator": "TransJakarta"
      },
      "geometry": {
        "type": "Point",
        "coordinates": [
          106.7909561,
          -6.1604905
        ]
      }
    },
    {
      "type": "Feature",
      "properties": {
        "name": "Jembatan Besi",
        "operator": "TransJakarta"
      },
      "geometry": {
        "type": "Point",
        "coordinates": [
          106.7949405,
          -6.1519994
        ]
      }
    },
    {
      "type": "Feature",
      "properties": {
        "name": "Jembatan Dua",
        "operator": "TransJakarta"
      },
      "geometry": {
        "type": "Point",
        "coordinates": [
          106.7935204,
          -6.14327
        ]
      }
    },
    {
      "type": "Feature",
      "properties": {
        "name": "Jembatan Tiga",
        "operator": "TransJakarta"
      },
      "geometry": {
        "type": "Point",
        "coordinates": [
          106.7927175,
          -6.1334127
        ]
      }
    },
    {
      "type": "Feature",
      "properties": {
        "name": "Penjaringan",
        "operator": "TransJakarta"
      },
      "geometry": {
        "type": "Point",
        "coordinates": [
          106.7920403,
          -6.1262533
        ]
      }
    },
    {
      "type": "Feature",
      "properties": {
        "name": "Pluit",
        "operator": "TransJakarta"
      },
      "geometry": {
        "type": "Point",
        "coordinates": [
          106.7908178,
          -6.1157874
        ]
      }
    },
    {
      "type": "Feature",
      "properties": {
        "name": "Pulomas Bypass",
        "operator": "TransJakarta"
      },
      "geometry": {
        "type": "Point",
        "coordinates": [
          106.8760214,
          -6.1769076
        ]
      }
    },
    {
      "type": "Feature",
      "properties": {
        "name": "Cempaka Putih",
        "operator": "TransJakarta"
      },
      "geometry": {
        "type": "Point",
        "coordinates": [
          106.8764693,
          -6.1741608
        ]
      }
    },
    {
      "type": "Feature",
      "properties": {
        "name": "Kayu Putih Rawasari",
        "operator": "TransJakarta"
      },
      "geometry": {
        "type": "Point",
        "coordinates": [
          106.8754231,
          -6.1874784
        ]
      }
    },
    {
      "type": "Feature",
      "properties": {
        "name": "Pemuda Pramuka",
        "operator": "TransJakarta"
      },
      "geometry": {
        "type": "Point",
        "coordinates": [
          106.8749252,
          -6.1930162
        ]
      }
    },
    {
      "type": "Feature",
      "properties": {
        "name": "Utan Kayu Rawamangun",
        "operator": "TransJakarta"
      },
      "geometry": {
        "type": "Point",
        "coordinates": [
          106.8740602,
          -6.1975227
        ]
      }
    },
    {
      "type": "Feature",
      "properties": {
        "name": "Simpang Kuningan",
        "operator": "TransJakarta"
      },
      "geometry": {
        "type": "Point",
        "coordinates": [
          106.8280275,
          -6.237293
        ]
      }
    },
    {
      "type": "Feature",
      "properties": {
        "name": "Tegal Parang Arah Barat",
        "operator": "TransJakarta"
      },
      "geometry": {
        "type": "Point",
        "coordinates": [
          106.8302006,
          -6.2388245
        ]
      }
    },
    {
      "type": "Feature",
      "properties": {
        "name": "Tebet Eco Park Arah Barat",
        "operator": "TransJakarta"
      },
      "geometry": {
        "type": "Point",
        "coordinates": [
          106.8521139,
          -6.2433305
        ]
      }
    },
    {
      "type": "Feature",
      "properties": {
        "name": "Cikoko Arah Timur",
        "operator": "TransJakarta"
      },
      "geometry": {
        "type": "Point",
        "coordinates": [
          106.8580894,
          -6.2430332
        ]
      }
    },
    {
      "type": "Feature",
      "properties": {
        "name": "Ciliwung Arah Barat",
        "operator": "TransJakarta"
      },
      "geometry": {
        "type": "Point",
        "coordinates": [
          106.8635661,
          -6.2432742
        ]
      }
    },
    {
      "type": "Feature",
      "properties": {
        "name": "Makasar",
        "operator": "TransJakarta"
      },
      "geometry": {
        "type": "Point",
        "coordinates": [
          106.8811558,
          -6.29014
        ]
      }
    },
    {
      "type": "Feature",
      "properties": {
        "name": "Simpang Cempaka",
        "operator": "TransJakarta"
      },
      "geometry": {
        "type": "Point",
        "coordinates": [
          106.8792834,
          -6.1657558
        ]
      }
    },
    {
      "type": "Feature",
      "properties": {
        "name": "Kodamar",
        "operator": "TransJakarta"
      },
      "geometry": {
        "type": "Point",
        "coordinates": [
          106.8817202,
          -6.1620313
        ]
      }
    },
    {
      "type": "Feature",
      "properties": {
        "name": "Sunter Kelapa Gading",
        "operator": "TransJakarta"
      },
      "geometry": {
        "type": "Point",
        "coordinates": [
          106.8907539,
          -6.1428129
        ]
      }
    },
    {
      "type": "Feature",
      "properties": {
        "name": "Plumpang",
        "operator": "TransJakarta"
      },
      "geometry": {
        "type": "Point",
        "coordinates": [
          106.8936822,
          -6.128381
        ]
      }
    },
    {
      "type": "Feature",
      "properties": {
        "name": "Walikota Jakarta Utara Arah Utara",
        "operator": "TransJakarta"
      },
      "geometry": {
        "type": "Point",
        "coordinates": [
          106.8931343,
          -6.1188339
        ]
      }
    },
    {
      "type": "Feature",
      "properties": {
        "name": "Koja",
        "operator": "TransJakarta"
      },
      "geometry": {
        "type": "Point",
        "coordinates": [
          106.8930724,
          -6.1140867
        ]
      }
    },
    {
      "type": "Feature",
      "properties": {
        "name": "Mambo",
        "operator": "TransJakarta"
      },
      "geometry": {
        "type": "Point",
        "coordinates": [
          106.8924627,
          -6.1101242
        ]
      }
    },
    {
      "type": "Feature",
      "properties": {
        "name": "Tanjung Priok",
        "operator": "TransJakarta"
      },
      "geometry": {
        "type": "Point",
        "coordinates": [
          106.8821338,
          -6.1095827
        ]
      }
    },
    {
      "type": "Feature",
      "properties": {
        "name": "Ciledug",
        "operator": "TransJakarta"
      },
      "geometry": {
        "type": "Point",
        "coordinates": [
          106.7090532,
          -6.2236395
        ]
      }
    },
    {
      "type": "Feature",
      "properties": {
        "name": "Pasar Baru",
        "operator": "TransJakarta"
      },
      "geometry": {
        "type": "Point",
        "coordinates": [
          106.834809,
          -6.1660746
        ]
      }
    },
    {
      "type": "Feature",
      "properties": {
        "name": "Gedong Panjang",
        "operator": "TransJakarta"
      },
      "geometry": {
        "type": "Point",
        "coordinates": [
          106.8059639,
          -6.1325821
        ]
      }
    },
    {
      "type": "Feature",
      "properties": {
        "name": "Sunter Karya",
        "operator": "TransJakarta"
      },
      "geometry": {
        "type": "Point",
        "coordinates": [
          106.8708549,
          -6.1376043
        ]
      }
    },
    {
      "type": "Feature",
      "properties": {
        "name": "Sunter Utara",
        "operator": "TransJakarta"
      },
      "geometry": {
        "type": "Point",
        "coordinates": [
          106.8591439,
          -6.1397502
        ]
      }
    },
    {
      "type": "Feature",
      "properties": {
        "name": "Sunter Boulevard Barat",
        "operator": "TransJakarta"
      },
      "geometry": {
        "type": "Point",
        "coordinates": [
          106.8889878,
          -6.1496239
        ]
      }
    },
    {
      "type": "Feature",
      "properties": {
        "name": "Jakarta International Stadium",
        "operator": "TransJakarta"
      },
      "geometry": {
        "type": "Point",
        "coordinates": [
          106.8555557,
          -6.1267701
        ]
      }
    },
    {
      "type": "Feature",
      "properties": {
        "name": "Lebak Bulus",
        "operator": "TransJakarta"
      },
      "geometry": {
        "type": "Point",
        "coordinates": [
          106.7740093,
          -6.2894213
        ]
      }
    },
    {
      "type": "Feature",
      "properties": {
        "name": "Pondok Pinang",
        "operator": "TransJakarta"
      },
      "geometry": {
        "type": "Point",
        "coordinates": [
          106.7720653,
          -6.2821395
        ]
      }
    },
    {
      "type": "Feature",
      "properties": {
        "name": "Simpang Cawang",
        "operator": "TransJakarta"
      },
      "geometry": {
        "type": "Point",
        "coordinates": [
          106.8759872,
          -6.2447363
        ]
      }
    },
    {
      "type": "Feature",
      "properties": {
        "name": "Transjakarta Pintu 1",
        "operator": "TransJakarta"
      },
      "geometry": {
        "type": "Point",
        "coordinates": [
          106.8736147,
          -6.2526907
        ]
      }
    },
    {
      "type": "Feature",
      "properties": {
        "name": "Flyover Pondok Kopi",
        "operator": "TransJakarta"
      },
      "geometry": {
        "type": "Point",
        "coordinates": [
          106.9305146,
          -6.2166998
        ]
      }
    },
    {
      "type": "Feature",
      "properties": {
        "name": "Simpang Buaran",
        "operator": "TransJakarta"
      },
      "geometry": {
        "type": "Point",
        "coordinates": [
          106.9243455,
          -6.2159812
        ]
      }
    },
    {
      "type": "Feature",
      "properties": {
        "name": "Buaran",
        "operator": "TransJakarta"
      },
      "geometry": {
        "type": "Point",
        "coordinates": [
          106.9177167,
          -6.2151475
        ]
      }
    },
    {
      "type": "Feature",
      "properties": {
        "name": "Kampung Sumur",
        "operator": "TransJakarta"
      },
      "geometry": {
        "type": "Point",
        "coordinates": [
          106.9118897,
          -6.2144062
        ]
      }
    },
    {
      "type": "Feature",
      "properties": {
        "name": "Klender",
        "operator": "TransJakarta"
      },
      "geometry": {
        "type": "Point",
        "coordinates": [
          106.903022,
          -6.2135919
        ]
      }
    },
    {
      "type": "Feature",
      "properties": {
        "name": "Stasiun Klender",
        "operator": "TransJakarta"
      },
      "geometry": {
        "type": "Point",
        "coordinates": [
          106.8986733,
          -6.2135375
        ]
      }
    },
    {
      "type": "Feature",
      "properties": {
        "name": "Cipinang",
        "operator": "TransJakarta"
      },
      "geometry": {
        "type": "Point",
        "coordinates": [
          106.889475,
          -6.2137785
        ]
      }
    },
    {
      "type": "Feature",
      "properties": {
        "name": "Flyover Cipinang",
        "operator": "TransJakarta"
      },
      "geometry": {
        "type": "Point",
        "coordinates": [
          106.8823798,
          -6.2146242
        ]
      }
    },
    {
      "type": "Feature",
      "properties": {
        "name": "Pasar Enjo",
        "operator": "TransJakarta"
      },
      "geometry": {
        "type": "Point",
        "coordinates": [
          106.8783583,
          -6.2148634
        ]
      }
    },
    {
      "type": "Feature",
      "properties": {
        "name": "Flyover Jatinegara Arah Barat dan Timur",
        "operator": "TransJakarta"
      },
      "geometry": {
        "type": "Point",
        "coordinates": [
          106.8735702,
          -6.2151576
        ]
      }
    },
    {
      "type": "Feature",
      "properties": {
        "name": "Stasiun Jatinegara",
        "operator": "TransJakarta"
      },
      "geometry": {
        "type": "Point",
        "coordinates": [
          106.8693599,
          -6.2154315
        ]
      }
    },
    {
      "type": "Feature",
      "properties": {
        "name": "Transjakarta Pool Klender",
        "operator": "TransJakarta"
      },
      "geometry": {
        "type": "Point",
        "coordinates": [
          106.9030401,
          -6.2051312
        ]
      }
    },
    {
      "type": "Feature",
      "properties": {
        "name": "Danau Sunter",
        "operator": "TransJakarta"
      },
      "geometry": {
        "type": "Point",
        "coordinates": [
          106.8569998,
          -6.1409856
        ]
      }
    },
    {
      "type": "Feature",
      "properties": {
        "name": "Danau Agung",
        "operator": "TransJakarta"
      },
      "geometry": {
        "type": "Point",
        "coordinates": [
          106.8580491,
          -6.1467608
        ]
      }
    },
    {
      "type": "Feature",
      "properties": {
        "name": "Landasan Pacu",
        "operator": "TransJakarta"
      },
      "geometry": {
        "type": "Point",
        "coordinates": [
          106.8542492,
          -6.1521691
        ]
      }
    },
    {
      "type": "Feature",
      "properties": {
        "name": "Jembatan Item",
        "operator": "TransJakarta"
      },
      "geometry": {
        "type": "Point",
        "coordinates": [
          106.8551824,
          -6.1309273
        ]
      }
    },
    {
      "type": "Feature",
      "properties": {
        "name": "Bandengan",
        "operator": "TransJakarta"
      },
      "geometry": {
        "type": "Point",
        "coordinates": [
          106.8035213,
          -6.1362966
        ]
      }
    },
    {
      "type": "Feature",
      "properties": {
        "name": "Pakin",
        "operator": "TransJakarta"
      },
      "geometry": {
        "type": "Point",
        "coordinates": [
          106.8046215,
          -6.12745
        ]
      }
    },
    {
      "type": "Feature",
      "properties": {
        "name": "Mangga Dua Raya",
        "operator": "TransJakarta"
      },
      "geometry": {
        "type": "Point",
        "coordinates": [
          106.817922,
          -6.1375975
        ]
      }
    },
    {
      "type": "Feature",
      "properties": {
        "name": "Mangga Dua",
        "operator": "TransJakarta"
      },
      "geometry": {
        "type": "Point",
        "coordinates": [
          106.8259721,
          -6.1361662
        ]
      }
    },
    {
      "type": "Feature",
      "properties": {
        "name": "Tanah Tinggi",
        "operator": "TransJakarta"
      },
      "geometry": {
        "type": "Point",
        "coordinates": [
          106.8522123,
          -6.1712184
        ]
      }
    },
    {
      "type": "Feature",
      "properties": {
        "name": "Kemayoran",
        "operator": "TransJakarta"
      },
      "geometry": {
        "type": "Point",
        "coordinates": [
          106.8513616,
          -6.1579218
        ]
      }
    },
    {
      "type": "Feature",
      "properties": {
        "name": "Kebayoran",
        "operator": "TransJakarta"
      },
      "geometry": {
        "type": "Point",
        "coordinates": [
          106.7832306,
          -6.238405
        ]
      }
    },
    {
      "type": "Feature",
      "properties": {
        "name": "Simprug",
        "operator": "TransJakarta"
      },
      "geometry": {
        "type": "Point",
        "coordinates": [
          106.7865331,
          -6.2339046
        ]
      }
    },
    {
      "type": "Feature",
      "properties": {
        "name": "Tarakan",
        "operator": "TransJakarta"
      },
      "geometry": {
        "type": "Point",
        "coordinates": [
          106.8101222,
          -6.1711549
        ]
      }
    },
    {
      "type": "Feature",
      "properties": {
        "name": "Tomang Raya",
        "operator": "TransJakarta"
      },
      "geometry": {
        "type": "Point",
        "coordinates": [
          106.8004235,
          -6.1768647
        ]
      }
    },
    {
      "type": "Feature",
      "properties": {
        "name": "Penggilingan",
        "operator": "TransJakarta"
      },
      "geometry": {
        "type": "Point",
        "coordinates": [
          106.9396352,
          -6.2138973
        ]
      }
    },
    {
      "type": "Feature",
      "properties": {
        "name": "Walikota Jakarta Timur",
        "operator": "TransJakarta"
      },
      "geometry": {
        "type": "Point",
        "coordinates": [
          106.9453986,
          -6.2125126
        ]
      }
    },
    {
      "type": "Feature",
      "properties": {
        "name": "Puri Beta 1",
        "operator": "TransJakarta"
      },
      "geometry": {
        "type": "Point",
        "coordinates": [
          106.7260168,
          -6.2305403
        ]
      }
    },
    {
      "type": "Feature",
      "properties": {
        "name": "Halim",
        "operator": "TransJakarta"
      },
      "geometry": {
        "type": "Point",
        "coordinates": [
          106.878113,
          -6.2390597
        ]
      }
    },
    {
      "type": "Feature",
      "properties": {
        "name": "Kebon Nanas",
        "operator": "TransJakarta"
      },
      "geometry": {
        "type": "Point",
        "coordinates": [
          106.8763879,
          -6.2315232
        ]
      }
    },
    {
      "type": "Feature",
      "properties": {
        "name": "Pedati Prumpung",
        "operator": "TransJakarta"
      },
      "geometry": {
        "type": "Point",
        "coordinates": [
          106.8744253,
          -6.2201251
        ]
      }
    },
    {
      "type": "Feature",
      "properties": {
        "name": "Flyover Jatinegara Arah Utara",
        "operator": "TransJakarta"
      },
      "geometry": {
        "type": "Point",
        "coordinates": [
          106.8740917,
          -6.2155601
        ]
      }
    },
    {
      "type": "Feature",
      "properties": {
        "name": "Pisangan",
        "operator": "TransJakarta"
      },
      "geometry": {
        "type": "Point",
        "coordinates": [
          106.873776,
          -6.2054846
        ]
      }
    },
    {
      "type": "Feature",
      "properties": {
        "name": "Polsek Cengkareng 1",
        "operator": "TransJakarta"
      },
      "geometry": {
        "type": "Point",
        "coordinates": [
          106.7287954,
          -6.1465406
        ]
      }
    },
    {
      "type": "Feature",
      "properties": {
        "name": "SMKN 42",
        "operator": "TransJakarta"
      },
      "geometry": {
        "type": "Point",
        "coordinates": [
          106.7293681,
          -6.1440935
        ]
      }
    },
    {
      "type": "Feature",
      "properties": {
        "name": "Puri Agung",
        "operator": "TransJakarta"
      },
      "geometry": {
        "type": "Point",
        "coordinates": [
          106.7279719,
          -6.1509846
        ]
      }
    },
    {
      "type": "Feature",
      "properties": {
        "name": "Ramayana Cengkareng",
        "operator": "TransJakarta"
      },
      "geometry": {
        "type": "Point",
        "coordinates": [
          106.7279933,
          -6.1531991
        ]
      }
    },
    {
      "type": "Feature",
      "properties": {
        "name": "Pasar Cakung",
        "operator": "TransJakarta"
      },
      "geometry": {
        "type": "Point",
        "coordinates": [
          106.9376142,
          -6.1826868
        ]
      }
    },
    {
      "type": "Feature",
      "properties": {
        "name": "Pasar Modern",
        "operator": "TransJakarta"
      },
      "geometry": {
        "type": "Point",
        "coordinates": [
          106.9742108,
          -6.1685944
        ]
      }
    },
    {
      "type": "Feature",
      "properties": {
        "name": "Pinang Ranti",
        "operator": "TransJakarta"
      },
      "geometry": {
        "type": "Point",
        "coordinates": [
          106.8864703,
          -6.2912347
        ]
      }
    },
    {
      "type": "Feature",
      "properties": {
        "name": "Seberang Rumkitban Bintaro",
        "operator": "TransJakarta"
      },
      "geometry": {
        "type": "Point",
        "coordinates": [
          106.7563128,
          -6.2583313
        ]
      }
    },
    {
      "type": "Feature",
      "properties": {
        "name": "Seberang SD Kartika X-4",
        "operator": "TransJakarta"
      },
      "geometry": {
        "type": "Point",
        "coordinates": [
          106.7562088,
          -6.2592595
        ]
      }
    },
    {
      "type": "Feature",
      "properties": {
        "name": "SDN Pesanggrahan 10",
        "operator": "TransJakarta"
      },
      "geometry": {
        "type": "Point",
        "coordinates": [
          106.7569066,
          -6.2597229
        ]
      }
    },
    {
      "type": "Feature",
      "properties": {
        "name": "Kodam Bintaro",
        "operator": "TransJakarta"
      },
      "geometry": {
        "type": "Point",
        "coordinates": [
          106.7587058,
          -6.2594446
        ]
      }
    },
    {
      "type": "Feature",
      "properties": {
        "name": "Masjid Hifdzirrahim",
        "operator": "TransJakarta"
      },
      "geometry": {
        "type": "Point",
        "coordinates": [
          106.7595938,
          -6.2573482
        ]
      }
    },
    {
      "type": "Feature",
      "properties": {
        "name": "Kedoya",
        "operator": "TransJakarta"
      },
      "geometry": {
        "type": "Point",
        "coordinates": [
          106.7630403,
          -6.1644482
        ]
      }
    },
    {
      "type": "Feature",
      "properties": {
        "name": "Kedoya Panjang",
        "operator": "TransJakarta"
      },
      "geometry": {
        "type": "Point",
        "coordinates": [
          106.7658822,
          -6.1745028
        ]
      }
    },
    {
      "type": "Feature",
      "properties": {
        "name": "Duri Kepa",
        "operator": "TransJakarta"
      },
      "geometry": {
        "type": "Point",
        "coordinates": [
          106.7684309,
          -6.1852714
        ]
      }
    },
    {
      "type": "Feature",
      "properties": {
        "name": "Kelapa Dua Sasak",
        "operator": "TransJakarta"
      },
      "geometry": {
        "type": "Point",
        "coordinates": [
          106.7695342,
          -6.2055527
        ]
      }
    },
    {
      "type": "Feature",
      "properties": {
        "name": "Pos Pengumben",
        "operator": "TransJakarta"
      },
      "geometry": {
        "type": "Point",
        "coordinates": [
          106.7722514,
          -6.2129301
        ]
      }
    },
    {
      "type": "Feature",
      "properties": {
        "name": "Terminal Pulogebang",
        "operator": "TransJakarta"
      },
      "geometry": {
        "type": "Point",
        "coordinates": [
          106.9532164,
          -6.2133582
        ]
      }
    },
    {
      "type": "Feature",
      "properties": {
        "name": "Arteri",
        "operator": "TransJakarta"
      },
      "geometry": {
        "type": "Point",
        "coordinates": [
          106.7775818,
          -6.2183913
        ]
      }
    },
    {
      "type": "Feature",
      "properties": {
        "name": "Permata Hijau",
        "operator": "TransJakarta"
      },
      "geometry": {
        "type": "Point",
        "coordinates": [
          106.7832234,
          -6.2214188
        ]
      }
    },
    {
      "type": "Feature",
      "properties": {
        "name": "Bungur",
        "operator": "TransJakarta"
      },
      "geometry": {
        "type": "Point",
        "coordinates": [
          106.781646,
          -6.2526735
        ]
      }
    },
    {
      "type": "Feature",
      "properties": {
        "name": "Tanah Kusir",
        "operator": "TransJakarta"
      },
      "geometry": {
        "type": "Point",
        "coordinates": [
          106.7816931,
          -6.2569704
        ]
      }
    },
    {
      "type": "Feature",
      "properties": {
        "name": "Pondok Indah",
        "operator": "TransJakarta"
      },
      "geometry": {
        "type": "Point",
        "coordinates": [
          106.7836553,
          -6.2672166
        ]
      }
    },
    {
      "type": "Feature",
      "properties": {
        "name": "Underpass Lebak Bulus",
        "operator": "TransJakarta"
      },
      "geometry": {
        "type": "Point",
        "coordinates": [
          106.7800029,
          -6.2867388
        ]
      }
    },
    {
      "type": "Feature",
      "properties": {
        "name": "Transjakarta Pool Rawa Buaya",
        "operator": "TransJakarta"
      },
      "geometry": {
        "type": "Point",
        "coordinates": [
          106.72692,
          -6.1590267
        ]
      }
    },
    {
      "type": "Feature",
      "properties": {
        "name": "Transjakarta Tanah Abang 1",
        "operator": "TransJakarta"
      },
      "geometry": {
        "type": "Point",
        "coordinates": [
          106.8110465,
          -6.1856937
        ]
      }
    },
    {
      "type": "Feature",
      "properties": {
        "name": "Halte Pasifik",
        "operator": "TransJakarta"
      },
      "geometry": {
        "type": "Point",
        "coordinates": [
          106.5744635,
          -6.20006
        ]
      }
    },
    {
      "type": "Feature",
      "properties": {
        "name": "Halte Asem",
        "operator": "TransJakarta"
      },
      "geometry": {
        "type": "Point",
        "coordinates": [
          106.5754136,
          -6.1992908
        ]
      }
    },
    {
      "type": "Feature",
      "properties": {
        "name": "Halte Cikoneng",
        "operator": "TransJakarta"
      },
      "geometry": {
        "type": "Point",
        "coordinates": [
          106.5802676,
          -6.1975884
        ]
      }
    },
    {
      "type": "Feature",
      "properties": {
        "name": "Halte Gor Gandasari",
        "operator": "TransJakarta"
      },
      "geometry": {
        "type": "Point",
        "coordinates": [
          106.5869047,
          -6.1966017
        ]
      }
    },
    {
      "type": "Feature",
      "properties": {
        "name": "Halte Kecamatan Jatiuwung",
        "operator": "TransJakarta"
      },
      "geometry": {
        "type": "Point",
        "coordinates": [
          106.589524,
          -6.1911515
        ]
      }
    },
    {
      "type": "Feature",
      "properties": {
        "name": "Halte Keroncong",
        "operator": "TransJakarta"
      },
      "geometry": {
        "type": "Point",
        "coordinates": [
          106.590906,
          -6.1899102
        ]
      }
    },
    {
      "type": "Feature",
      "properties": {
        "name": "Halte Cimone Jaya",
        "operator": "TransJakarta"
      },
      "geometry": {
        "type": "Point",
        "coordinates": [
          106.6112287,
          -6.1853755
        ]
      }
    },
    {
      "type": "Feature",
      "properties": {
        "name": "Halte Rajawali",
        "operator": "TransJakarta"
      },
      "geometry": {
        "type": "Point",
        "coordinates": [
          106.6162825,
          -6.1857995
        ]
      }
    },
    {
      "type": "Feature",
      "properties": {
        "name": "Halte Kenaiban",
        "operator": "TransJakarta"
      },
      "geometry": {
        "type": "Point",
        "coordinates": [
          106.6218066,
          -6.1795021
        ]
      }
    },
    {
      "type": "Feature",
      "properties": {
        "name": "Halte Sinar Hati",
        "operator": "TransJakarta"
      },
      "geometry": {
        "type": "Point",
        "coordinates": [
          106.6222777,
          -6.1793576
        ]
      }
    },
    {
      "type": "Feature",
      "properties": {
        "name": "Halte SPBU Gerendeng",
        "operator": "TransJakarta"
      },
      "geometry": {
        "type": "Point",
        "coordinates": [
          106.6253252,
          -6.1735932
        ]
      }
    },
    {
      "type": "Feature",
      "properties": {
        "name": "Halte Robinson",
        "operator": "TransJakarta"
      },
      "geometry": {
        "type": "Point",
        "coordinates": [
          106.6300941,
          -6.1748624
        ]
      }
    },
    {
      "type": "Feature",
      "properties": {
        "name": "Halte PLN",
        "operator": "TransJakarta"
      },
      "geometry": {
        "type": "Point",
        "coordinates": [
          106.6317064,
          -6.1717415
        ]
      }
    },
    {
      "type": "Feature",
      "properties": {
        "name": "Halte Pintu Air",
        "operator": "TransJakarta"
      },
      "geometry": {
        "type": "Point",
        "coordinates": [
          106.6341399,
          -6.1688752
        ]
      }
    },
    {
      "type": "Feature",
      "properties": {
        "name": "Halte Satria",
        "operator": "TransJakarta"
      },
      "geometry": {
        "type": "Point",
        "coordinates": [
          106.6365566,
          -6.1713424
        ]
      }
    },
    {
      "type": "Feature",
      "properties": {
        "name": "Halte Pesanggrahan",
        "operator": "TransJakarta"
      },
      "geometry": {
        "type": "Point",
        "coordinates": [
          106.6416634,
          -6.1671958
        ]
      }
    },
    {
      "type": "Feature",
      "properties": {
        "name": "Halte SMPN 5",
        "operator": "TransJakarta"
      },
      "geometry": {
        "type": "Point",
        "coordinates": [
          106.6426316,
          -6.1668998
        ]
      }
    },
    {
      "type": "Feature",
      "properties": {
        "name": "Halte Imigrasi",
        "operator": "TransJakarta"
      },
      "geometry": {
        "type": "Point",
        "coordinates": [
          106.6439529,
          -6.1704886
        ]
      }
    },
    {
      "type": "Feature",
      "properties": {
        "name": "Halte Pasar Induk Tanah",
        "operator": "TransJakarta"
      },
      "geometry": {
        "type": "Point",
        "coordinates": [
          106.6444169,
          -6.1735328
        ]
      }
    },
    {
      "type": "Feature",
      "properties": {
        "name": "Halte Royal",
        "operator": "TransJakarta"
      },
      "geometry": {
        "type": "Point",
        "coordinates": [
          106.6554746,
          -6.1741707
        ]
      }
    },
    {
      "type": "Feature",
      "properties": {
        "name": "Halte Veteran",
        "operator": "TransJakarta"
      },
      "geometry": {
        "type": "Point",
        "coordinates": [
          106.6414885,
          -6.1855469
        ]
      }
    },
    {
      "type": "Feature",
      "properties": {
        "name": "Halte Babakan",
        "operator": "TransJakarta"
      },
      "geometry": {
        "type": "Point",
        "coordinates": [
          106.6368379,
          -6.1935073
        ]
      }
    },
    {
      "type": "Feature",
      "properties": {
        "name": "Halte LP wanita",
        "operator": "TransJakarta"
      },
      "geometry": {
        "type": "Point",
        "coordinates": [
          106.6383913,
          -6.1900295
        ]
      }
    },
    {
      "type": "Feature",
      "properties": {
        "name": "Halte SDN sukasari 4&5",
        "operator": "TransJakarta"
      },
      "geometry": {
        "type": "Point",
        "coordinates": [
          106.6381524,
          -6.1904601
        ]
      }
    },
    {
      "type": "Feature",
      "properties": {
        "name": "Halte Sudimara Pinang",
        "operator": "TransJakarta"
      },
      "geometry": {
        "type": "Point",
        "coordinates": [
          106.6884355,
          -6.2218723
        ]
      }
    },
    {
      "type": "Feature",
      "properties": {
        "name": "Halte Pinang 1",
        "operator": "TransJakarta"
      },
      "geometry": {
        "type": "Point",
        "coordinates": [
          106.6874294,
          -6.2192342
        ]
      }
    },
    {
      "type": "Feature",
      "properties": {
        "name": "Halte Mts",
        "operator": "TransJakarta"
      },
      "geometry": {
        "type": "Point",
        "coordinates": [
          106.6877446,
          -6.2166674
        ]
      }
    },
    {
      "type": "Feature",
      "properties": {
        "name": "Halte Pinang",
        "operator": "TransJakarta"
      },
      "geometry": {
        "type": "Point",
        "coordinates": [
          106.688214,
          -6.2144915
        ]
      }
    },
    {
      "type": "Feature",
      "properties": {
        "name": "Halte Nerogtog",
        "operator": "TransJakarta"
      },
      "geometry": {
        "type": "Point",
        "coordinates": [
          106.6892493,
          -6.2013246
        ]
      }
    },
    {
      "type": "Feature",
      "properties": {
        "name": "Halte Kenanga",
        "operator": "TransJakarta"
      },
      "geometry": {
        "type": "Point",
        "coordinates": [
          106.6846895,
          -6.1993939
        ]
      }
    },
    {
      "type": "Feature",
      "properties": {
        "name": "Halte Kecamatan Cipondoh",
        "operator": "TransJakarta"
      },
      "geometry": {
        "type": "Point",
        "coordinates": [
          106.6767521,
          -6.1948408
        ]
      }
    },
    {
      "type": "Feature",
      "properties": {
        "name": "Halte Poris Plawad Indah",
        "operator": "TransJakarta"
      },
      "geometry": {
        "type": "Point",
        "coordinates": [
          106.6687881,
          -6.1908082
        ]
      }
    },
    {
      "type": "Feature",
      "properties": {
        "name": "Halte Panglima Polim",
        "operator": "TransJakarta"
      },
      "geometry": {
        "type": "Point",
        "coordinates": [
          106.6625276,
          -6.1878083
        ]
      }
    },
    {
      "type": "Feature",
      "properties": {
        "name": "Halte Poris Plawad",
        "operator": "TransJakarta"
      },
      "geometry": {
        "type": "Point",
        "coordinates": [
          106.66201,
          -6.1877763
        ]
      }
    },
    {
      "type": "Feature",
      "properties": {
        "name": "Halte Rumah Sakit",
        "operator": "TransJakarta"
      },
      "geometry": {
        "type": "Point",
        "coordinates": [
          106.6476512,
          -6.1846449
        ]
      }
    },
    {
      "type": "Feature",
      "properties": {
        "name": "Transjakarta Pintu 2",
        "operator": "TransJakarta"
      },
      "geometry": {
        "type": "Point",
        "coordinates": [
          106.8765033,
          -6.2549993
        ]
      }
    },
    {
      "type": "Feature",
      "properties": {
        "name": "Seberang Jalan Beo",
        "operator": "TransJakarta"
      },
      "geometry": {
        "type": "Point",
        "coordinates": [
          106.7596816,
          -6.2566005
        ]
      }
    },
    {
      "type": "Feature",
      "properties": {
        "name": "Gading Serpong 1",
        "operator": "TransJakarta"
      },
      "geometry": {
        "type": "Point",
        "coordinates": [
          106.641379,
          -6.2307413
        ]
      }
    },
    {
      "type": "Feature",
      "properties": {
        "name": "Pool PPD Transjakarta Ciputat",
        "operator": "TransJakarta"
      },
      "geometry": {
        "type": "Point",
        "coordinates": [
          106.7487456,
          -6.3319476
        ]
      }
    },
    {
      "type": "Feature",
      "properties": {
        "name": "Transjakarta Chairil Anwar 1",
        "operator": "TransJakarta"
      },
      "geometry": {
        "type": "Point",
        "coordinates": [
          107.0043258,
          -6.2558382
        ]
      }
    },
    {
      "type": "Feature",
      "properties": {
        "name": "Transjakarta Seberang Hasibuan",
        "operator": "TransJakarta"
      },
      "geometry": {
        "type": "Point",
        "coordinates": [
          107.0025012,
          -6.2528057
        ]
      }
    },
    {
      "type": "Feature",
      "properties": {
        "name": "Transjakarta Betos Cut Mutia",
        "operator": "TransJakarta"
      },
      "geometry": {
        "type": "Point",
        "coordinates": [
          107.0098046,
          -6.2536082
        ]
      }
    },
    {
      "type": "Feature",
      "properties": {
        "name": "Transjakarta Rawabaru Cut Mutia",
        "operator": "TransJakarta"
      },
      "geometry": {
        "type": "Point",
        "coordinates": [
          107.0068128,
          -6.25482
        ]
      }
    },
    {
      "type": "Feature",
      "properties": {
        "name": "Transjakarta Seberang Unisma",
        "operator": "TransJakarta"
      },
      "geometry": {
        "type": "Point",
        "coordinates": [
          107.005021,
          -6.2567468
        ]
      }
    },
    {
      "type": "Feature",
      "properties": {
        "name": "Transjakarta Unisma",
        "operator": "TransJakarta"
      },
      "geometry": {
        "type": "Point",
        "coordinates": [
          107.005458,
          -6.2565928
        ]
      }
    },
    {
      "type": "Feature",
      "properties": {
        "name": "Nuansa Cilangkap",
        "operator": "TransJakarta"
      },
      "geometry": {
        "type": "Point",
        "coordinates": [
          106.9040253,
          -6.341574
        ]
      }
    },
    {
      "type": "Feature",
      "properties": {
        "name": "Transjakarta Vida",
        "operator": "TransJakarta"
      },
      "geometry": {
        "type": "Point",
        "coordinates": [
          106.9852887,
          -6.3236225
        ]
      }
    },
    {
      "type": "Feature",
      "properties": {
        "name": "Halte Angkot Perumahan Harapan",
        "operator": "TransJakarta"
      },
      "geometry": {
        "type": "Point",
        "coordinates": [
          107.0016591,
          -6.2411642
        ]
      }
    },
    {
      "type": "Feature",
      "properties": {
        "name": "Sbr. Golf Bandar Kemayoran",
        "operator": "TransJakarta"
      },
      "geometry": {
        "type": "Point",
        "coordinates": [
          106.8538373,
          -6.1437293
        ]
      }
    },
    {
      "type": "Feature",
      "properties": {
        "name": "Sbr. The Mansion Bougenvile",
        "operator": "TransJakarta"
      },
      "geometry": {
        "type": "Point",
        "coordinates": [
          106.8553224,
          -6.1480393
        ]
      }
    },
    {
      "type": "Feature",
      "properties": {
        "name": "Jln. Angkasa Bundaran Kemayoran",
        "operator": "TransJakarta"
      },
      "geometry": {
        "type": "Point",
        "coordinates": [
          106.8506955,
          -6.1560187
        ]
      }
    },
    {
      "type": "Feature",
      "properties": {
        "name": "MGK Kemayoran",
        "operator": "TransJakarta"
      },
      "geometry": {
        "type": "Point",
        "coordinates": [
          106.8476051,
          -6.1534357
        ]
      }
    },
    {
      "type": "Feature",
      "properties": {
        "name": "Gereja Reformed Injili Indonesia",
        "operator": "TransJakarta"
      },
      "geometry": {
        "type": "Point",
        "coordinates": [
          106.8443503,
          -6.153101
        ]
      }
    },
    {
      "type": "Feature",
      "properties": {
        "name": "Pusat Pengelolaan Komplek Kemayoran",
        "operator": "TransJakarta"
      },
      "geometry": {
        "type": "Point",
        "coordinates": [
          106.8418505,
          -6.1513923
        ]
      }
    },
    {
      "type": "Feature",
      "properties": {
        "name": "Jln. Angkasa 1",
        "operator": "TransJakarta"
      },
      "geometry": {
        "type": "Point",
        "coordinates": [
          106.8411234,
          -6.1507947
        ]
      }
    },
    {
      "type": "Feature",
      "properties": {
        "name": "SPBU Industri Kemayoran",
        "operator": "TransJakarta"
      },
      "geometry": {
        "type": "Point",
        "coordinates": [
          106.8383421,
          -6.148662
        ]
      }
    },
    {
      "type": "Feature",
      "properties": {
        "name": "Sbr. Jln. Industri I",
        "operator": "TransJakarta"
      },
      "geometry": {
        "type": "Point",
        "coordinates": [
          106.8367746,
          -6.147632
        ]
      }
    },
    {
      "type": "Feature",
      "properties": {
        "name": "Sbr. Industri SPBU Shell",
        "operator": "TransJakarta"
      },
      "geometry": {
        "type": "Point",
        "coordinates": [
          106.8353693,
          -6.1466503
        ]
      }
    },
    {
      "type": "Feature",
      "properties": {
        "name": "Jln. Jembatan Merah",
        "operator": "TransJakarta"
      },
      "geometry": {
        "type": "Point",
        "coordinates": [
          106.8332233,
          -6.145338
        ]
      }
    },
    {
      "type": "Feature",
      "properties": {
        "name": "Taman Pangeran Jayakarta",
        "operator": "TransJakarta"
      },
      "geometry": {
        "type": "Point",
        "coordinates": [
          106.8319759,
          -6.1445497
        ]
      }
    },
    {
      "type": "Feature",
      "properties": {
        "name": "Gedung Baja",
        "operator": "TransJakarta"
      },
      "geometry": {
        "type": "Point",
        "coordinates": [
          106.8308051,
          -6.1437707
        ]
      }
    },
    {
      "type": "Feature",
      "properties": {
        "name": "Ruko Pangeran Jayakarta",
        "operator": "TransJakarta"
      },
      "geometry": {
        "type": "Point",
        "coordinates": [
          106.8292552,
          -6.1427287
        ]
      }
    },
    {
      "type": "Feature",
      "properties": {
        "name": "Roda Mas Baja Intan",
        "operator": "TransJakarta"
      },
      "geometry": {
        "type": "Point",
        "coordinates": [
          106.8278366,
          -6.1417847
        ]
      }
    },
    {
      "type": "Feature",
      "properties": {
        "name": "Jln. Bandengan Utara Raya",
        "operator": "TransJakarta"
      },
      "geometry": {
        "type": "Point",
        "coordinates": [
          106.801019,
          -6.1363513
        ]
      }
    }
  ]
}