{"type":"FeatureCollection","features":[{"type":"Feature","properties":{"KODE_KEC":"32.15.17","KECAMATAN":"Telagasari","KAB_KOTA":"Karawang","dist_ind":16070.72,"camp_dens":0.0,"toll_pct":0.0,"sma_grad":1784,"area_km2":52.1865,"Pred_Reko":0},"geometry":{"type":"Polygon","coordinates":[[[107.41902,-6.30276],[107.41864,-6.30347],[107.41657,-6.30338],[107.41686,-6.30411],[107.4154,-6.30433],[107.41497,-6.30539],[107.41308,-6.30551],[107.41279,-6.30486],[107.40691,-6.30561],[107.40538,-6.30738],[107.39927,-6.30702],[107.39773,-6.30797],[107.39642,-6.30618],[107.38995,-6.30323],[107.38531,-6.30524],[107.38328,-6.30508],[107.38471,-6.30697],[107.38425,-6.30792],[107.38286,-6.30753],[107.37993,-6.3048],[107.37705,-6.30376],[107.37703,-6.30287],[107.37582,-6.30175],[107.37537,-6.29953],[107.37594,-6.29881],[107.37637,-6.29904],[107.37693,-6.29744],[107.37546,-6.29518],[107.37599,-6.29106],[107.377,-6.2892],[107.37703,-6.28455],[107.37805,-6.2802],[107.37685,-6.27766],[107.37615,-6.27334],[107.37754,-6.2676],[107.37903,-6.2653],[107.37913,-6.26118],[107.38131,-6.25689],[107.38054,-6.25476],[107.38075,-6.25293],[107.38223,-6.2514],[107.38718,-6.25011],[107.38844,-6.24771],[107.38915,-6.24327],[107.39138,-6.241],[107.39094,-6.23684],[107.39296,-6.23691],[107.39419,-6.24113],[107.39399,-6.2432],[107.39559,-6.2434],[107.39557,-6.24394],[107.40248,-6.24719],[107.40436,-6.24644],[107.40415,-6.24563],[107.40265,-6.24507],[107.40275,-6.24378],[107.4061,-6.24345],[107.40615,-6.2426],[107.40666,-6.24268],[107.40628,-6.24614],[107.41088,-6.2479],[107.412,-6.2474],[107.4121,-6.2465],[107.41892,-6.23935],[107.42403,-6.24251],[107.43008,-6.24145],[107.43163,-6.24066],[107.43142,-6.23536],[107.43356,-6.22927],[107.43642,-6.22886],[107.44775,-6.22925],[107.44843,-6.23107],[107.44858,-6.23721],[107.45525,-6.23748],[107.45569,-6.23825],[107.45512,-6.24086],[107.45377,-6.24314],[107.45439,-6.24383],[107.45291,-6.25613],[107.45254,-6.25676],[107.44974,-6.25648],[107.44844,-6.26393],[107.4468,-6.26434],[107.44615,-6.26556],[107.44597,-6.27128],[107.44473,-6.27311],[107.44506,-6.27414],[107.44275,-6.27467],[107.44199,-6.27687],[107.44233,-6.27855],[107.44145,-6.27861],[107.44239,-6.28198],[107.43716,-6.2871],[107.43517,-6.29564],[107.43192,-6.30392],[107.43068,-6.30283],[107.42907,-6.30378],[107.42674,-6.30272],[107.41902,-6.30276]]]}},{"type":"Feature","properties":{"KODE_KEC":"32.15.18","KECAMATAN":"Rawamerta","KAB_KOTA":"Karawang","dist_ind":15251.61,"camp_dens":0.0,"toll_pct":0.0,"sma_grad":4754,"area_km2":50.3682,"Pred_Reko":2},"geometry":{"type":"Polygon","coordinates":[[[107.33221,-6.25131],[107.32759,-6.25216],[107.32693,-6.25355],[107.3241,-6.25296],[107.32297,-6.25347],[107.32326,-6.25591],[107.32106,-6.26335],[107.31091,-6.26206],[107.31288,-6.2553],[107.30862,-6.25766],[107.30857,-6.25411],[107.30213,-6.25188],[107.30201,-6.25],[107.30625,-6.24226],[107.30536,-6.24048],[107.30513,-6.23607],[107.30388,-6.23536],[107.30094,-6.23549],[107.29776,-6.22991],[107.30836,-6.22997],[107.30881,-6.22658],[107.31462,-6.22487],[107.31574,-6.22008],[107.32393,-6.21871],[107.3311,-6.21438],[107.332,-6.21352],[107.33247,-6.20803],[107.34351,-6.21216],[107.3437,-6.21329],[107.34567,-6.21319],[107.34659,-6.21422],[107.36223,-6.2139],[107.37107,-6.21212],[107.37574,-6.20908],[107.37642,-6.20758],[107.37815,-6.19585],[107.37754,-6.19272],[107.37857,-6.19087],[107.37631,-6.18997],[107.37687,-6.18843],[107.37635,-6.18824],[107.38379,-6.18846],[107.38447,-6.18613],[107.38637,-6.18488],[107.39017,-6.18722],[107.3925,-6.18782],[107.39029,-6.19096],[107.38799,-6.20796],[107.39015,-6.21366],[107.39128,-6.21466],[107.38693,-6.22182],[107.38618,-6.22459],[107.38516,-6.2246],[107.38494,-6.22736],[107.38496,-6.22794],[107.38719,-6.22757],[107.38799,-6.22807],[107.38939,-6.23477],[107.39092,-6.23674],[107.39138,-6.241],[107.38915,-6.24327],[107.38844,-6.24771],[107.38718,-6.25011],[107.38223,-6.2514],[107.38075,-6.25293],[107.38054,-6.25476],[107.38131,-6.25689],[107.37981,-6.25905],[107.37896,-6.26319],[107.375,-6.26476],[107.37397,-6.26737],[107.37119,-6.26708],[107.36868,-6.26765],[107.36783,-6.26629],[107.35988,-6.26612],[107.35956,-6.26467],[107.35611,-6.2643],[107.35578,-6.26609],[107.34931,-6.26598],[107.34587,-6.2606],[107.33892,-6.26098],[107.33811,-6.25602],[107.33669,-6.25589],[107.33661,-6.25712],[107.33385,-6.25705],[107.33295,-6.25618],[107.33299,-6.25367],[107.33242,-6.25358],[107.33221,-6.25131]]]}},{"type":"Feature","properties":{"KODE_KEC":"32.15.16","KECAMATAN":"Tirtamulya","KAB_KOTA":"Karawang","dist_ind":8541.63,"camp_dens":0.0,"toll_pct":0.0,"sma_grad":3927,"area_km2":46.5707,"Pred_Reko":2},"geometry":{"type":"Polygon","coordinates":[[[107.47263,-6.36444],[107.47269,-6.37011],[107.47353,-6.37118],[107.47296,-6.3726],[107.47132,-6.37315],[107.46998,-6.37877],[107.46603,-6.37885],[107.45597,-6.38201],[107.44885,-6.37988],[107.44173,-6.3814],[107.43452,-6.38162],[107.4317,-6.38112],[107.43172,-6.38],[107.43087,-6.37921],[107.43181,-6.37686],[107.43161,-6.37618],[107.43059,-6.37597],[107.43142,-6.37474],[107.43011,-6.37322],[107.43164,-6.37217],[107.43216,-6.37293],[107.43352,-6.37179],[107.43418,-6.37213],[107.43598,-6.36868],[107.4359,-6.36515],[107.43463,-6.36479],[107.43327,-6.36243],[107.4311,-6.36112],[107.43094,-6.35952],[107.43019,-6.35937],[107.42986,-6.35848],[107.42974,-6.3567],[107.42897,-6.35633],[107.42913,-6.35564],[107.42824,-6.35461],[107.43075,-6.35085],[107.43247,-6.35102],[107.43298,-6.34918],[107.43446,-6.34871],[107.43413,-6.34716],[107.42668,-6.34653],[107.42608,-6.34028],[107.42691,-6.33777],[107.43134,-6.33742],[107.43793,-6.33517],[107.44437,-6.33542],[107.44573,-6.33491],[107.44954,-6.33064],[107.44783,-6.32518],[107.45287,-6.31956],[107.45485,-6.31394],[107.45524,-6.31097],[107.45686,-6.30651],[107.45585,-6.30607],[107.4563,-6.30452],[107.45502,-6.30388],[107.45556,-6.30114],[107.4625,-6.29867],[107.46323,-6.29906],[107.46528,-6.29543],[107.46688,-6.296],[107.46824,-6.29323],[107.47705,-6.29213],[107.48404,-6.293],[107.4841,-6.29441],[107.48562,-6.29495],[107.48682,-6.29638],[107.48968,-6.29616],[107.49053,-6.29811],[107.49123,-6.30011],[107.48843,-6.30642],[107.48704,-6.32312],[107.48531,-6.32871],[107.48594,-6.33489],[107.48491,-6.33734],[107.48591,-6.33788],[107.48639,-6.3406],[107.49193,-6.34902],[107.49504,-6.35171],[107.49701,-6.35503],[107.49867,-6.35581],[107.49901,-6.35737],[107.50051,-6.35804],[107.49959,-6.36019],[107.5,-6.36094],[107.48814,-6.36079],[107.48599,-6.36195],[107.47263,-6.36444]]]}},{"type":"Feature","properties":{"KODE_KEC":"32.15.19","KECAMATAN":"Lemahabang","KAB_KOTA":"Karawang","dist_ind":14591.32,"camp_dens":0.0,"toll_pct":0.0,"sma_grad":1510,"area_km2":53.4926,"Pred_Reko":1},"geometry":{"type":"Polygon","coordinates":[[[107.45287,-6.31956],[107.44783,-6.32518],[107.44954,-6.33064],[107.44573,-6.33491],[107.44437,-6.33542],[107.43793,-6.33517],[107.43134,-6.33742],[107.42691,-6.33777],[107.42753,-6.33707],[107.42819,-6.33194],[107.42764,-6.33026],[107.42655,-6.32991],[107.42377,-6.33052],[107.4219,-6.32977],[107.41906,-6.32987],[107.41819,-6.33006],[107.41879,-6.33147],[107.41673,-6.33422],[107.40771,-6.33433],[107.40677,-6.33378],[107.40563,-6.32763],[107.40447,-6.32529],[107.4036,-6.32518],[107.40617,-6.32144],[107.40722,-6.31717],[107.409,-6.31529],[107.41002,-6.31059],[107.41303,-6.30554],[107.41497,-6.30539],[107.4154,-6.30433],[107.41686,-6.30411],[107.41671,-6.30331],[107.41864,-6.30347],[107.41897,-6.30243],[107.42721,-6.30277],[107.42907,-6.30378],[107.43068,-6.30283],[107.43192,-6.30392],[107.43517,-6.29564],[107.43716,-6.2871],[107.44239,-6.28198],[107.44145,-6.27861],[107.44233,-6.27855],[107.44199,-6.27687],[107.44275,-6.27467],[107.44506,-6.27414],[107.44473,-6.27311],[107.44597,-6.27128],[107.44615,-6.26556],[107.4468,-6.26434],[107.44844,-6.26393],[107.44974,-6.25648],[107.45254,-6.25676],[107.45291,-6.25613],[107.45439,-6.24383],[107.45377,-6.24314],[107.45556,-6.23964],[107.45526,-6.23749],[107.47044,-6.23769],[107.47134,-6.23533],[107.47646,-6.2348],[107.47642,-6.23602],[107.48151,-6.23607],[107.48322,-6.23465],[107.4891,-6.23426],[107.49041,-6.2334],[107.49399,-6.23381],[107.49436,-6.23246],[107.50423,-6.23474],[107.50146,-6.24474],[107.50104,-6.24581],[107.5004,-6.24587],[107.49903,-6.24963],[107.49831,-6.24945],[107.49636,-6.25542],[107.49749,-6.25558],[107.4945,-6.27015],[107.49595,-6.27085],[107.49246,-6.2729],[107.49155,-6.27561],[107.48748,-6.28],[107.48824,-6.2825],[107.4874,-6.2844],[107.48644,-6.28455],[107.48562,-6.28693],[107.48624,-6.28912],[107.48559,-6.29318],[107.47599,-6.29209],[107.47323,-6.29239],[107.4724,-6.29303],[107.46824,-6.29323],[107.46688,-6.296],[107.46528,-6.29543],[107.46323,-6.29906],[107.4625,-6.29867],[107.45556,-6.30114],[107.45502,-6.30388],[107.4563,-6.30452],[107.45585,-6.30607],[107.45686,-6.30651],[107.45524,-6.31097],[107.45485,-6.31394],[107.45287,-6.31956]]]}},{"type":"Feature","properties":{"KODE_KEC":"32.15.10","KECAMATAN":"Pedes","KAB_KOTA":"Karawang","dist_ind":30916.98,"camp_dens":0.0,"toll_pct":0.0,"sma_grad":764,"area_km2":66.1092,"Pred_Reko":0},"geometry":{"type":"Polygon","coordinates":[[[107.35946,-6.14032],[107.35596,-6.13967],[107.35552,-6.14052],[107.35138,-6.13976],[107.35123,-6.14031],[107.34354,-6.13915],[107.3437,-6.13856],[107.34195,-6.13862],[107.3363,-6.13554],[107.33414,-6.13803],[107.33418,-6.13517],[107.33593,-6.13512],[107.3366,-6.12796],[107.33522,-6.11408],[107.32638,-6.10889],[107.32502,-6.1087],[107.32801,-6.10128],[107.32729,-6.10091],[107.33326,-6.08477],[107.33322,-6.08316],[107.33685,-6.08315],[107.3379,-6.0809],[107.34082,-6.08159],[107.34139,-6.08024],[107.35243,-6.08048],[107.35631,-6.07946],[107.35514,-6.07167],[107.35239,-6.06712],[107.35356,-6.06259],[107.36342,-6.04968],[107.3682,-6.04474],[107.36962,-6.04925],[107.375,-6.05243],[107.37559,-6.05487],[107.37886,-6.05901],[107.38151,-6.05973],[107.38558,-6.06218],[107.38675,-6.06169],[107.39009,-6.05605],[107.39184,-6.0546],[107.38817,-6.04677],[107.38735,-6.04014],[107.38574,-6.03871],[107.38585,-6.03718],[107.38385,-6.0347],[107.38674,-6.03289],[107.38715,-6.03219],[107.38626,-6.03047],[107.38811,-6.02939],[107.39018,-6.03335],[107.39274,-6.03151],[107.3905,-6.02696],[107.39366,-6.02469],[107.40555,-6.0411],[107.41278,-6.05459],[107.41215,-6.05525],[107.41659,-6.06462],[107.40838,-6.07048],[107.40395,-6.07559],[107.40419,-6.07639],[107.40305,-6.0783],[107.40129,-6.07829],[107.38915,-6.08693],[107.39054,-6.08914],[107.39223,-6.09034],[107.39596,-6.09059],[107.40015,-6.0898],[107.40111,-6.09053],[107.40138,-6.09334],[107.39984,-6.09578],[107.39987,-6.09717],[107.40271,-6.09793],[107.40362,-6.10269],[107.40706,-6.10402],[107.40724,-6.10825],[107.40189,-6.10908],[107.39992,-6.11019],[107.39768,-6.11561],[107.38949,-6.11576],[107.39171,-6.12212],[107.39038,-6.12372],[107.39007,-6.12688],[107.38705,-6.12966],[107.38639,-6.1328],[107.38035,-6.13033],[107.37643,-6.12991],[107.37635,-6.13058],[107.37499,-6.1308],[107.37491,-6.1285],[107.37174,-6.1284],[107.37004,-6.12892],[107.36758,-6.13781],[107.35955,-6.14152],[107.35946,-6.14032]]]}},{"type":"Feature","properties":{"KODE_KEC":"32.15.13","KECAMATAN":"Cikampek","KAB_KOTA":"Karawang","dist_ind":108.77,"camp_dens":0.0,"toll_pct":0.000676,"sma_grad":1641,"area_km2":36.3744,"Pred_Reko":2},"geometry":{"type":"Polygon","coordinates":[[[107.46161,-6.42224],[107.46256,-6.42643],[107.46102,-6.42696],[107.46124,-6.42877],[107.45986,-6.43236],[107.46127,-6.43278],[107.46141,-6.43405],[107.46013,-6.43502],[107.4597,-6.43652],[107.45667,-6.43753],[107.45477,-6.44017],[107.45286,-6.44159],[107.44505,-6.43856],[107.44247,-6.44521],[107.43748,-6.4479],[107.43479,-6.4529],[107.43188,-6.44981],[107.42727,-6.44659],[107.4271,-6.44542],[107.42566,-6.44433],[107.42503,-6.44327],[107.42521,-6.44169],[107.42434,-6.44151],[107.42195,-6.43798],[107.42184,-6.43409],[107.42268,-6.43243],[107.42045,-6.42966],[107.41967,-6.43022],[107.41909,-6.42906],[107.41749,-6.42899],[107.41677,-6.42746],[107.41496,-6.42673],[107.41362,-6.42711],[107.41311,-6.42824],[107.41104,-6.42746],[107.40985,-6.42785],[107.4075,-6.42893],[107.4075,-6.42982],[107.40563,-6.42945],[107.40503,-6.42991],[107.40482,-6.42905],[107.40318,-6.42908],[107.40257,-6.42818],[107.40112,-6.42808],[107.40195,-6.4276],[107.40108,-6.42739],[107.40151,-6.42689],[107.40101,-6.42553],[107.39902,-6.4251],[107.40153,-6.41932],[107.40191,-6.41706],[107.39985,-6.414],[107.39984,-6.40932],[107.40297,-6.40992],[107.40326,-6.40844],[107.40562,-6.40789],[107.40673,-6.40679],[107.41121,-6.40647],[107.41385,-6.40481],[107.41749,-6.40096],[107.42215,-6.39101],[107.42202,-6.38708],[107.42333,-6.38756],[107.42404,-6.38433],[107.42528,-6.38447],[107.42582,-6.3821],[107.42363,-6.38172],[107.42401,-6.38044],[107.43452,-6.38162],[107.44296,-6.38127],[107.44885,-6.37988],[107.45597,-6.38201],[107.45554,-6.38656],[107.46524,-6.39405],[107.45918,-6.4032],[107.46164,-6.40417],[107.46114,-6.40526],[107.46302,-6.4062],[107.46271,-6.40793],[107.46366,-6.4081],[107.46351,-6.40866],[107.46653,-6.40893],[107.46609,-6.41038],[107.46846,-6.41108],[107.4678,-6.41404],[107.46475,-6.41504],[107.46348,-6.41764],[107.46213,-6.41825],[107.45974,-6.41793],[107.4598,-6.41923],[107.46208,-6.41991],[107.4623,-6.42148],[107.46161,-6.42224]]]}},{"type":"Feature","properties":{"KODE_KEC":"32.15.14","KECAMATAN":"Jatisari","KAB_KOTA":"Karawang","dist_ind":11379.49,"camp_dens":0.0,"toll_pct":0.0,"sma_grad":2193,"area_km2":55.4005,"Pred_Reko":1},"geometry":{"type":"Polygon","coordinates":[[[107.52691,-6.40829],[107.52475,-6.40829],[107.52059,-6.39687],[107.51726,-6.39598],[107.51157,-6.39666],[107.50942,-6.39111],[107.50476,-6.38844],[107.50449,-6.3875],[107.50793,-6.38471],[107.50645,-6.38096],[107.50744,-6.37911],[107.5001,-6.37506],[107.49793,-6.36994],[107.49777,-6.36461],[107.49846,-6.36097],[107.5,-6.36094],[107.49959,-6.36019],[107.5005,-6.35792],[107.49901,-6.35737],[107.49867,-6.35581],[107.49701,-6.35503],[107.49504,-6.35171],[107.49193,-6.34902],[107.48639,-6.3406],[107.48591,-6.33788],[107.48491,-6.33734],[107.48594,-6.33489],[107.48531,-6.32871],[107.48704,-6.32312],[107.48715,-6.32055],[107.49506,-6.31764],[107.49539,-6.31556],[107.49703,-6.31353],[107.49862,-6.3053],[107.49987,-6.30453],[107.50265,-6.30483],[107.50311,-6.30291],[107.51098,-6.30619],[107.50526,-6.31365],[107.50536,-6.31547],[107.51503,-6.31226],[107.52244,-6.31196],[107.52232,-6.31455],[107.52279,-6.3149],[107.5222,-6.31804],[107.52411,-6.31948],[107.52531,-6.32243],[107.52355,-6.32862],[107.5253,-6.32875],[107.52882,-6.32713],[107.54183,-6.32907],[107.54315,-6.32963],[107.54426,-6.33318],[107.54688,-6.33537],[107.54792,-6.33913],[107.54911,-6.34056],[107.56089,-6.34512],[107.56589,-6.34612],[107.56463,-6.34704],[107.56291,-6.34995],[107.56513,-6.35149],[107.56538,-6.35285],[107.56229,-6.35499],[107.56183,-6.35891],[107.55942,-6.35891],[107.55969,-6.36163],[107.5583,-6.36245],[107.55827,-6.36447],[107.55567,-6.36505],[107.55514,-6.36291],[107.55424,-6.36267],[107.55317,-6.36375],[107.55339,-6.3658],[107.54938,-6.36946],[107.54851,-6.37202],[107.54954,-6.37389],[107.54818,-6.37972],[107.54507,-6.38188],[107.54296,-6.38192],[107.54185,-6.38304],[107.54211,-6.3847],[107.53956,-6.38543],[107.53777,-6.38697],[107.53732,-6.38969],[107.53899,-6.39207],[107.53979,-6.39588],[107.539,-6.39988],[107.53972,-6.4034],[107.53942,-6.40413],[107.53709,-6.40498],[107.53651,-6.409],[107.53693,-6.40979],[107.53596,-6.41082],[107.53492,-6.4149],[107.53239,-6.41486],[107.53113,-6.4181],[107.53036,-6.41831],[107.52042,-6.41797],[107.52528,-6.41392],[107.52455,-6.4123],[107.52579,-6.41135],[107.52691,-6.40829]]]}},{"type":"Feature","properties":{"KODE_KEC":"32.15.11","KECAMATAN":"Cibuaya","KAB_KOTA":"Karawang","dist_ind":35689.16,"camp_dens":0.0,"toll_pct":0.0,"sma_grad":1339,"area_km2":118.3198,"Pred_Reko":0},"geometry":{"type":"Polygon","coordinates":[[[107.33322,-6.08316],[107.32734,-6.10083],[107.31972,-6.09648],[107.32146,-6.09388],[107.32305,-6.08886],[107.32148,-6.08353],[107.3195,-6.08324],[107.31954,-6.07731],[107.32092,-6.07581],[107.31859,-6.07419],[107.31775,-6.07153],[107.3124,-6.07269],[107.31178,-6.06258],[107.30529,-6.06025],[107.30569,-6.05914],[107.30435,-6.0587],[107.30566,-6.05549],[107.30805,-6.04124],[107.30432,-6.04083],[107.30229,-6.0415],[107.30214,-6.04229],[107.29607,-6.04193],[107.29669,-6.03677],[107.29284,-6.03609],[107.29539,-6.02595],[107.29347,-6.02412],[107.29162,-6.02359],[107.29231,-6.02203],[107.28704,-6.01966],[107.28806,-6.01054],[107.28973,-6.00731],[107.29317,-5.99247],[107.29305,-5.98291],[107.28837,-5.98557],[107.28613,-5.98937],[107.28177,-5.99269],[107.27927,-5.99075],[107.27777,-5.98675],[107.2757,-5.98626],[107.27564,-5.98403],[107.27279,-5.9826],[107.27213,-5.98074],[107.27137,-5.98098],[107.27066,-5.98031],[107.27059,-5.97802],[107.26985,-5.9782],[107.26913,-5.98009],[107.2672,-5.97954],[107.26594,-5.98243],[107.262,-5.98114],[107.26146,-5.98224],[107.25532,-5.98221],[107.2545,-5.98117],[107.25429,-5.97932],[107.24979,-5.97935],[107.24872,-5.97759],[107.24737,-5.97974],[107.24566,-5.97817],[107.24383,-5.97789],[107.24201,-5.97557],[107.24107,-5.97577],[107.24047,-5.97769],[107.23947,-5.97778],[107.24055,-5.9749],[107.24019,-5.97398],[107.23744,-5.97476],[107.2331,-5.9746],[107.23275,-5.97415],[107.2337,-5.97284],[107.24465,-5.96899],[107.24765,-5.9677],[107.24784,-5.96708],[107.26475,-5.96186],[107.26637,-5.96066],[107.28382,-5.95925],[107.28791,-5.95947],[107.29193,-5.95873],[107.30161,-5.9603],[107.30234,-5.96002],[107.30266,-5.95821],[107.30594,-5.9586],[107.31586,-5.96304],[107.33201,-5.96747],[107.33844,-5.96845],[107.34559,-5.97177],[107.35061,-5.97661],[107.35103,-5.97629],[107.35547,-5.98191],[107.35877,-5.98509],[107.36018,-5.98544],[107.37349,-6.00034],[107.37424,-6.00039],[107.37474,-6.00175],[107.38007,-6.00735],[107.38306,-6.01197],[107.389,-6.01741],[107.39366,-6.02469],[107.3905,-6.02696],[107.39274,-6.03151],[107.39018,-6.03335],[107.38811,-6.02939],[107.38626,-6.03047],[107.38715,-6.03219],[107.38674,-6.03289],[107.38385,-6.0347],[107.38585,-6.03718],[107.38574,-6.03871],[107.38735,-6.04014],[107.38817,-6.04677],[107.39182,-6.0548],[107.39075,-6.05514],[107.38675,-6.06169],[107.38558,-6.06218],[107.37829,-6.05844],[107.37559,-6.05487],[107.375,-6.05243],[107.36962,-6.04925],[107.3682,-6.04474],[107.36342,-6.04968],[107.35356,-6.06259],[107.35239,-6.06712],[107.35514,-6.07167],[107.35631,-6.07946],[107.35243,-6.08048],[107.34177,-6.08018],[107.34082,-6.08159],[107.3379,-6.0809],[107.33685,-6.08315],[107.33322,-6.08316]]]}},{"type":"Feature","properties":{"KODE_KEC":"32.15.12","KECAMATAN":"Pakisjaya","KAB_KOTA":"Karawang","dist_ind":18105.27,"camp_dens":0.0,"toll_pct":0.0,"sma_grad":875,"area_km2":68.4199,"Pred_Reko":0},"geometry":{"type":"Polygon","coordinates":[[[107.15677,-6.04758],[107.15423,-6.04776],[107.15403,-6.04826],[107.15288,-6.05806],[107.15171,-6.06193],[107.14331,-6.07101],[107.14041,-6.06362],[107.14108,-6.05825],[107.14054,-6.05717],[107.13892,-6.0573],[107.13648,-6.06183],[107.13442,-6.06349],[107.13199,-6.06296],[107.13034,-6.06153],[107.13271,-6.05573],[107.13685,-6.05563],[107.13722,-6.05275],[107.13616,-6.04964],[107.13509,-6.04961],[107.13222,-6.0525],[107.12851,-6.05461],[107.12659,-6.05432],[107.12477,-6.05261],[107.12436,-6.05089],[107.12782,-6.04739],[107.12653,-6.04611],[107.125,-6.04613],[107.12273,-6.04736],[107.12168,-6.04708],[107.12016,-6.04475],[107.11912,-6.03959],[107.11481,-6.03967],[107.1133,-6.03885],[107.11227,-6.03055],[107.11132,-6.0289],[107.10513,-6.02878],[107.0993,-6.02504],[107.0983,-6.02521],[107.09572,-6.02808],[107.09469,-6.02797],[107.09372,-6.02697],[107.09377,-6.02455],[107.09501,-6.02205],[107.0972,-6.01968],[107.10126,-6.01741],[107.10158,-6.01624],[107.09965,-6.01445],[107.09356,-6.01428],[107.09301,-6.01311],[107.0931,-6.00784],[107.09204,-6.00576],[107.08995,-6.00428],[107.08462,-6.00228],[107.08475,-6.00042],[107.08774,-5.99747],[107.08835,-5.99545],[107.0875,-5.9928],[107.08438,-5.99082],[107.08532,-5.99033],[107.08545,-5.98895],[107.08722,-5.98721],[107.08525,-5.98647],[107.08489,-5.98492],[107.08775,-5.98533],[107.08992,-5.98353],[107.08763,-5.98227],[107.08778,-5.98132],[107.0888,-5.9807],[107.08862,-5.98007],[107.0873,-5.97936],[107.08563,-5.97947],[107.09004,-5.97645],[107.08846,-5.97561],[107.09099,-5.97269],[107.08949,-5.96863],[107.09139,-5.96773],[107.09405,-5.96353],[107.09531,-5.96403],[107.09714,-5.96132],[107.0954,-5.95847],[107.09358,-5.95787],[107.09399,-5.95569],[107.09529,-5.95521],[107.09536,-5.95212],[107.0974,-5.94538],[107.09822,-5.93988],[107.10296,-5.9436],[107.11455,-5.95771],[107.12635,-5.96964],[107.13336,-5.9756],[107.1331,-5.97609],[107.14413,-5.98198],[107.15196,-5.98518],[107.16529,-5.98842],[107.17063,-5.98903],[107.17517,-5.98879],[107.17507,-5.99528],[107.17615,-5.99717],[107.17566,-5.9991],[107.17216,-6.00066],[107.16939,-6.00079],[107.16809,-5.99983],[107.16721,-6.00161],[107.16648,-6.00118],[107.16512,-6.00403],[107.16134,-6.00294],[107.162,-6.00874],[107.15853,-6.01481],[107.15811,-6.02328],[107.15751,-6.0246],[107.15967,-6.02247],[107.1606,-6.02266],[107.16077,-6.02821],[107.15992,-6.03155],[107.15707,-6.03589],[107.15717,-6.03728],[107.15877,-6.03991],[107.15677,-6.04758]]]}},{"type":"Feature","properties":{"KODE_KEC":"32.15.28","KECAMATAN":"Tegalwaru","KAB_KOTA":"Karawang","dist_ind":12988.72,"camp_dens":0.0,"toll_pct":0.0,"sma_grad":1240,"area_km2":105.7801,"Pred_Reko":0},"geometry":{"type":"Polygon","coordinates":[[[107.25857,-6.5593],[107.25669,-6.56209],[107.25514,-6.56259],[107.25359,-6.56487],[107.25072,-6.57048],[107.25006,-6.57304],[107.24762,-6.57438],[107.24613,-6.57413],[107.24528,-6.5749],[107.23821,-6.57626],[107.23513,-6.57777],[107.22385,-6.58562],[107.22051,-6.59075],[107.21352,-6.5905],[107.20512,-6.58702],[107.19311,-6.57829],[107.19227,-6.57406],[107.19077,-6.5717],[107.19121,-6.56895],[107.19042,-6.56754],[107.19023,-6.56364],[107.19241,-6.56382],[107.19418,-6.56564],[107.19575,-6.56624],[107.19787,-6.56576],[107.19992,-6.56359],[107.20287,-6.56584],[107.20365,-6.56721],[107.20402,-6.57027],[107.20892,-6.57163],[107.21219,-6.57044],[107.21469,-6.56688],[107.21445,-6.56505],[107.21561,-6.56066],[107.21431,-6.55898],[107.20587,-6.55832],[107.19394,-6.55441],[107.19301,-6.55141],[107.18932,-6.54446],[107.18816,-6.53839],[107.18606,-6.53585],[107.18435,-6.53237],[107.18549,-6.53073],[107.18556,-6.52823],[107.18696,-6.52616],[107.18765,-6.5234],[107.18569,-6.52153],[107.18525,-6.52031],[107.18937,-6.51467],[107.19074,-6.51671],[107.19394,-6.51548],[107.19961,-6.51769],[107.20154,-6.51772],[107.2022,-6.51707],[107.20087,-6.5152],[107.20083,-6.51308],[107.20185,-6.51093],[107.20555,-6.51357],[107.20795,-6.51017],[107.20618,-6.50462],[107.20709,-6.50378],[107.2082,-6.50539],[107.20934,-6.50492],[107.21042,-6.50673],[107.21121,-6.51119],[107.21368,-6.51185],[107.2158,-6.51397],[107.21765,-6.51485],[107.21864,-6.51466],[107.21782,-6.5138],[107.21922,-6.51205],[107.22085,-6.51257],[107.2217,-6.51196],[107.22116,-6.50961],[107.22183,-6.50793],[107.22118,-6.50727],[107.22159,-6.50543],[107.22298,-6.50338],[107.22492,-6.50317],[107.22506,-6.50193],[107.22388,-6.50076],[107.22439,-6.50025],[107.2239,-6.49737],[107.22556,-6.49318],[107.22683,-6.49162],[107.22721,-6.48962],[107.22789,-6.48901],[107.23075,-6.48878],[107.23611,-6.4898],[107.23578,-6.48674],[107.23892,-6.48419],[107.23929,-6.48191],[107.23864,-6.47953],[107.24092,-6.47922],[107.24334,-6.47599],[107.24269,-6.47544],[107.24351,-6.47348],[107.24142,-6.47233],[107.24159,-6.46817],[107.23992,-6.46589],[107.24152,-6.46353],[107.24548,-6.46303],[107.24661,-6.46202],[107.24581,-6.46039],[107.24681,-6.45716],[107.24866,-6.45705],[107.25354,-6.46127],[107.25906,-6.46128],[107.26285,-6.46225],[107.26813,-6.45896],[107.26796,-6.45814],[107.26873,-6.45736],[107.27475,-6.4585],[107.27639,-6.45706],[107.28807,-6.45342],[107.29645,-6.45173],[107.299,-6.45184],[107.29995,-6.45369],[107.3007,-6.45373],[107.30077,-6.45791],[107.29941,-6.46194],[107.29981,-6.46423],[107.29601,-6.47556],[107.29657,-6.47843],[107.29607,-6.481],[107.29382,-6.48261],[107.29089,-6.48205],[107.29042,-6.4833],[107.29089,-6.48429],[107.29429,-6.48645],[107.29475,-6.49302],[107.29825,-6.49657],[107.28914,-6.50173],[107.2886,-6.50318],[107.28915,-6.50384],[107.28767,-6.50748],[107.28905,-6.51005],[107.28906,-6.51306],[107.28979,-6.51469],[107.28888,-6.51744],[107.28904,-6.52083],[107.28797,-6.52261],[107.2857,-6.52387],[107.28406,-6.5308],[107.28154,-6.53172],[107.2781,-6.53538],[107.27308,-6.53607],[107.27201,-6.54024],[107.26916,-6.54302],[107.26851,-6.54554],[107.26703,-6.54659],[107.26685,-6.55153],[107.26522,-6.55252],[107.2645,-6.55544],[107.26299,-6.55579],[107.25857,-6.5593]]]}},{"type":"Feature","properties":{"KODE_KEC":"32.15.29","KECAMATAN":"Purwasari","KAB_KOTA":"Karawang","dist_ind":5788.8,"camp_dens":0.0,"toll_pct":0.000222,"sma_grad":1838,"area_km2":32.1846,"Pred_Reko":1},"geometry":{"type":"Polygon","coordinates":[[[107.40673,-6.40679],[107.40562,-6.40789],[107.40326,-6.40844],[107.40297,-6.40992],[107.39984,-6.40932],[107.39985,-6.414],[107.39947,-6.41453],[107.39859,-6.41383],[107.39875,-6.41299],[107.39561,-6.40934],[107.39043,-6.39955],[107.38977,-6.39557],[107.39074,-6.3957],[107.39085,-6.39487],[107.39021,-6.39212],[107.38692,-6.38983],[107.38818,-6.386],[107.38937,-6.38525],[107.38837,-6.38453],[107.39126,-6.37599],[107.3922,-6.37633],[107.39263,-6.37413],[107.39218,-6.37073],[107.38897,-6.36777],[107.38885,-6.3643],[107.39037,-6.36135],[107.38998,-6.35562],[107.39154,-6.3537],[107.3933,-6.35371],[107.39408,-6.34478],[107.39854,-6.33676],[107.40703,-6.33393],[107.41673,-6.33422],[107.41879,-6.33147],[107.41819,-6.33006],[107.42146,-6.32972],[107.42377,-6.33052],[107.42655,-6.32991],[107.42764,-6.33026],[107.42819,-6.33194],[107.42753,-6.33707],[107.42608,-6.34028],[107.42668,-6.34653],[107.43413,-6.34716],[107.43446,-6.34871],[107.43298,-6.34918],[107.43247,-6.35102],[107.43075,-6.35085],[107.42824,-6.35461],[107.42913,-6.35564],[107.42897,-6.35633],[107.42974,-6.3567],[107.42986,-6.35848],[107.43019,-6.35937],[107.43094,-6.35952],[107.4311,-6.36112],[107.43327,-6.36243],[107.43463,-6.36479],[107.43582,-6.36498],[107.43598,-6.36868],[107.43418,-6.37213],[107.43352,-6.37179],[107.43216,-6.37293],[107.43164,-6.37217],[107.43011,-6.37322],[107.43142,-6.37474],[107.43059,-6.37597],[107.43161,-6.37618],[107.43181,-6.37686],[107.43087,-6.37921],[107.43172,-6.38],[107.4317,-6.38112],[107.42401,-6.38044],[107.42363,-6.38172],[107.42582,-6.3821],[107.42528,-6.38447],[107.42404,-6.38433],[107.42333,-6.38756],[107.42202,-6.38708],[107.42215,-6.39101],[107.41786,-6.40051],[107.41385,-6.40481],[107.41121,-6.40647],[107.40673,-6.40679]]]}},{"type":"Feature","properties":{"KODE_KEC":"32.15.26","KECAMATAN":"Karawang Timur","KAB_KOTA":"Karawang","dist_ind":8122.64,"camp_dens":0.0329,"toll_pct":0.0,"sma_grad":3122,"area_km2":30.3989,"Pred_Reko":1},"geometry":{"type":"Polygon","coordinates":[[[107.34252,-6.32282],[107.3425,-6.32503],[107.34394,-6.32704],[107.34808,-6.32674],[107.34847,-6.32895],[107.34723,-6.33432],[107.34802,-6.33453],[107.34763,-6.33637],[107.34941,-6.33764],[107.3517,-6.33797],[107.34998,-6.34387],[107.34875,-6.34542],[107.34748,-6.34487],[107.34589,-6.34739],[107.34242,-6.34347],[107.34191,-6.34377],[107.3407,-6.34256],[107.33657,-6.33706],[107.32872,-6.33756],[107.32479,-6.33673],[107.32528,-6.33272],[107.32101,-6.32957],[107.32118,-6.32658],[107.32065,-6.32576],[107.31915,-6.32566],[107.31494,-6.32819],[107.31213,-6.32686],[107.31542,-6.31703],[107.31291,-6.31507],[107.31474,-6.31285],[107.31339,-6.31204],[107.31346,-6.31102],[107.30603,-6.30947],[107.30477,-6.30815],[107.30576,-6.30697],[107.30088,-6.3043],[107.30492,-6.29926],[107.30755,-6.29446],[107.30794,-6.29193],[107.30994,-6.28716],[107.32343,-6.30019],[107.32384,-6.29947],[107.32389,-6.29403],[107.32061,-6.2913],[107.32239,-6.28958],[107.32513,-6.28364],[107.32548,-6.27618],[107.32424,-6.27617],[107.32412,-6.27523],[107.32269,-6.27496],[107.32202,-6.27319],[107.32236,-6.26407],[107.32173,-6.26124],[107.32326,-6.25591],[107.32297,-6.25347],[107.3241,-6.25296],[107.32693,-6.25355],[107.32759,-6.25216],[107.32906,-6.25142],[107.33221,-6.25131],[107.33242,-6.25358],[107.33299,-6.25367],[107.33295,-6.25618],[107.33385,-6.25705],[107.33661,-6.25712],[107.33669,-6.25589],[107.33811,-6.25602],[107.33892,-6.26098],[107.34587,-6.2606],[107.34931,-6.26598],[107.35408,-6.26608],[107.35402,-6.26771],[107.35616,-6.26782],[107.35608,-6.2691],[107.35401,-6.2691],[107.35302,-6.28004],[107.35357,-6.28704],[107.3532,-6.29168],[107.35437,-6.29181],[107.35451,-6.29245],[107.354,-6.29521],[107.35306,-6.29522],[107.3501,-6.29977],[107.34989,-6.2988],[107.3447,-6.29865],[107.34368,-6.2981],[107.34514,-6.2962],[107.34517,-6.29458],[107.33976,-6.29535],[107.33987,-6.29239],[107.33744,-6.29246],[107.33754,-6.29494],[107.33624,-6.29526],[107.336,-6.29623],[107.33374,-6.29636],[107.33477,-6.2981],[107.33377,-6.30055],[107.33383,-6.30336],[107.33472,-6.30419],[107.33521,-6.30396],[107.33502,-6.30529],[107.33595,-6.3078],[107.33872,-6.30873],[107.34234,-6.31142],[107.34454,-6.31202],[107.34531,-6.31351],[107.34534,-6.3171],[107.34635,-6.31773],[107.34629,-6.31912],[107.34295,-6.31984],[107.34308,-6.32279],[107.34252,-6.32282]]]}},{"type":"Feature","properties":{"KODE_KEC":"32.15.27","KECAMATAN":"Telukjambe Barat","KAB_KOTA":"Karawang","dist_ind":1144.49,"camp_dens":0.0,"toll_pct":0.000355,"sma_grad":2809,"area_km2":70.9669,"Pred_Reko":2},"geometry":{"type":"Polygon","coordinates":[[[107.25516,-6.41013],[107.25573,-6.41187],[107.25412,-6.41293],[107.24956,-6.41274],[107.2475,-6.41399],[107.24572,-6.41336],[107.24407,-6.41407],[107.2414,-6.41403],[107.24039,-6.4151],[107.2391,-6.41522],[107.23807,-6.41489],[107.2374,-6.41243],[107.23578,-6.41075],[107.23126,-6.41035],[107.2293,-6.41138],[107.22718,-6.41085],[107.2244,-6.40822],[107.22433,-6.40693],[107.22287,-6.40521],[107.22197,-6.40245],[107.22202,-6.40009],[107.21992,-6.39668],[107.22154,-6.38818],[107.22122,-6.38424],[107.21871,-6.38344],[107.21944,-6.38132],[107.21907,-6.38064],[107.21444,-6.37963],[107.21275,-6.37719],[107.21278,-6.37454],[107.21166,-6.375],[107.21151,-6.37927],[107.20953,-6.37958],[107.20759,-6.37866],[107.2068,-6.37715],[107.20485,-6.3759],[107.2056,-6.37322],[107.20494,-6.37082],[107.20637,-6.36838],[107.21036,-6.36589],[107.21012,-6.36382],[107.20766,-6.36262],[107.2075,-6.36153],[107.21067,-6.3613],[107.21325,-6.36381],[107.21531,-6.36181],[107.21488,-6.36004],[107.21323,-6.35838],[107.21308,-6.35671],[107.21327,-6.35437],[107.21491,-6.35232],[107.21516,-6.3497],[107.22298,-6.35189],[107.2266,-6.34916],[107.2256,-6.34181],[107.22339,-6.33881],[107.22364,-6.3354],[107.22055,-6.33449],[107.2187,-6.33113],[107.21578,-6.33112],[107.21472,-6.32996],[107.21597,-6.32769],[107.21835,-6.32686],[107.21914,-6.32595],[107.21804,-6.32273],[107.21861,-6.32139],[107.22073,-6.3207],[107.22372,-6.32146],[107.22474,-6.32056],[107.22312,-6.31838],[107.21906,-6.31845],[107.21812,-6.31789],[107.21729,-6.31617],[107.21807,-6.31383],[107.22028,-6.31327],[107.22138,-6.31431],[107.22178,-6.31659],[107.22341,-6.31668],[107.22496,-6.3137],[107.22461,-6.31021],[107.22703,-6.31007],[107.2276,-6.30934],[107.22715,-6.30851],[107.22418,-6.30779],[107.22373,-6.30675],[107.22409,-6.30568],[107.22776,-6.30449],[107.22943,-6.3022],[107.23043,-6.30243],[107.23124,-6.3038],[107.23302,-6.30373],[107.23335,-6.30213],[107.23234,-6.29987],[107.23368,-6.29898],[107.23536,-6.30186],[107.23574,-6.30409],[107.23526,-6.30664],[107.23587,-6.30727],[107.23721,-6.30718],[107.23938,-6.30434],[107.23641,-6.29882],[107.23594,-6.29753],[107.23645,-6.29667],[107.23747,-6.29624],[107.23952,-6.29703],[107.24201,-6.29667],[107.24431,-6.29932],[107.24625,-6.2995],[107.24776,-6.29829],[107.24732,-6.29561],[107.24867,-6.2933],[107.25092,-6.29287],[107.25372,-6.29495],[107.25499,-6.29483],[107.25553,-6.29403],[107.25505,-6.29055],[107.25975,-6.28772],[107.26113,-6.28611],[107.2636,-6.28663],[107.26434,-6.28575],[107.26487,-6.28632],[107.26403,-6.28717],[107.26418,-6.28815],[107.26517,-6.28981],[107.26467,-6.29027],[107.26298,-6.29005],[107.26337,-6.29278],[107.26225,-6.29326],[107.26231,-6.2951],[107.26114,-6.2983],[107.26034,-6.2984],[107.26042,-6.30216],[107.25827,-6.30245],[107.25807,-6.30668],[107.25423,-6.30675],[107.25411,-6.30507],[107.25332,-6.30504],[107.25322,-6.30424],[107.25019,-6.30354],[107.25051,-6.30549],[107.2494,-6.30595],[107.2493,-6.30823],[107.25284,-6.3077],[107.26194,-6.30783],[107.26222,-6.31161],[107.26001,-6.32225],[107.26283,-6.32221],[107.2722,-6.32565],[107.27486,-6.326],[107.27207,-6.33283],[107.2745,-6.34096],[107.27416,-6.34177],[107.27252,-6.34144],[107.27304,-6.34241],[107.27227,-6.34415],[107.27317,-6.34694],[107.27177,-6.34841],[107.26574,-6.35091],[107.26635,-6.36265],[107.2682,-6.37003],[107.2727,-6.36978],[107.27221,-6.36555],[107.27321,-6.36283],[107.2742,-6.36426],[107.2731,-6.36697],[107.27642,-6.36897],[107.27628,-6.37032],[107.27739,-6.37122],[107.27661,-6.37412],[107.27433,-6.37639],[107.27406,-6.37742],[107.27408,-6.37826],[107.27503,-6.37901],[107.27531,-6.38221],[107.27425,-6.38424],[107.27482,-6.38667],[107.27357,-6.38886],[107.27417,-6.38964],[107.27373,-6.39065],[107.27422,-6.39359],[107.27275,-6.39462],[107.27134,-6.39982],[107.27266,-6.40648],[107.2747,-6.40782],[107.27538,-6.4096],[107.27624,-6.40948],[107.27718,-6.41109],[107.27269,-6.41312],[107.26816,-6.41306],[107.26691,-6.41394],[107.26363,-6.41445],[107.25516,-6.41013]]]}},{"type":"Feature","properties":{"KODE_KEC":"32.15.20","KECAMATAN":"Tempuran","KAB_KOTA":"Karawang","dist_ind":24047.77,"camp_dens":0.0,"toll_pct":0.0,"sma_grad":3695,"area_km2":93.6615,"Pred_Reko":1},"geometry":{"type":"Polygon","coordinates":[[[107.41906,-6.23939],[107.4113,-6.24784],[107.40628,-6.24614],[107.40666,-6.24268],[107.40615,-6.2426],[107.4061,-6.24345],[107.40275,-6.24378],[107.40265,-6.24507],[107.40415,-6.24563],[107.40436,-6.24644],[107.40162,-6.24699],[107.39728,-6.24435],[107.39557,-6.24394],[107.39559,-6.2434],[107.39399,-6.2432],[107.39419,-6.24113],[107.39296,-6.23691],[107.39094,-6.23684],[107.38957,-6.2351],[107.38799,-6.22807],[107.38719,-6.22757],[107.38496,-6.22794],[107.38516,-6.2246],[107.38618,-6.22459],[107.38693,-6.22182],[107.39128,-6.21466],[107.39015,-6.21366],[107.38799,-6.20796],[107.39029,-6.19096],[107.39355,-6.18623],[107.39415,-6.18285],[107.39564,-6.18196],[107.39426,-6.18079],[107.39386,-6.17926],[107.40327,-6.17271],[107.41158,-6.17257],[107.41269,-6.17314],[107.41308,-6.17179],[107.41382,-6.1718],[107.41475,-6.17366],[107.41593,-6.17348],[107.41579,-6.17519],[107.4184,-6.17616],[107.41811,-6.17665],[107.41882,-6.17728],[107.41804,-6.17941],[107.42029,-6.18373],[107.42101,-6.18733],[107.42243,-6.18854],[107.42893,-6.17657],[107.44044,-6.16627],[107.43891,-6.16188],[107.4388,-6.1594],[107.4415,-6.15218],[107.44199,-6.14375],[107.44141,-6.14136],[107.44578,-6.13922],[107.45112,-6.13761],[107.45431,-6.1353],[107.45694,-6.13178],[107.45979,-6.12976],[107.46718,-6.1403],[107.46797,-6.14272],[107.47053,-6.14482],[107.47385,-6.14905],[107.47918,-6.1528],[107.48011,-6.15258],[107.48295,-6.15395],[107.48717,-6.15752],[107.48904,-6.15744],[107.49002,-6.15668],[107.48999,-6.15595],[107.49719,-6.15951],[107.50362,-6.16129],[107.50412,-6.16159],[107.50447,-6.165],[107.50541,-6.16507],[107.50405,-6.17007],[107.50376,-6.17067],[107.50316,-6.17041],[107.50179,-6.1728],[107.49134,-6.17235],[107.49021,-6.17395],[107.48897,-6.17352],[107.48422,-6.17591],[107.48278,-6.17694],[107.48096,-6.17981],[107.48085,-6.18161],[107.47928,-6.18154],[107.47858,-6.18214],[107.47847,-6.18347],[107.48042,-6.18452],[107.48018,-6.18578],[107.4761,-6.18619],[107.47527,-6.18684],[107.47562,-6.19036],[107.47647,-6.19144],[107.47847,-6.19226],[107.47819,-6.19293],[107.47751,-6.19286],[107.47649,-6.19677],[107.4783,-6.19669],[107.47915,-6.19796],[107.48002,-6.19746],[107.48077,-6.19865],[107.48149,-6.19816],[107.4828,-6.19887],[107.48219,-6.20001],[107.48313,-6.20021],[107.48269,-6.20087],[107.48366,-6.20146],[107.48262,-6.20276],[107.48431,-6.20348],[107.48442,-6.20261],[107.48498,-6.20299],[107.48558,-6.20225],[107.4874,-6.20326],[107.48762,-6.20418],[107.48661,-6.20529],[107.4851,-6.20951],[107.48572,-6.20993],[107.4864,-6.21299],[107.4871,-6.21311],[107.48693,-6.21625],[107.48747,-6.21771],[107.48664,-6.21849],[107.48713,-6.22078],[107.48498,-6.22722],[107.48602,-6.22827],[107.48709,-6.22811],[107.48725,-6.22917],[107.48843,-6.22998],[107.49041,-6.2334],[107.4891,-6.23426],[107.48322,-6.23465],[107.48151,-6.23607],[107.47642,-6.23602],[107.47646,-6.2348],[107.47134,-6.23533],[107.47044,-6.23769],[107.44894,-6.23729],[107.44837,-6.23682],[107.44843,-6.23107],[107.44789,-6.22933],[107.43642,-6.22886],[107.43356,-6.22927],[107.43246,-6.23123],[107.4312,-6.23728],[107.43163,-6.24066],[107.43008,-6.24145],[107.42403,-6.24251],[107.41906,-6.23939]]]}},{"type":"Feature","properties":{"KODE_KEC":"32.15.21","KECAMATAN":"Majalaya","KAB_KOTA":"Karawang","dist_ind":10058.75,"camp_dens":0.0298,"toll_pct":0.0,"sma_grad":1177,"area_km2":33.5735,"Pred_Reko":0},"geometry":{"type":"Polygon","coordinates":[[[107.36515,-6.33799],[107.35252,-6.33545],[107.3517,-6.33797],[107.34941,-6.33764],[107.34763,-6.33637],[107.34802,-6.33453],[107.34723,-6.33432],[107.34847,-6.32895],[107.34808,-6.32674],[107.34414,-6.32713],[107.34239,-6.3247],[107.34252,-6.32282],[107.34308,-6.32279],[107.34295,-6.31984],[107.34629,-6.31912],[107.34635,-6.31773],[107.34534,-6.3171],[107.34531,-6.31351],[107.34454,-6.31202],[107.34234,-6.31142],[107.33872,-6.30873],[107.33595,-6.3078],[107.33502,-6.30529],[107.33521,-6.30396],[107.33472,-6.30419],[107.33383,-6.30336],[107.33377,-6.30055],[107.33477,-6.2981],[107.33374,-6.29636],[107.336,-6.29623],[107.33624,-6.29526],[107.33754,-6.29494],[107.33744,-6.29246],[107.33987,-6.29239],[107.33976,-6.29535],[107.34517,-6.29458],[107.34514,-6.2962],[107.34368,-6.2981],[107.3447,-6.29865],[107.34989,-6.2988],[107.3501,-6.29977],[107.35306,-6.29522],[107.354,-6.29521],[107.35451,-6.29245],[107.35437,-6.29181],[107.3532,-6.29168],[107.35357,-6.28704],[107.35302,-6.28004],[107.35401,-6.2691],[107.35608,-6.2691],[107.35616,-6.26782],[107.35402,-6.26771],[107.35408,-6.26608],[107.35593,-6.26606],[107.35611,-6.2643],[107.35956,-6.26467],[107.35988,-6.26612],[107.36783,-6.26629],[107.36872,-6.26765],[107.37119,-6.26708],[107.37397,-6.26737],[107.375,-6.26476],[107.37896,-6.26319],[107.37903,-6.2653],[107.37754,-6.2676],[107.37615,-6.27334],[107.37685,-6.27766],[107.37805,-6.2802],[107.37703,-6.28455],[107.377,-6.2892],[107.37599,-6.29106],[107.37546,-6.29518],[107.37693,-6.29744],[107.37637,-6.29904],[107.37594,-6.29881],[107.37537,-6.29953],[107.37582,-6.30175],[107.37703,-6.30287],[107.37705,-6.30376],[107.37993,-6.3048],[107.38286,-6.30753],[107.38425,-6.30792],[107.38471,-6.30697],[107.38328,-6.30508],[107.38531,-6.30524],[107.38995,-6.30323],[107.39642,-6.30618],[107.39773,-6.30797],[107.39927,-6.30702],[107.40538,-6.30738],[107.40691,-6.30561],[107.41279,-6.30486],[107.41308,-6.30551],[107.41187,-6.30671],[107.41122,-6.30916],[107.41002,-6.31059],[107.409,-6.31529],[107.40722,-6.31717],[107.40617,-6.32144],[107.4036,-6.32518],[107.40007,-6.32572],[107.39639,-6.32339],[107.39169,-6.32271],[107.38672,-6.3237],[107.38123,-6.32342],[107.38182,-6.33553],[107.37103,-6.3352],[107.36515,-6.33799]]]}},{"type":"Feature","properties":{"KODE_KEC":"32.15.24","KECAMATAN":"Banyusari","KAB_KOTA":"Karawang","dist_ind":16755.56,"camp_dens":0.0,"toll_pct":0.0,"sma_grad":3720,"area_km2":55.5215,"Pred_Reko":1},"geometry":{"type":"Polygon","coordinates":[[[107.54315,-6.32963],[107.52882,-6.32713],[107.5253,-6.32875],[107.52355,-6.32862],[107.52531,-6.32243],[107.52411,-6.31948],[107.5222,-6.31804],[107.52279,-6.3149],[107.52232,-6.31455],[107.52244,-6.31196],[107.51503,-6.31226],[107.50536,-6.31547],[107.50526,-6.31365],[107.51098,-6.30619],[107.50311,-6.30291],[107.50265,-6.30483],[107.49987,-6.30453],[107.49862,-6.3053],[107.49703,-6.31353],[107.49539,-6.31556],[107.49506,-6.31764],[107.48715,-6.32055],[107.48843,-6.30642],[107.49123,-6.30011],[107.48968,-6.29616],[107.48682,-6.29638],[107.48562,-6.29495],[107.4841,-6.29441],[107.48404,-6.29299],[107.48559,-6.29318],[107.48614,-6.29165],[107.48624,-6.28912],[107.48556,-6.28736],[107.48644,-6.28455],[107.48788,-6.28369],[107.5,-6.28572],[107.50117,-6.28299],[107.50568,-6.28112],[107.50815,-6.27646],[107.50886,-6.27273],[107.50996,-6.27271],[107.51043,-6.27124],[107.51259,-6.27165],[107.51279,-6.27108],[107.5182,-6.27211],[107.51878,-6.27137],[107.52226,-6.27224],[107.5225,-6.27175],[107.52426,-6.27176],[107.52501,-6.27189],[107.52492,-6.27243],[107.52708,-6.27087],[107.52977,-6.27174],[107.5298,-6.27283],[107.53063,-6.27317],[107.53058,-6.27641],[107.53811,-6.27196],[107.54648,-6.27294],[107.55546,-6.27519],[107.55739,-6.27632],[107.55853,-6.27636],[107.55875,-6.27454],[107.55946,-6.27497],[107.55949,-6.27612],[107.56064,-6.27656],[107.56269,-6.27881],[107.56747,-6.28009],[107.56745,-6.2814],[107.56806,-6.28149],[107.56807,-6.28072],[107.57151,-6.28103],[107.57124,-6.28413],[107.57213,-6.2853],[107.58192,-6.28637],[107.58227,-6.2885],[107.58382,-6.28847],[107.58456,-6.28921],[107.58473,-6.29332],[107.58614,-6.29445],[107.58479,-6.29843],[107.58016,-6.30065],[107.58001,-6.30453],[107.58036,-6.30614],[107.58138,-6.30696],[107.57989,-6.30882],[107.58132,-6.3095],[107.58273,-6.31241],[107.57989,-6.31374],[107.58028,-6.3145],[107.57961,-6.31571],[107.57903,-6.32235],[107.57669,-6.32693],[107.57559,-6.32733],[107.57634,-6.32837],[107.57404,-6.32926],[107.57349,-6.33012],[107.57156,-6.33047],[107.57036,-6.33277],[107.5721,-6.33199],[107.57279,-6.33301],[107.57078,-6.3338],[107.57029,-6.33582],[107.56805,-6.3363],[107.56852,-6.33885],[107.57021,-6.33718],[107.57074,-6.33732],[107.56992,-6.33915],[107.5705,-6.34084],[107.56679,-6.34444],[107.56646,-6.34578],[107.56589,-6.34612],[107.56089,-6.34512],[107.54911,-6.34056],[107.54792,-6.33913],[107.54688,-6.33537],[107.54426,-6.33318],[107.54315,-6.32963]]]}},{"type":"Feature","properties":{"KODE_KEC":"32.15.25","KECAMATAN":"Kota Baru","KAB_KOTA":"Karawang","dist_ind":5567.49,"camp_dens":0.0,"toll_pct":0.0,"sma_grad":685,"area_km2":33.344,"Pred_Reko":0},"geometry":{"type":"Polygon","coordinates":[[[107.51157,-6.39666],[107.51726,-6.39598],[107.52059,-6.39687],[107.52475,-6.40829],[107.52705,-6.40829],[107.52579,-6.41135],[107.52462,-6.41208],[107.52528,-6.41392],[107.52042,-6.41797],[107.51271,-6.41439],[107.50855,-6.41329],[107.50305,-6.40905],[107.50281,-6.4082],[107.50049,-6.40834],[107.49817,-6.41183],[107.49687,-6.41132],[107.49163,-6.41507],[107.49058,-6.41936],[107.48047,-6.42702],[107.48085,-6.42866],[107.48032,-6.43015],[107.47825,-6.43191],[107.47375,-6.43193],[107.47234,-6.43102],[107.47142,-6.42858],[107.46808,-6.4288],[107.46234,-6.42666],[107.46225,-6.42319],[107.46161,-6.42224],[107.4623,-6.42148],[107.46208,-6.41991],[107.4598,-6.41923],[107.45974,-6.41793],[107.46213,-6.41825],[107.46348,-6.41764],[107.46475,-6.41504],[107.4678,-6.41404],[107.46846,-6.41108],[107.46609,-6.41038],[107.46653,-6.40893],[107.46351,-6.40866],[107.46366,-6.4081],[107.46271,-6.40793],[107.46302,-6.4062],[107.46114,-6.40526],[107.46164,-6.40417],[107.45918,-6.4032],[107.46524,-6.39405],[107.45554,-6.38656],[107.45597,-6.38201],[107.46603,-6.37885],[107.46998,-6.37877],[107.47132,-6.37315],[107.47296,-6.3726],[107.47353,-6.37118],[107.47269,-6.37011],[107.47263,-6.36444],[107.48599,-6.36195],[107.48814,-6.36079],[107.49853,-6.36081],[107.49777,-6.36461],[107.49817,-6.371],[107.5001,-6.37506],[107.50744,-6.37911],[107.50645,-6.38096],[107.50793,-6.38471],[107.5045,-6.38771],[107.50563,-6.38919],[107.50942,-6.39111],[107.51157,-6.39666]]]}},{"type":"Feature","properties":{"KODE_KEC":"32.15.22","KECAMATAN":"Jayakerta","KAB_KOTA":"Karawang","dist_ind":25596.49,"camp_dens":0.0,"toll_pct":0.0,"sma_grad":1843,"area_km2":43.5371,"Pred_Reko":0},"geometry":{"type":"Polygon","coordinates":[[[107.33218,-6.14013],[107.3233,-6.13933],[107.3153,-6.14049],[107.30492,-6.13878],[107.30333,-6.12985],[107.30437,-6.12715],[107.30606,-6.12732],[107.30597,-6.11698],[107.30681,-6.11176],[107.30417,-6.11638],[107.30202,-6.11798],[107.30009,-6.11869],[107.2995,-6.1179],[107.29782,-6.11807],[107.29778,-6.11749],[107.29696,-6.11742],[107.29472,-6.11937],[107.29384,-6.12123],[107.28195,-6.12448],[107.27982,-6.12456],[107.27922,-6.12686],[107.27709,-6.12737],[107.27282,-6.13053],[107.2711,-6.13009],[107.27021,-6.1289],[107.27026,-6.1222],[107.26923,-6.1187],[107.2689,-6.11423],[107.26533,-6.11134],[107.26245,-6.11102],[107.25147,-6.11617],[107.25,-6.11648],[107.24799,-6.11565],[107.24823,-6.10858],[107.25356,-6.10708],[107.25369,-6.10519],[107.25619,-6.10181],[107.256,-6.09712],[107.25721,-6.09458],[107.25762,-6.0947],[107.25761,-6.09317],[107.26156,-6.09402],[107.27262,-6.07241],[107.27982,-6.06989],[107.28339,-6.07034],[107.28226,-6.07937],[107.28335,-6.08007],[107.28305,-6.0814],[107.28366,-6.08185],[107.28311,-6.08359],[107.28627,-6.08733],[107.29097,-6.07901],[107.30493,-6.07651],[107.30513,-6.07562],[107.30938,-6.07336],[107.31775,-6.07153],[107.31859,-6.07419],[107.32092,-6.07581],[107.31954,-6.07731],[107.3195,-6.08324],[107.32148,-6.08353],[107.32305,-6.08886],[107.32146,-6.09388],[107.31972,-6.09648],[107.32801,-6.10128],[107.32502,-6.1087],[107.32638,-6.10889],[107.33522,-6.11408],[107.3366,-6.12751],[107.33593,-6.13512],[107.33418,-6.13517],[107.33414,-6.13803],[107.33218,-6.14013]]]}},{"type":"Feature","properties":{"KODE_KEC":"32.15.23","KECAMATAN":"Cilamaya Kulon","KAB_KOTA":"Karawang","dist_ind":23368.43,"camp_dens":0.0,"toll_pct":0.0,"sma_grad":2500,"area_km2":68.4034,"Pred_Reko":0},"geometry":{"type":"Polygon","coordinates":[[[107.50828,-6.27604],[107.50568,-6.28112],[107.50117,-6.28299],[107.5,-6.28572],[107.48788,-6.28369],[107.48824,-6.2825],[107.48748,-6.28],[107.49155,-6.27561],[107.49246,-6.2729],[107.49595,-6.27085],[107.4945,-6.27015],[107.49749,-6.25558],[107.49636,-6.25542],[107.49831,-6.24945],[107.49903,-6.24963],[107.5004,-6.24587],[107.50104,-6.24581],[107.50146,-6.24474],[107.50423,-6.23474],[107.49436,-6.23246],[107.49399,-6.23381],[107.49069,-6.23355],[107.48843,-6.22998],[107.48725,-6.22917],[107.48709,-6.22811],[107.48602,-6.22827],[107.48504,-6.22742],[107.48713,-6.22078],[107.48664,-6.21849],[107.48747,-6.21771],[107.48693,-6.21625],[107.4871,-6.21311],[107.4864,-6.21299],[107.48572,-6.20993],[107.4851,-6.20951],[107.48661,-6.20529],[107.48762,-6.20418],[107.4874,-6.20326],[107.48558,-6.20225],[107.48498,-6.20299],[107.48442,-6.20261],[107.48431,-6.20348],[107.48262,-6.20276],[107.48366,-6.20146],[107.48269,-6.20087],[107.48313,-6.20021],[107.48219,-6.20001],[107.4828,-6.19887],[107.48149,-6.19816],[107.48077,-6.19865],[107.48002,-6.19746],[107.47915,-6.19796],[107.4783,-6.19669],[107.47649,-6.19677],[107.47751,-6.19286],[107.47819,-6.19293],[107.47847,-6.19226],[107.47584,-6.19069],[107.4752,-6.18801],[107.47573,-6.18627],[107.48018,-6.18578],[107.48042,-6.18452],[107.47847,-6.18347],[107.47858,-6.18214],[107.47928,-6.18154],[107.48085,-6.18161],[107.48096,-6.17981],[107.48278,-6.17694],[107.48422,-6.17591],[107.48897,-6.17352],[107.49021,-6.17395],[107.49134,-6.17235],[107.50179,-6.1728],[107.50316,-6.17041],[107.50376,-6.17067],[107.50405,-6.17007],[107.50541,-6.16507],[107.50447,-6.165],[107.50412,-6.16159],[107.50982,-6.16435],[107.51249,-6.16481],[107.53104,-6.17466],[107.54251,-6.17851],[107.54823,-6.17837],[107.55155,-6.17974],[107.54856,-6.183],[107.54731,-6.18356],[107.54542,-6.19316],[107.54308,-6.19661],[107.54802,-6.20176],[107.54959,-6.20191],[107.55167,-6.2045],[107.55032,-6.20651],[107.55136,-6.20831],[107.55005,-6.20932],[107.55256,-6.21133],[107.5514,-6.21254],[107.54825,-6.20987],[107.54711,-6.21097],[107.54862,-6.21187],[107.54971,-6.21461],[107.54869,-6.21494],[107.54196,-6.2308],[107.54701,-6.23342],[107.54679,-6.23557],[107.54233,-6.24438],[107.54018,-6.24426],[107.53938,-6.24478],[107.53801,-6.2474],[107.53653,-6.25436],[107.53503,-6.25523],[107.53416,-6.25472],[107.53372,-6.2552],[107.53104,-6.26213],[107.53033,-6.26581],[107.52793,-6.26553],[107.52726,-6.26687],[107.52708,-6.27087],[107.52492,-6.27243],[107.52501,-6.27189],[107.52426,-6.27176],[107.5225,-6.27175],[107.52226,-6.27224],[107.51878,-6.27137],[107.5182,-6.27211],[107.51082,-6.27112],[107.50996,-6.27271],[107.50886,-6.27273],[107.50828,-6.27604]]]}},{"type":"Feature","properties":{"KODE_KEC":"32.15.30","KECAMATAN":"Cilebar","KAB_KOTA":"Karawang","dist_ind":28467.26,"camp_dens":0.0,"toll_pct":0.0,"sma_grad":1211,"area_km2":72.001,"Pred_Reko":0},"geometry":{"type":"Polygon","coordinates":[[[107.39386,-6.17926],[107.39426,-6.18079],[107.39564,-6.18196],[107.39415,-6.18285],[107.39366,-6.18597],[107.3925,-6.18782],[107.39017,-6.18722],[107.38637,-6.18488],[107.38447,-6.18613],[107.38379,-6.18846],[107.38079,-6.18846],[107.38036,-6.18244],[107.38301,-6.17508],[107.38165,-6.15587],[107.37977,-6.15526],[107.375,-6.15528],[107.36659,-6.15111],[107.36623,-6.14692],[107.36303,-6.14601],[107.36052,-6.14204],[107.35955,-6.14152],[107.36758,-6.13781],[107.37007,-6.12888],[107.37491,-6.1285],[107.37499,-6.1308],[107.37635,-6.13058],[107.37643,-6.12991],[107.38035,-6.13033],[107.38639,-6.1328],[107.38705,-6.12966],[107.39007,-6.12688],[107.39038,-6.12372],[107.39171,-6.12212],[107.38949,-6.11576],[107.39768,-6.11561],[107.39992,-6.11019],[107.40189,-6.10908],[107.40724,-6.10825],[107.40706,-6.10402],[107.40362,-6.10269],[107.40271,-6.09793],[107.39987,-6.09717],[107.39984,-6.09578],[107.40138,-6.09334],[107.40111,-6.09053],[107.40015,-6.0898],[107.39596,-6.09059],[107.39223,-6.09034],[107.39054,-6.08914],[107.38915,-6.08693],[107.40129,-6.07829],[107.40305,-6.0783],[107.40419,-6.07639],[107.40395,-6.07559],[107.40869,-6.07017],[107.41675,-6.06465],[107.42312,-6.07568],[107.43043,-6.09111],[107.43116,-6.09087],[107.43246,-6.09206],[107.43331,-6.0911],[107.43428,-6.09122],[107.43588,-6.09481],[107.43689,-6.09447],[107.43705,-6.0947],[107.43592,-6.09485],[107.44036,-6.10088],[107.44095,-6.10255],[107.44535,-6.1014],[107.44687,-6.10517],[107.44587,-6.10672],[107.44652,-6.10784],[107.44904,-6.10897],[107.45286,-6.11799],[107.45432,-6.11921],[107.45979,-6.12976],[107.45694,-6.13178],[107.45431,-6.1353],[107.45112,-6.13761],[107.44578,-6.13922],[107.44141,-6.14136],[107.44199,-6.14375],[107.4415,-6.15218],[107.4388,-6.1594],[107.43891,-6.16188],[107.44044,-6.16627],[107.42893,-6.17657],[107.42243,-6.18854],[107.42101,-6.18733],[107.42029,-6.18373],[107.41804,-6.17941],[107.41882,-6.17728],[107.41811,-6.17665],[107.4184,-6.17616],[107.41579,-6.17519],[107.41593,-6.17348],[107.41475,-6.17366],[107.41382,-6.1718],[107.41308,-6.17179],[107.41269,-6.17314],[107.41158,-6.17257],[107.40327,-6.17271],[107.39386,-6.17926]]]}},{"type":"Feature","properties":{"KODE_KEC":"32.15.06","KECAMATAN":"Rengasdengklok","KAB_KOTA":"Karawang","dist_ind":20121.04,"camp_dens":0.0,"toll_pct":0.0,"sma_grad":3635,"area_km2":37.7123,"Pred_Reko":1},"geometry":{"type":"Polygon","coordinates":[[[107.30853,-6.2269],[107.3081,-6.23013],[107.29776,-6.22991],[107.29524,-6.22845],[107.28836,-6.22258],[107.2781,-6.21914],[107.2733,-6.22059],[107.27206,-6.21757],[107.27328,-6.21581],[107.27748,-6.21538],[107.28391,-6.21596],[107.289,-6.2175],[107.29104,-6.21698],[107.29223,-6.21606],[107.29308,-6.21417],[107.29397,-6.20662],[107.29662,-6.20295],[107.29598,-6.20132],[107.29205,-6.20169],[107.29083,-6.20061],[107.29049,-6.19801],[107.29237,-6.19153],[107.29153,-6.18847],[107.29055,-6.18707],[107.2862,-6.18389],[107.28595,-6.18275],[107.28696,-6.17824],[107.28597,-6.17532],[107.28027,-6.17222],[107.27914,-6.1703],[107.27991,-6.16583],[107.27859,-6.16202],[107.27888,-6.16029],[107.2812,-6.15733],[107.28845,-6.15632],[107.28923,-6.15402],[107.28921,-6.1493],[107.29266,-6.14143],[107.29213,-6.14063],[107.29105,-6.1405],[107.28896,-6.14192],[107.28577,-6.1487],[107.28311,-6.14845],[107.28172,-6.14733],[107.2811,-6.14569],[107.28133,-6.14343],[107.28392,-6.13725],[107.28342,-6.13537],[107.28002,-6.13423],[107.27947,-6.13337],[107.27967,-6.132],[107.28146,-6.12917],[107.28119,-6.1276],[107.27922,-6.12686],[107.27942,-6.125],[107.29384,-6.12123],[107.29472,-6.11937],[107.29696,-6.11742],[107.29778,-6.11749],[107.29782,-6.11807],[107.2995,-6.1179],[107.30009,-6.11869],[107.30202,-6.11798],[107.30417,-6.11638],[107.30681,-6.11176],[107.30597,-6.11698],[107.30606,-6.12732],[107.30437,-6.12715],[107.30333,-6.12985],[107.30492,-6.13878],[107.3153,-6.14049],[107.31975,-6.13991],[107.31731,-6.15274],[107.31384,-6.15402],[107.30974,-6.15677],[107.30501,-6.15579],[107.30369,-6.17095],[107.30207,-6.17169],[107.30245,-6.17713],[107.3032,-6.17771],[107.32095,-6.17715],[107.32134,-6.1753],[107.32271,-6.17523],[107.32398,-6.17122],[107.32733,-6.17084],[107.3315,-6.17573],[107.33344,-6.18005],[107.33097,-6.17988],[107.33068,-6.18119],[107.3273,-6.18074],[107.32661,-6.1821],[107.32519,-6.18216],[107.32377,-6.18184],[107.32385,-6.18122],[107.31686,-6.18009],[107.31592,-6.1887],[107.31652,-6.18911],[107.31661,-6.19772],[107.31839,-6.20849],[107.32233,-6.20671],[107.32658,-6.20652],[107.33247,-6.20803],[107.332,-6.21352],[107.32393,-6.21871],[107.31574,-6.22008],[107.31462,-6.22487],[107.30853,-6.2269]]]}},{"type":"Feature","properties":{"KODE_KEC":"32.15.07","KECAMATAN":"Kutawaluya","KAB_KOTA":"Karawang","dist_ind":21118.76,"camp_dens":0.0,"toll_pct":0.0,"sma_grad":2205,"area_km2":54.647,"Pred_Reko":0},"geometry":{"type":"Polygon","coordinates":[[[107.34449,-6.2135],[107.34241,-6.21169],[107.33369,-6.20835],[107.32658,-6.20652],[107.32233,-6.20671],[107.31839,-6.20849],[107.31661,-6.19772],[107.31652,-6.18911],[107.31592,-6.1887],[107.31686,-6.18009],[107.32385,-6.18122],[107.32377,-6.18184],[107.32519,-6.18216],[107.32661,-6.1821],[107.3273,-6.18074],[107.33068,-6.18119],[107.33097,-6.17988],[107.33344,-6.18005],[107.3315,-6.17573],[107.32839,-6.17157],[107.32733,-6.17084],[107.32398,-6.17122],[107.32271,-6.17523],[107.32134,-6.1753],[107.32095,-6.17715],[107.3032,-6.17771],[107.30226,-6.17662],[107.30207,-6.17169],[107.30369,-6.17095],[107.30501,-6.15579],[107.30974,-6.15677],[107.31384,-6.15402],[107.31731,-6.15274],[107.31975,-6.13991],[107.32365,-6.13933],[107.33218,-6.14013],[107.3363,-6.13554],[107.34195,-6.13862],[107.3437,-6.13856],[107.34354,-6.13915],[107.35123,-6.14031],[107.35138,-6.13976],[107.35552,-6.14052],[107.35596,-6.13967],[107.35946,-6.14032],[107.35955,-6.14152],[107.36052,-6.14204],[107.36279,-6.14581],[107.36623,-6.14692],[107.36659,-6.15111],[107.375,-6.15528],[107.38082,-6.1554],[107.38177,-6.15659],[107.38297,-6.1757],[107.38036,-6.18244],[107.38079,-6.18846],[107.37635,-6.18824],[107.37687,-6.18843],[107.37631,-6.18997],[107.37857,-6.19087],[107.37754,-6.19272],[107.37815,-6.19585],[107.37608,-6.20867],[107.37107,-6.21212],[107.36318,-6.21377],[107.34659,-6.21422],[107.34567,-6.21319],[107.34449,-6.2135]]]}},{"type":"Feature","properties":{"KODE_KEC":"32.15.04","KECAMATAN":"Ciampel","KAB_KOTA":"Karawang","dist_ind":2693.2,"camp_dens":0.0,"toll_pct":0.0,"sma_grad":1067,"area_km2":117.1987,"Pred_Reko":0},"geometry":{"type":"Polygon","coordinates":[[[107.37198,-6.47164],[107.37286,-6.47475],[107.37923,-6.47893],[107.38109,-6.48116],[107.38224,-6.4882],[107.3853,-6.49001],[107.38881,-6.49087],[107.38957,-6.49185],[107.38982,-6.49793],[107.39178,-6.50377],[107.39045,-6.5112],[107.38886,-6.51119],[107.38544,-6.50909],[107.38535,-6.50814],[107.38463,-6.50774],[107.38173,-6.50718],[107.37732,-6.50472],[107.37537,-6.50205],[107.36982,-6.49754],[107.36332,-6.49507],[107.3501,-6.48475],[107.3507,-6.48128],[107.34937,-6.48084],[107.34868,-6.47979],[107.34743,-6.48017],[107.34618,-6.47969],[107.34476,-6.48037],[107.34026,-6.47932],[107.33916,-6.48025],[107.32891,-6.48018],[107.32753,-6.48445],[107.32628,-6.48525],[107.32162,-6.48627],[107.31968,-6.48779],[107.30582,-6.49105],[107.30243,-6.49324],[107.30122,-6.4955],[107.2987,-6.49648],[107.29475,-6.49302],[107.29429,-6.48645],[107.29089,-6.48429],[107.2905,-6.48293],[107.2908,-6.48211],[107.2917,-6.48188],[107.29394,-6.48258],[107.29607,-6.481],[107.29657,-6.47843],[107.29601,-6.47556],[107.29981,-6.46423],[107.29941,-6.46194],[107.30066,-6.45884],[107.30064,-6.45307],[107.30244,-6.45126],[107.3027,-6.44875],[107.30386,-6.44742],[107.30449,-6.44517],[107.30688,-6.44494],[107.30756,-6.44306],[107.30958,-6.44142],[107.30957,-6.44072],[107.30838,-6.43911],[107.30878,-6.43762],[107.30823,-6.43547],[107.30638,-6.43534],[107.30576,-6.43454],[107.30483,-6.42808],[107.29947,-6.42372],[107.29992,-6.42045],[107.29549,-6.41999],[107.29406,-6.42069],[107.2925,-6.42051],[107.29146,-6.4216],[107.28762,-6.42213],[107.28586,-6.42062],[107.28333,-6.42017],[107.28253,-6.41926],[107.28264,-6.41821],[107.28147,-6.41726],[107.27883,-6.41862],[107.27632,-6.41507],[107.27708,-6.41332],[107.27627,-6.41186],[107.27717,-6.41101],[107.27624,-6.40948],[107.27558,-6.40973],[107.27531,-6.40924],[107.27568,-6.40875],[107.27795,-6.40932],[107.2775,-6.40698],[107.27822,-6.40676],[107.27863,-6.40546],[107.27936,-6.40604],[107.27992,-6.40535],[107.28082,-6.4066],[107.28237,-6.4054],[107.28198,-6.40435],[107.28292,-6.40278],[107.28247,-6.40216],[107.28334,-6.40172],[107.2828,-6.40105],[107.28306,-6.40014],[107.2841,-6.39975],[107.28342,-6.39916],[107.28663,-6.39724],[107.28606,-6.39603],[107.28506,-6.39579],[107.28668,-6.39277],[107.28782,-6.39252],[107.28656,-6.39122],[107.28691,-6.39011],[107.28768,-6.3899],[107.28546,-6.38945],[107.28588,-6.3888],[107.28499,-6.38862],[107.28516,-6.38818],[107.28602,-6.38747],[107.286,-6.38654],[107.28758,-6.38696],[107.28828,-6.38569],[107.28916,-6.38562],[107.28871,-6.38422],[107.28967,-6.38434],[107.29026,-6.38327],[107.29134,-6.38437],[107.29202,-6.38423],[107.29207,-6.38361],[107.29291,-6.38368],[107.29309,-6.3822],[107.29439,-6.38235],[107.29535,-6.38149],[107.29568,-6.38091],[107.29493,-6.38031],[107.29574,-6.37909],[107.29519,-6.37888],[107.2952,-6.37617],[107.29591,-6.37586],[107.29641,-6.37659],[107.29663,-6.37516],[107.29863,-6.37485],[107.29918,-6.37293],[107.29836,-6.37271],[107.29883,-6.37169],[107.30101,-6.37116],[107.30026,-6.37036],[107.30067,-6.36961],[107.30214,-6.36981],[107.30158,-6.36895],[107.30214,-6.36843],[107.30264,-6.36882],[107.30315,-6.36563],[107.30419,-6.36567],[107.30375,-6.3631],[107.30504,-6.36169],[107.30506,-6.35859],[107.3061,-6.35709],[107.31114,-6.36052],[107.31246,-6.3588],[107.31226,-6.35816],[107.31588,-6.35739],[107.31772,-6.35836],[107.31746,-6.35907],[107.31856,-6.35916],[107.31946,-6.35845],[107.3187,-6.35772],[107.31909,-6.35729],[107.32161,-6.35682],[107.32293,-6.35796],[107.32443,-6.36225],[107.32616,-6.36288],[107.32766,-6.36213],[107.33017,-6.35839],[107.33231,-6.35823],[107.33383,-6.35883],[107.33814,-6.36261],[107.34293,-6.36413],[107.34427,-6.36537],[107.34621,-6.36906],[107.34127,-6.3695],[107.33969,-6.37039],[107.33946,-6.37158],[107.34048,-6.3724],[107.34574,-6.37357],[107.34662,-6.3763],[107.34647,-6.37953],[107.34976,-6.38586],[107.35292,-6.3872],[107.35658,-6.3861],[107.368,-6.38602],[107.36674,-6.39135],[107.36734,-6.39341],[107.37337,-6.39494],[107.37403,-6.39635],[107.37591,-6.39774],[107.3764,-6.40071],[107.37122,-6.40206],[107.37064,-6.40152],[107.36705,-6.40139],[107.36573,-6.40047],[107.36186,-6.40211],[107.3594,-6.40659],[107.36163,-6.41168],[107.36648,-6.41121],[107.3736,-6.41678],[107.3756,-6.43117],[107.37816,-6.43778],[107.37888,-6.45029],[107.37799,-6.45272],[107.3769,-6.45413],[107.375,-6.45514],[107.37208,-6.45289],[107.37001,-6.45387],[107.36944,-6.45351],[107.36641,-6.45692],[107.36736,-6.45667],[107.36843,-6.45927],[107.36982,-6.45978],[107.37208,-6.46306],[107.3744,-6.46497],[107.37894,-6.46442],[107.38039,-6.46561],[107.3802,-6.46671],[107.37863,-6.4678],[107.37322,-6.4683],[107.37198,-6.47164]]]}},{"type":"Feature","properties":{"KODE_KEC":"32.15.05","KECAMATAN":"Klari","KAB_KOTA":"Karawang","dist_ind":4662.31,"camp_dens":0.0,"toll_pct":0.000235,"sma_grad":3079,"area_km2":73.7169,"Pred_Reko":1},"geometry":{"type":"Polygon","coordinates":[[[107.37337,-6.39494],[107.36734,-6.39341],[107.36674,-6.39213],[107.368,-6.38602],[107.35658,-6.3861],[107.35292,-6.3872],[107.34976,-6.38586],[107.34647,-6.37953],[107.34662,-6.3763],[107.34574,-6.37357],[107.34048,-6.3724],[107.33946,-6.37158],[107.33969,-6.37039],[107.34127,-6.3695],[107.34621,-6.36906],[107.34427,-6.36537],[107.34293,-6.36413],[107.33814,-6.36261],[107.33383,-6.35883],[107.33138,-6.35811],[107.33017,-6.35839],[107.32719,-6.36254],[107.32544,-6.36282],[107.32443,-6.36225],[107.32304,-6.35945],[107.32301,-6.35738],[107.32618,-6.35256],[107.32707,-6.34876],[107.32484,-6.34161],[107.32479,-6.33673],[107.32872,-6.33756],[107.33657,-6.33706],[107.3407,-6.34256],[107.34191,-6.34377],[107.34242,-6.34347],[107.34589,-6.34739],[107.34748,-6.34487],[107.34875,-6.34542],[107.35019,-6.34349],[107.35252,-6.33545],[107.36515,-6.33799],[107.37103,-6.3352],[107.38182,-6.33553],[107.38123,-6.32342],[107.38672,-6.3237],[107.39169,-6.32271],[107.39639,-6.32339],[107.40007,-6.32572],[107.40447,-6.32529],[107.40563,-6.32763],[107.40703,-6.33393],[107.39938,-6.33632],[107.39766,-6.33774],[107.39408,-6.34478],[107.3933,-6.35371],[107.39154,-6.3537],[107.38998,-6.35562],[107.39037,-6.36135],[107.38885,-6.3643],[107.38897,-6.36777],[107.39218,-6.37073],[107.39263,-6.37413],[107.3922,-6.37633],[107.39126,-6.37599],[107.38837,-6.38453],[107.38937,-6.38525],[107.38818,-6.386],[107.38692,-6.38983],[107.39021,-6.39212],[107.39085,-6.39487],[107.39074,-6.3957],[107.38977,-6.39557],[107.39043,-6.39955],[107.39184,-6.40274],[107.39561,-6.40934],[107.39875,-6.41299],[107.39859,-6.41383],[107.39947,-6.41453],[107.39985,-6.414],[107.40189,-6.41655],[107.40169,-6.41886],[107.39908,-6.42523],[107.40101,-6.42553],[107.40151,-6.42689],[107.40108,-6.42739],[107.40195,-6.4276],[107.40122,-6.42818],[107.40257,-6.42818],[107.40318,-6.42908],[107.40482,-6.42905],[107.40503,-6.42991],[107.40563,-6.42945],[107.4075,-6.42982],[107.4075,-6.42893],[107.41104,-6.42746],[107.41311,-6.42824],[107.41362,-6.42711],[107.41496,-6.42673],[107.41677,-6.42746],[107.41749,-6.42899],[107.41909,-6.42906],[107.41978,-6.43026],[107.42045,-6.42966],[107.42109,-6.43022],[107.42268,-6.43243],[107.42184,-6.43409],[107.42195,-6.43798],[107.42434,-6.44151],[107.42521,-6.44169],[107.42503,-6.44327],[107.4271,-6.44542],[107.42727,-6.44659],[107.43188,-6.44981],[107.43479,-6.4529],[107.4352,-6.45732],[107.43465,-6.45855],[107.43225,-6.45982],[107.42281,-6.46142],[107.41492,-6.46364],[107.40502,-6.46563],[107.39964,-6.46567],[107.39072,-6.46799],[107.38681,-6.46808],[107.38629,-6.46871],[107.38472,-6.46885],[107.37913,-6.46758],[107.3802,-6.46671],[107.38039,-6.46561],[107.37927,-6.46449],[107.375,-6.46512],[107.37208,-6.46306],[107.36982,-6.45978],[107.36843,-6.45927],[107.36736,-6.45667],[107.36641,-6.45692],[107.36867,-6.45396],[107.37098,-6.45314],[107.37287,-6.45329],[107.37428,-6.45506],[107.37628,-6.4546],[107.37799,-6.45272],[107.37888,-6.45029],[107.37827,-6.43844],[107.3756,-6.43117],[107.37417,-6.42358],[107.37401,-6.41798],[107.3736,-6.41678],[107.3678,-6.4118],[107.36513,-6.41108],[107.36163,-6.41168],[107.3594,-6.40659],[107.36186,-6.40211],[107.36573,-6.40047],[107.36705,-6.40139],[107.37064,-6.40152],[107.37122,-6.40206],[107.3764,-6.40071],[107.37591,-6.39774],[107.37403,-6.39635],[107.37337,-6.39494]]]}},{"type":"Feature","properties":{"KODE_KEC":"32.15.08","KECAMATAN":"Batujaya","KAB_KOTA":"Karawang","dist_ind":23428.87,"camp_dens":0.0,"toll_pct":0.0,"sma_grad":2117,"area_km2":75.2426,"Pred_Reko":0},"geometry":{"type":"Polygon","coordinates":[[[107.23851,-6.10397],[107.2359,-6.10437],[107.23014,-6.10263],[107.22163,-6.10386],[107.21173,-6.09968],[107.20256,-6.09354],[107.19032,-6.08994],[107.18807,-6.0883],[107.18704,-6.08632],[107.18839,-6.08029],[107.18806,-6.07901],[107.18568,-6.07656],[107.18398,-6.07636],[107.18215,-6.07729],[107.17887,-6.0812],[107.17702,-6.08172],[107.175,-6.08056],[107.1719,-6.07593],[107.16547,-6.07215],[107.16243,-6.06922],[107.15964,-6.06767],[107.15682,-6.06792],[107.15354,-6.07195],[107.15157,-6.07283],[107.14331,-6.07101],[107.15171,-6.06193],[107.15288,-6.05806],[107.15403,-6.04826],[107.15423,-6.04776],[107.15677,-6.04758],[107.15877,-6.03991],[107.15717,-6.03728],[107.15707,-6.03589],[107.15992,-6.03155],[107.16077,-6.02821],[107.1606,-6.02266],[107.15967,-6.02247],[107.15751,-6.0246],[107.15811,-6.02328],[107.15853,-6.01481],[107.162,-6.00874],[107.16134,-6.00294],[107.16512,-6.00403],[107.16648,-6.00118],[107.16721,-6.00161],[107.16809,-5.99983],[107.16939,-6.00079],[107.17216,-6.00066],[107.17566,-5.9991],[107.17615,-5.99717],[107.17507,-5.99528],[107.17517,-5.98879],[107.18476,-5.98844],[107.185,-5.98925],[107.1871,-5.99038],[107.1866,-5.9923],[107.18733,-5.99364],[107.1865,-5.99514],[107.18879,-5.99526],[107.19084,-5.99685],[107.19209,-5.99634],[107.1927,-5.99511],[107.19603,-5.99674],[107.19765,-5.99585],[107.19843,-5.99655],[107.20197,-5.99658],[107.20173,-5.99927],[107.20256,-5.99989],[107.20418,-5.99901],[107.20371,-6.00216],[107.20415,-6.0026],[107.20545,-6.00228],[107.2051,-6.00483],[107.20632,-6.00539],[107.20596,-6.00664],[107.21121,-6.01109],[107.21139,-6.01288],[107.21396,-6.0148],[107.21576,-6.01921],[107.21509,-6.02065],[107.21509,-6.0241],[107.21743,-6.03537],[107.21625,-6.03775],[107.21322,-6.05282],[107.21851,-6.05574],[107.2187,-6.07154],[107.22271,-6.07396],[107.22304,-6.07352],[107.22458,-6.07398],[107.23165,-6.0687],[107.23188,-6.06596],[107.23533,-6.0653],[107.23625,-6.06185],[107.23606,-6.06018],[107.23666,-6.05997],[107.23713,-6.06101],[107.23856,-6.06096],[107.2383,-6.0635],[107.24073,-6.06485],[107.24121,-6.06644],[107.24401,-6.06795],[107.2434,-6.07453],[107.24386,-6.07469],[107.2443,-6.07942],[107.24549,-6.07963],[107.24466,-6.08257],[107.24544,-6.0829],[107.24514,-6.08406],[107.24695,-6.08412],[107.24723,-6.08588],[107.24783,-6.08595],[107.24881,-6.09907],[107.25206,-6.10267],[107.25356,-6.10708],[107.24823,-6.10858],[107.24791,-6.10238],[107.2468,-6.10109],[107.24568,-6.10083],[107.24335,-6.10096],[107.23851,-6.10397]]]}},{"type":"Feature","properties":{"KODE_KEC":"32.15.09","KECAMATAN":"Tirtajaya","KAB_KOTA":"Karawang","dist_ind":30234.6,"camp_dens":0.0,"toll_pct":0.0,"sma_grad":1667,"area_km2":105.4823,"Pred_Reko":0},"geometry":{"type":"MultiPolygon","coordinates":[[[[107.27262,-6.07241],[107.26156,-6.09402],[107.25761,-6.09317],[107.25762,-6.0947],[107.25721,-6.09458],[107.256,-6.09712],[107.25619,-6.10181],[107.25369,-6.10519],[107.25356,-6.10708],[107.25206,-6.10267],[107.24881,-6.09907],[107.24783,-6.08595],[107.24723,-6.08588],[107.24695,-6.08412],[107.24514,-6.08406],[107.24544,-6.0829],[107.24466,-6.08257],[107.24549,-6.07963],[107.2443,-6.07942],[107.24386,-6.07469],[107.2434,-6.07453],[107.24401,-6.06795],[107.24121,-6.06644],[107.24073,-6.06485],[107.2383,-6.0635],[107.23856,-6.06096],[107.23713,-6.06101],[107.23666,-6.05997],[107.23606,-6.06018],[107.23625,-6.06185],[107.23533,-6.0653],[107.23188,-6.06596],[107.23165,-6.0687],[107.22458,-6.07398],[107.22304,-6.07352],[107.22271,-6.07396],[107.2187,-6.07154],[107.21851,-6.05574],[107.21322,-6.05282],[107.21625,-6.03775],[107.21743,-6.03537],[107.21509,-6.0241],[107.21509,-6.02065],[107.21576,-6.01921],[107.21429,-6.01548],[107.21139,-6.01288],[107.21121,-6.01109],[107.20596,-6.00664],[107.20632,-6.00539],[107.2051,-6.00483],[107.20545,-6.00228],[107.20415,-6.0026],[107.20371,-6.00216],[107.20418,-5.99901],[107.20256,-5.99989],[107.20173,-5.99927],[107.20197,-5.99658],[107.19843,-5.99655],[107.19765,-5.99585],[107.19603,-5.99674],[107.1927,-5.99511],[107.19209,-5.99634],[107.19084,-5.99685],[107.18879,-5.99526],[107.18672,-5.99538],[107.18653,-5.99461],[107.18733,-5.99364],[107.1866,-5.9923],[107.1871,-5.99038],[107.185,-5.98925],[107.18476,-5.98844],[107.19379,-5.9854],[107.19548,-5.98364],[107.19763,-5.98309],[107.20069,-5.98093],[107.20674,-5.98075],[107.2103,-5.97892],[107.21619,-5.9788],[107.21677,-5.97941],[107.21914,-5.97957],[107.21921,-5.9782],[107.22095,-5.9775],[107.22174,-5.97588],[107.22727,-5.97567],[107.23161,-5.97686],[107.23182,-5.97746],[107.23324,-5.97727],[107.2331,-5.9746],[107.23744,-5.97476],[107.23954,-5.97385],[107.24037,-5.97413],[107.24055,-5.9749],[107.23947,-5.97778],[107.24047,-5.97769],[107.24107,-5.97577],[107.24201,-5.97557],[107.24383,-5.97789],[107.24566,-5.97817],[107.24737,-5.97974],[107.24872,-5.97759],[107.24979,-5.97935],[107.25429,-5.97932],[107.2545,-5.98117],[107.25532,-5.98221],[107.26146,-5.98224],[107.262,-5.98114],[107.26594,-5.98243],[107.2672,-5.97954],[107.26913,-5.98009],[107.26985,-5.9782],[107.27059,-5.97802],[107.27066,-5.98031],[107.27137,-5.98098],[107.27213,-5.98074],[107.27279,-5.9826],[107.27564,-5.98403],[107.2757,-5.98626],[107.27777,-5.98675],[107.27927,-5.99075],[107.28177,-5.99269],[107.28613,-5.98937],[107.28837,-5.98557],[107.29305,-5.98291],[107.29317,-5.99247],[107.28973,-6.00731],[107.28806,-6.01054],[107.28704,-6.01966],[107.29231,-6.02203],[107.29162,-6.02359],[107.29347,-6.02412],[107.29539,-6.02595],[107.29284,-6.03609],[107.29669,-6.03677],[107.29607,-6.04193],[107.30214,-6.04229],[107.30229,-6.0415],[107.30432,-6.04083],[107.30805,-6.04124],[107.30566,-6.05549],[107.30435,-6.0587],[107.30569,-6.05914],[107.30529,-6.06025],[107.31178,-6.06258],[107.3124,-6.07269],[107.30654,-6.07465],[107.30513,-6.07562],[107.30493,-6.07651],[107.29097,-6.07901],[107.28627,-6.08733],[107.28311,-6.08359],[107.28366,-6.08185],[107.28305,-6.0814],[107.28335,-6.08007],[107.28226,-6.07937],[107.28339,-6.07034],[107.27982,-6.06989],[107.27262,-6.07241]]],[[[107.23275,-5.97431],[107.23275,-5.97427],[107.23278,-5.97433],[107.23275,-5.97431]]]]}},{"type":"Feature","properties":{"KODE_KEC":"32.15.02","KECAMATAN":"Pangkalan","KAB_KOTA":"Karawang","dist_ind":6951.35,"camp_dens":0.0,"toll_pct":0.0,"sma_grad":1379,"area_km2":99.7333,"Pred_Reko":1},"geometry":{"type":"Polygon","coordinates":[[[107.18921,-6.51494],[107.18525,-6.52031],[107.18569,-6.52153],[107.18765,-6.5234],[107.18696,-6.52616],[107.18556,-6.52823],[107.18549,-6.53073],[107.18435,-6.53237],[107.18606,-6.53585],[107.18816,-6.53839],[107.18932,-6.54446],[107.19409,-6.55457],[107.20587,-6.55832],[107.21431,-6.55898],[107.21564,-6.56113],[107.21445,-6.56505],[107.21469,-6.56688],[107.21219,-6.57044],[107.20892,-6.57163],[107.20402,-6.57027],[107.20365,-6.56721],[107.20287,-6.56584],[107.19992,-6.56359],[107.19787,-6.56576],[107.19575,-6.56624],[107.19418,-6.56564],[107.19241,-6.56382],[107.19023,-6.56364],[107.18944,-6.56149],[107.18765,-6.56174],[107.18572,-6.56062],[107.18506,-6.55924],[107.18543,-6.55771],[107.18415,-6.55534],[107.18152,-6.55453],[107.18127,-6.55319],[107.17898,-6.55239],[107.17808,-6.54927],[107.17886,-6.54779],[107.17781,-6.54634],[107.17829,-6.54499],[107.17737,-6.54316],[107.17812,-6.54035],[107.17616,-6.53821],[107.17654,-6.53298],[107.17451,-6.53274],[107.17537,-6.53175],[107.17516,-6.52946],[107.17393,-6.52739],[107.1725,-6.52676],[107.17125,-6.52317],[107.16929,-6.52282],[107.16974,-6.52209],[107.16855,-6.51961],[107.16854,-6.51724],[107.1664,-6.51613],[107.16781,-6.5145],[107.16758,-6.51134],[107.16544,-6.51164],[107.16475,-6.51086],[107.16528,-6.50883],[107.16457,-6.50672],[107.16514,-6.50347],[107.16425,-6.50223],[107.1646,-6.50094],[107.16601,-6.5],[107.1666,-6.4972],[107.17006,-6.49656],[107.17024,-6.49534],[107.16939,-6.49375],[107.16972,-6.49233],[107.17248,-6.49179],[107.17439,-6.49055],[107.17378,-6.48441],[107.17297,-6.48273],[107.17145,-6.48175],[107.17149,-6.48052],[107.17559,-6.47891],[107.1783,-6.47972],[107.18076,-6.47812],[107.18114,-6.47499],[107.17874,-6.47368],[107.18002,-6.47308],[107.18282,-6.47348],[107.18305,-6.47125],[107.18156,-6.46877],[107.18224,-6.4678],[107.18573,-6.46722],[107.18586,-6.46881],[107.18436,-6.47],[107.18426,-6.47085],[107.18466,-6.4714],[107.18614,-6.47136],[107.18916,-6.46975],[107.18959,-6.46389],[107.19245,-6.46306],[107.19511,-6.46383],[107.19604,-6.46091],[107.19798,-6.46151],[107.19816,-6.46352],[107.19875,-6.46368],[107.1991,-6.46051],[107.20168,-6.46113],[107.20741,-6.46761],[107.20891,-6.46817],[107.21315,-6.4645],[107.21488,-6.46444],[107.21555,-6.46241],[107.21687,-6.46136],[107.21529,-6.45802],[107.21265,-6.45496],[107.20538,-6.45193],[107.20593,-6.45025],[107.20789,-6.44928],[107.20888,-6.45132],[107.21107,-6.45245],[107.21171,-6.44928],[107.20704,-6.44106],[107.202,-6.43609],[107.20203,-6.43541],[107.20382,-6.43591],[107.20596,-6.43564],[107.20668,-6.43489],[107.20371,-6.42608],[107.19767,-6.42495],[107.19627,-6.42335],[107.19629,-6.42263],[107.19733,-6.42192],[107.20118,-6.42218],[107.20376,-6.42347],[107.20543,-6.42165],[107.20558,-6.42104],[107.20374,-6.41993],[107.20196,-6.41395],[107.20656,-6.41466],[107.21049,-6.41697],[107.21218,-6.41723],[107.21289,-6.41633],[107.21187,-6.41477],[107.21262,-6.40958],[107.21356,-6.40873],[107.216,-6.40864],[107.21727,-6.4077],[107.22118,-6.40842],[107.22095,-6.40459],[107.22197,-6.40245],[107.22287,-6.40521],[107.22433,-6.40693],[107.2244,-6.40822],[107.22718,-6.41085],[107.2293,-6.41138],[107.23126,-6.41035],[107.23578,-6.41075],[107.2374,-6.41243],[107.23807,-6.41489],[107.2391,-6.41522],[107.24039,-6.4151],[107.2414,-6.41403],[107.24407,-6.41407],[107.24572,-6.41336],[107.2475,-6.41399],[107.24956,-6.41274],[107.25412,-6.41293],[107.25573,-6.41187],[107.25516,-6.41013],[107.26363,-6.41445],[107.26691,-6.41394],[107.26816,-6.41306],[107.27269,-6.41312],[107.2762,-6.41166],[107.27708,-6.41332],[107.27632,-6.41507],[107.27835,-6.41736],[107.27863,-6.41851],[107.27935,-6.41868],[107.28147,-6.41726],[107.28264,-6.41821],[107.28253,-6.41926],[107.28333,-6.42017],[107.28586,-6.42062],[107.28762,-6.42213],[107.29146,-6.4216],[107.2925,-6.42051],[107.29406,-6.42069],[107.29549,-6.41999],[107.29992,-6.42045],[107.29947,-6.42372],[107.30483,-6.42808],[107.30576,-6.43454],[107.30638,-6.43534],[107.30823,-6.43547],[107.30878,-6.43762],[107.30838,-6.43911],[107.30962,-6.44103],[107.30756,-6.44306],[107.30688,-6.44494],[107.30449,-6.44517],[107.30386,-6.44742],[107.3027,-6.44875],[107.30244,-6.45126],[107.30069,-6.45294],[107.30069,-6.45373],[107.29995,-6.45369],[107.299,-6.45184],[107.29645,-6.45173],[107.27987,-6.45583],[107.27639,-6.45706],[107.27475,-6.4585],[107.26873,-6.45736],[107.26796,-6.45814],[107.26813,-6.45896],[107.26285,-6.46225],[107.25906,-6.46128],[107.25354,-6.46127],[107.24866,-6.45705],[107.24681,-6.45716],[107.24581,-6.46039],[107.24661,-6.46202],[107.24548,-6.46303],[107.24152,-6.46353],[107.23992,-6.46589],[107.24159,-6.46817],[107.24142,-6.47233],[107.24351,-6.47348],[107.24269,-6.47544],[107.24334,-6.47599],[107.24092,-6.47922],[107.23864,-6.47953],[107.23929,-6.48191],[107.23892,-6.48419],[107.23578,-6.48674],[107.23611,-6.4898],[107.23075,-6.48878],[107.22789,-6.48901],[107.22721,-6.48962],[107.22683,-6.49162],[107.22556,-6.49318],[107.2239,-6.49737],[107.22439,-6.50025],[107.22388,-6.50076],[107.22506,-6.50193],[107.22492,-6.50317],[107.22298,-6.50338],[107.22159,-6.50543],[107.22118,-6.50727],[107.22183,-6.50793],[107.22116,-6.50961],[107.2217,-6.51196],[107.22085,-6.51257],[107.21922,-6.51205],[107.21782,-6.5138],[107.21864,-6.51466],[107.21765,-6.51485],[107.2158,-6.51397],[107.21368,-6.51185],[107.21121,-6.51119],[107.21042,-6.50673],[107.20934,-6.50492],[107.2082,-6.50539],[107.20709,-6.50378],[107.20618,-6.50462],[107.20795,-6.51017],[107.20555,-6.51357],[107.20185,-6.51093],[107.20083,-6.51308],[107.20087,-6.5152],[107.2022,-6.51707],[107.20154,-6.51772],[107.19961,-6.51769],[107.19394,-6.51548],[107.19074,-6.51671],[107.18921,-6.51494]]]}},{"type":"Feature","properties":{"KODE_KEC":"32.15.03","KECAMATAN":"Telukjambe Timur","KAB_KOTA":"Karawang","dist_ind":1982.4,"camp_dens":0.0423,"toll_pct":0.000296,"sma_grad":4353,"area_km2":47.246,"Pred_Reko":2},"geometry":{"type":"Polygon","coordinates":[[[107.32161,-6.35682],[107.3187,-6.35772],[107.31948,-6.35836],[107.31856,-6.35916],[107.31746,-6.35907],[107.31772,-6.35836],[107.31588,-6.35739],[107.31226,-6.35816],[107.31246,-6.3588],[107.31114,-6.36052],[107.3061,-6.35709],[107.30506,-6.35859],[107.30504,-6.36169],[107.30375,-6.3631],[107.30419,-6.36567],[107.30315,-6.36563],[107.30264,-6.36882],[107.30214,-6.36843],[107.30158,-6.36895],[107.30214,-6.36981],[107.30067,-6.36961],[107.30026,-6.37036],[107.30101,-6.37116],[107.29883,-6.37169],[107.29836,-6.37271],[107.29918,-6.37293],[107.29863,-6.37485],[107.29663,-6.37516],[107.29641,-6.37659],[107.29591,-6.37586],[107.2952,-6.37617],[107.29519,-6.37888],[107.29574,-6.37909],[107.29493,-6.38031],[107.29568,-6.38091],[107.29535,-6.38149],[107.29439,-6.38235],[107.29309,-6.3822],[107.29291,-6.38368],[107.29207,-6.38361],[107.29202,-6.38423],[107.29134,-6.38437],[107.29026,-6.38327],[107.28967,-6.38434],[107.28871,-6.38422],[107.28916,-6.38562],[107.28828,-6.38569],[107.28758,-6.38696],[107.286,-6.38654],[107.28602,-6.38747],[107.28516,-6.38818],[107.28499,-6.38862],[107.28588,-6.3888],[107.28546,-6.38945],[107.28768,-6.3899],[107.28691,-6.39011],[107.28656,-6.39122],[107.28782,-6.39252],[107.28668,-6.39277],[107.28506,-6.39579],[107.28606,-6.39603],[107.28663,-6.39724],[107.28342,-6.39916],[107.2841,-6.39975],[107.28306,-6.40014],[107.2828,-6.40105],[107.28334,-6.40172],[107.28247,-6.40216],[107.28292,-6.40278],[107.28198,-6.40435],[107.28237,-6.4054],[107.28082,-6.4066],[107.27992,-6.40535],[107.27936,-6.40604],[107.27863,-6.40546],[107.27822,-6.40676],[107.2775,-6.40698],[107.27795,-6.40932],[107.2753,-6.40897],[107.2747,-6.40782],[107.27266,-6.40648],[107.27134,-6.39982],[107.27275,-6.39462],[107.27422,-6.39359],[107.27373,-6.39065],[107.27417,-6.38964],[107.27357,-6.38886],[107.27482,-6.38667],[107.27425,-6.38424],[107.27531,-6.38221],[107.27503,-6.37901],[107.27408,-6.37826],[107.27406,-6.37742],[107.27433,-6.37639],[107.27661,-6.37412],[107.27739,-6.37122],[107.27628,-6.37032],[107.27642,-6.36897],[107.2731,-6.36697],[107.2742,-6.36426],[107.27321,-6.36283],[107.27221,-6.36555],[107.2727,-6.36978],[107.2682,-6.37003],[107.26635,-6.36265],[107.26574,-6.35091],[107.27177,-6.34841],[107.27317,-6.34694],[107.27227,-6.34415],[107.27304,-6.34241],[107.27252,-6.34144],[107.27416,-6.34177],[107.2745,-6.34096],[107.27207,-6.33283],[107.27486,-6.326],[107.2722,-6.32565],[107.26283,-6.32221],[107.26001,-6.32225],[107.26222,-6.31161],[107.26194,-6.30783],[107.25284,-6.3077],[107.2493,-6.30823],[107.2494,-6.30595],[107.25051,-6.30549],[107.25019,-6.30354],[107.25322,-6.30424],[107.25332,-6.30504],[107.25411,-6.30507],[107.25423,-6.30675],[107.25807,-6.30668],[107.25827,-6.30245],[107.26042,-6.30216],[107.26034,-6.2984],[107.26114,-6.2983],[107.26231,-6.2951],[107.26225,-6.29326],[107.26337,-6.29278],[107.26298,-6.29005],[107.26467,-6.29027],[107.26517,-6.28974],[107.26403,-6.28717],[107.26486,-6.28619],[107.26372,-6.28407],[107.26215,-6.28275],[107.26198,-6.28155],[107.26326,-6.28009],[107.26405,-6.2801],[107.26565,-6.28421],[107.26659,-6.28489],[107.26731,-6.28414],[107.26795,-6.2807],[107.26753,-6.27977],[107.26526,-6.27845],[107.26593,-6.27603],[107.27392,-6.27925],[107.27658,-6.28095],[107.27682,-6.28257],[107.27484,-6.28544],[107.27467,-6.28763],[107.27681,-6.28829],[107.28078,-6.28806],[107.28179,-6.28861],[107.28178,-6.28988],[107.28094,-6.29096],[107.27771,-6.29327],[107.27778,-6.29451],[107.27916,-6.29457],[107.28155,-6.29345],[107.28437,-6.29391],[107.28688,-6.29613],[107.28783,-6.2988],[107.28815,-6.30458],[107.28948,-6.30947],[107.28913,-6.31082],[107.28722,-6.31242],[107.28572,-6.31259],[107.2847,-6.31219],[107.28305,-6.30999],[107.28034,-6.30941],[107.27587,-6.31152],[107.27439,-6.31441],[107.27476,-6.31707],[107.2758,-6.31861],[107.27889,-6.32005],[107.28387,-6.32018],[107.29292,-6.31311],[107.29707,-6.311],[107.29939,-6.31091],[107.30054,-6.31185],[107.30094,-6.31345],[107.29627,-6.3209],[107.29621,-6.32223],[107.29818,-6.32252],[107.30515,-6.32021],[107.30685,-6.32113],[107.31162,-6.32649],[107.31387,-6.32809],[107.31555,-6.32797],[107.3196,-6.32553],[107.32108,-6.32615],[107.32101,-6.32957],[107.32528,-6.33272],[107.32458,-6.3399],[107.32705,-6.34963],[107.32618,-6.35256],[107.32355,-6.35603],[107.32293,-6.35796],[107.32161,-6.35682]]]}},{"type":"Feature","properties":{"KODE_KEC":"32.15.01","KECAMATAN":"Karawang Barat","KAB_KOTA":"Karawang","dist_ind":9516.45,"camp_dens":0.0253,"toll_pct":0.0,"sma_grad":2325,"area_km2":39.5499,"Pred_Reko":1},"geometry":{"type":"Polygon","coordinates":[[[107.31542,-6.31703],[107.31213,-6.32686],[107.30685,-6.32113],[107.30515,-6.32021],[107.29818,-6.32252],[107.29621,-6.32223],[107.29627,-6.3209],[107.30094,-6.31345],[107.30054,-6.31185],[107.29939,-6.31091],[107.29707,-6.311],[107.29292,-6.31311],[107.28387,-6.32018],[107.27802,-6.31982],[107.2758,-6.31861],[107.27476,-6.31707],[107.27439,-6.31441],[107.27514,-6.31241],[107.27975,-6.30951],[107.28264,-6.30976],[107.2847,-6.31219],[107.28591,-6.31259],[107.28789,-6.31197],[107.28913,-6.31082],[107.28948,-6.30947],[107.28815,-6.30458],[107.28755,-6.2976],[107.28605,-6.29504],[107.28285,-6.29342],[107.27846,-6.29474],[107.27749,-6.29407],[107.27812,-6.29289],[107.28094,-6.29096],[107.28194,-6.28914],[107.28078,-6.28806],[107.27681,-6.28829],[107.27467,-6.28763],[107.27484,-6.28544],[107.27682,-6.28257],[107.27658,-6.28095],[107.27392,-6.27925],[107.26593,-6.27603],[107.26646,-6.27395],[107.27615,-6.26705],[107.27602,-6.26312],[107.27413,-6.26054],[107.27341,-6.25837],[107.27783,-6.25419],[107.27549,-6.24715],[107.27451,-6.24121],[107.26914,-6.23199],[107.27024,-6.2315],[107.27315,-6.23341],[107.27442,-6.23357],[107.28209,-6.22892],[107.28365,-6.22642],[107.2834,-6.22521],[107.28072,-6.22344],[107.2756,-6.22285],[107.2733,-6.22059],[107.2781,-6.21914],[107.28836,-6.22258],[107.29524,-6.22845],[107.29776,-6.22991],[107.30094,-6.23549],[107.30496,-6.23582],[107.30536,-6.24048],[107.30625,-6.24226],[107.30201,-6.25],[107.30217,-6.25201],[107.30857,-6.25411],[107.30862,-6.25766],[107.31288,-6.2553],[107.31091,-6.26206],[107.32009,-6.26354],[107.32125,-6.26323],[107.3221,-6.26116],[107.32202,-6.27319],[107.32269,-6.27496],[107.32412,-6.27523],[107.32424,-6.27617],[107.32548,-6.27618],[107.32521,-6.28249],[107.32301,-6.28842],[107.32061,-6.2913],[107.32389,-6.29403],[107.32384,-6.29947],[107.32343,-6.30019],[107.30994,-6.28716],[107.30794,-6.29193],[107.30755,-6.29446],[107.30492,-6.29926],[107.30088,-6.3043],[107.30576,-6.30697],[107.30477,-6.30815],[107.30603,-6.30947],[107.31346,-6.31102],[107.31339,-6.31204],[107.31474,-6.31285],[107.31291,-6.31507],[107.31542,-6.31703]]]}},{"type":"Feature","properties":{"KODE_KEC":"36.02.04","KECAMATAN":"Cipanas","KAB_KOTA":"Lebak","dist_ind":28375.76,"camp_dens":0.0,"toll_pct":0.0,"sma_grad":1948,"area_km2":65.8369,"Pred_Reko":0},"geometry":{"type":"Polygon","coordinates":[[[106.36152,-6.61847],[106.36229,-6.62034],[106.35597,-6.61445],[106.35222,-6.61454],[106.34822,-6.61311],[106.34409,-6.61072],[106.34276,-6.60789],[106.34056,-6.60745],[106.33951,-6.60595],[106.33855,-6.6057],[106.33796,-6.60624],[106.33766,-6.60561],[106.33661,-6.60566],[106.33612,-6.60315],[106.33302,-6.60296],[106.33356,-6.60174],[106.33147,-6.6006],[106.33076,-6.59784],[106.32876,-6.59501],[106.32917,-6.59205],[106.32842,-6.59111],[106.3314,-6.58874],[106.33155,-6.58719],[106.33342,-6.58626],[106.33469,-6.58787],[106.33729,-6.58791],[106.33803,-6.58662],[106.33963,-6.58812],[106.3404,-6.58663],[106.34017,-6.58519],[106.33881,-6.58452],[106.33739,-6.58249],[106.33724,-6.58122],[106.33837,-6.57899],[106.3374,-6.57706],[106.338,-6.57596],[106.33765,-6.57353],[106.33686,-6.57316],[106.33689,-6.56851],[106.3414,-6.56489],[106.34174,-6.56088],[106.33958,-6.55539],[106.34355,-6.54762],[106.34309,-6.54707],[106.33878,-6.5469],[106.33822,-6.54622],[106.33604,-6.54587],[106.33329,-6.54346],[106.33226,-6.54048],[106.33077,-6.53957],[106.33075,-6.53804],[106.32771,-6.53626],[106.32857,-6.53555],[106.32896,-6.52943],[106.3298,-6.52826],[106.33148,-6.52835],[106.33357,-6.52514],[106.33223,-6.52164],[106.33285,-6.52063],[106.33235,-6.51927],[106.33103,-6.51861],[106.32974,-6.51684],[106.33323,-6.51625],[106.33528,-6.51779],[106.34027,-6.51679],[106.34405,-6.517],[106.34425,-6.51378],[106.34708,-6.51123],[106.35042,-6.514],[106.352,-6.51308],[106.35411,-6.50735],[106.35548,-6.50603],[106.35682,-6.5065],[106.35869,-6.50617],[106.36189,-6.50876],[106.36287,-6.50805],[106.36316,-6.50901],[106.36464,-6.50936],[106.36646,-6.50897],[106.36736,-6.5075],[106.36714,-6.50585],[106.36872,-6.50526],[106.37088,-6.50654],[106.37093,-6.50844],[106.37472,-6.50803],[106.37549,-6.5104],[106.37941,-6.51393],[106.38088,-6.51758],[106.38229,-6.51833],[106.38312,-6.52039],[106.38484,-6.52156],[106.39938,-6.52135],[106.40549,-6.52016],[106.40505,-6.52188],[106.40788,-6.52398],[106.40783,-6.52722],[106.41131,-6.53016],[106.4126,-6.53367],[106.41484,-6.53596],[106.41602,-6.54177],[106.41963,-6.54762],[106.42204,-6.54991],[106.4221,-6.5519],[106.42016,-6.55574],[106.41701,-6.55918],[106.40553,-6.55917],[106.40208,-6.55699],[106.40235,-6.55814],[106.40188,-6.55799],[106.40094,-6.55922],[106.40014,-6.56259],[106.39456,-6.56355],[106.39218,-6.56558],[106.3867,-6.56607],[106.38434,-6.56424],[106.38056,-6.56578],[106.38015,-6.5671],[106.38084,-6.56943],[106.38322,-6.57247],[106.38125,-6.57388],[106.38127,-6.57646],[106.38208,-6.57749],[106.38103,-6.57858],[106.38128,-6.58006],[106.37963,-6.58112],[106.37758,-6.58087],[106.37361,-6.58195],[106.36952,-6.5815],[106.37029,-6.58263],[106.36866,-6.58319],[106.36758,-6.58538],[106.36393,-6.58617],[106.36426,-6.58474],[106.36283,-6.58408],[106.36239,-6.58299],[106.36306,-6.58164],[106.36293,-6.58012],[106.35392,-6.58105],[106.3541,-6.58269],[106.3534,-6.58372],[106.35373,-6.58776],[106.35491,-6.58856],[106.35589,-6.59039],[106.35684,-6.59074],[106.35736,-6.59261],[106.35953,-6.59445],[106.35913,-6.59537],[106.35963,-6.5971],[106.36048,-6.59865],[106.36191,-6.59926],[106.36186,-6.60202],[106.36348,-6.60545],[106.36346,-6.6126],[106.36152,-6.61847]]]}},{"type":"Feature","properties":{"KODE_KEC":"36.02.05","KECAMATAN":"Muncang","KAB_KOTA":"Lebak","dist_ind":32168.47,"camp_dens":0.0,"toll_pct":0.0,"sma_grad":3048,"area_km2":86.3123,"Pred_Reko":0},"geometry":{"type":"Polygon","coordinates":[[[106.27309,-6.59501],[106.27371,-6.60066],[106.27376,-6.60875],[106.26924,-6.60623],[106.26834,-6.60965],[106.26659,-6.60989],[106.26497,-6.60919],[106.26292,-6.61075],[106.26292,-6.61357],[106.26037,-6.61191],[106.25734,-6.61432],[106.25585,-6.61202],[106.25623,-6.61102],[106.25565,-6.60902],[106.25453,-6.60834],[106.2508,-6.60897],[106.25031,-6.60702],[106.25105,-6.60557],[106.24855,-6.60485],[106.24687,-6.60231],[106.247,-6.60123],[106.24792,-6.60062],[106.24843,-6.60189],[106.24968,-6.60126],[106.24975,-6.60045],[106.25061,-6.60064],[106.25082,-6.59904],[106.25283,-6.598],[106.25283,-6.59433],[106.25126,-6.59356],[106.24787,-6.59361],[106.24625,-6.59269],[106.24485,-6.58928],[106.24285,-6.58659],[106.24329,-6.58448],[106.24513,-6.583],[106.24726,-6.5826],[106.24692,-6.58105],[106.248,-6.58116],[106.24983,-6.57848],[106.2521,-6.57967],[106.2548,-6.57893],[106.25546,-6.57802],[106.25537,-6.57585],[106.25666,-6.57109],[106.25888,-6.56885],[106.26036,-6.56891],[106.26054,-6.56802],[106.26286,-6.56758],[106.26297,-6.56658],[106.26515,-6.56522],[106.26548,-6.56261],[106.26393,-6.56198],[106.26401,-6.56053],[106.26347,-6.56002],[106.25909,-6.55747],[106.25877,-6.55594],[106.26219,-6.55538],[106.26329,-6.5529],[106.26524,-6.55207],[106.26583,-6.5525],[106.26633,-6.54995],[106.26629,-6.54866],[106.2646,-6.54954],[106.26208,-6.54686],[106.26243,-6.54594],[106.26107,-6.54371],[106.26137,-6.54254],[106.25798,-6.54174],[106.25657,-6.5403],[106.25598,-6.53881],[106.25778,-6.53844],[106.258,-6.53743],[106.25627,-6.53319],[106.25492,-6.53231],[106.25437,-6.53329],[106.253,-6.53271],[106.25361,-6.53081],[106.2551,-6.52915],[106.25458,-6.52675],[106.25305,-6.52631],[106.25302,-6.5255],[106.25422,-6.52445],[106.25426,-6.52304],[106.25603,-6.5204],[106.25459,-6.51922],[106.25393,-6.51752],[106.2533,-6.51781],[106.25293,-6.51731],[106.25287,-6.51572],[106.25372,-6.51515],[106.25351,-6.51342],[106.25152,-6.51312],[106.25371,-6.512],[106.25216,-6.51042],[106.25344,-6.50898],[106.25258,-6.50786],[106.25179,-6.50891],[106.25086,-6.50615],[106.24992,-6.50584],[106.24913,-6.50436],[106.25093,-6.50099],[106.2491,-6.49719],[106.25007,-6.49589],[106.24898,-6.49543],[106.24815,-6.49404],[106.24853,-6.49305],[106.24784,-6.49169],[106.24913,-6.49068],[106.24664,-6.48828],[106.24737,-6.48811],[106.24807,-6.4868],[106.24948,-6.48785],[106.25013,-6.48657],[106.25295,-6.48712],[106.25287,-6.48513],[106.25356,-6.48335],[106.25545,-6.4846],[106.25603,-6.48424],[106.25586,-6.48314],[106.25804,-6.48327],[106.25809,-6.48428],[106.26032,-6.48534],[106.26293,-6.48276],[106.26216,-6.4816],[106.26312,-6.48131],[106.26452,-6.48192],[106.26605,-6.48111],[106.2665,-6.48201],[106.26713,-6.48081],[106.26773,-6.48242],[106.26893,-6.48217],[106.26882,-6.48131],[106.2698,-6.48094],[106.27069,-6.48226],[106.27197,-6.48238],[106.2715,-6.48293],[106.27168,-6.48496],[106.27086,-6.48588],[106.27104,-6.48728],[106.2721,-6.48799],[106.27366,-6.48818],[106.27652,-6.48703],[106.2779,-6.48545],[106.27818,-6.48618],[106.28318,-6.48731],[106.28699,-6.49296],[106.28914,-6.49434],[106.29011,-6.49805],[106.29219,-6.50044],[106.29435,-6.50493],[106.29524,-6.50609],[106.29647,-6.50588],[106.29774,-6.5076],[106.29752,-6.50862],[106.29809,-6.50953],[106.29764,-6.51065],[106.30213,-6.51109],[106.30376,-6.51202],[106.30611,-6.511],[106.31126,-6.51115],[106.31328,-6.50861],[106.31829,-6.50665],[106.31853,-6.50439],[106.32299,-6.5032],[106.32468,-6.50235],[106.32554,-6.50107],[106.32677,-6.50163],[106.32685,-6.50248],[106.32532,-6.50291],[106.32716,-6.5044],[106.32735,-6.50565],[106.32707,-6.50616],[106.32598,-6.50596],[106.32549,-6.50978],[106.32609,-6.51116],[106.32533,-6.51238],[106.32855,-6.51271],[106.32893,-6.51371],[106.32724,-6.51589],[106.32622,-6.51473],[106.3255,-6.51595],[106.32352,-6.51571],[106.32417,-6.51731],[106.32368,-6.5181],[106.32239,-6.51736],[106.32215,-6.5186],[106.32005,-6.51875],[106.3205,-6.52112],[106.319,-6.52185],[106.31949,-6.52355],[106.3204,-6.5232],[106.32068,-6.52417],[106.31973,-6.52491],[106.31822,-6.52371],[106.31742,-6.52398],[106.3174,-6.52564],[106.31614,-6.52703],[106.31692,-6.52801],[106.31527,-6.52965],[106.31672,-6.53059],[106.3166,-6.53154],[106.31501,-6.5309],[106.31317,-6.53112],[106.31237,-6.53009],[106.31204,-6.53094],[106.31344,-6.53291],[106.31236,-6.5332],[106.31024,-6.53221],[106.31067,-6.53374],[106.31249,-6.53512],[106.31184,-6.53652],[106.31039,-6.5366],[106.31153,-6.53895],[106.31054,-6.54026],[106.3119,-6.54188],[106.31372,-6.54187],[106.31334,-6.54494],[106.31217,-6.54613],[106.31013,-6.54683],[106.30994,-6.54848],[106.30785,-6.54908],[106.30714,-6.55019],[106.31036,-6.554],[106.31044,-6.55509],[106.31123,-6.55514],[106.3126,-6.56022],[106.314,-6.56004],[106.31375,-6.56079],[106.31167,-6.56202],[106.31194,-6.56255],[106.31345,-6.56222],[106.31217,-6.56397],[106.31318,-6.56384],[106.31411,-6.56515],[106.31273,-6.56583],[106.31274,-6.5666],[106.31343,-6.56654],[106.31293,-6.56801],[106.31423,-6.56863],[106.31392,-6.56961],[106.31519,-6.56973],[106.31616,-6.5723],[106.31577,-6.57543],[106.31649,-6.5781],[106.31912,-6.58259],[106.3205,-6.58278],[106.32142,-6.58437],[106.31988,-6.58574],[106.32002,-6.58791],[106.31892,-6.58833],[106.31754,-6.59109],[106.31811,-6.59299],[106.31918,-6.59382],[106.31838,-6.59438],[106.31834,-6.59575],[106.31892,-6.5963],[106.31817,-6.59691],[106.31783,-6.59981],[106.31893,-6.60072],[106.3209,-6.60107],[106.32204,-6.60218],[106.32651,-6.60286],[106.32712,-6.60374],[106.33004,-6.60345],[106.33216,-6.60399],[106.33424,-6.60597],[106.33452,-6.60986],[106.3351,-6.61019],[106.33602,-6.60876],[106.3363,-6.60532],[106.33766,-6.60561],[106.33796,-6.60624],[106.33855,-6.6057],[106.33951,-6.60595],[106.34056,-6.60745],[106.34276,-6.60789],[106.34468,-6.61125],[106.35157,-6.6144],[106.35597,-6.61445],[106.36229,-6.62034],[106.35952,-6.6202],[106.35596,-6.61895],[106.35334,-6.61945],[106.34822,-6.61834],[106.34722,-6.61909],[106.34347,-6.61787],[106.34362,-6.61641],[106.34124,-6.61665],[106.34112,-6.61571],[106.34026,-6.61591],[106.33934,-6.61501],[106.33834,-6.61608],[106.33742,-6.61472],[106.33567,-6.61386],[106.33169,-6.61646],[106.32998,-6.61523],[106.32863,-6.61602],[106.32717,-6.61515],[106.32676,-6.61581],[106.32556,-6.6156],[106.3253,-6.6147],[106.32592,-6.61404],[106.32503,-6.61273],[106.3224,-6.6121],[106.32019,-6.61254],[106.31914,-6.61096],[106.31441,-6.60963],[106.3134,-6.60811],[106.31036,-6.6067],[106.30909,-6.60515],[106.30803,-6.60548],[106.30696,-6.6041],[106.30206,-6.60187],[106.29789,-6.60289],[106.29511,-6.60512],[106.29364,-6.60367],[106.29444,-6.60108],[106.29525,-6.60067],[106.29421,-6.59931],[106.29475,-6.59864],[106.29098,-6.59563],[106.2888,-6.59225],[106.28948,-6.5887],[106.28772,-6.58902],[106.28351,-6.59202],[106.28253,-6.5915],[106.28132,-6.59223],[106.27913,-6.59152],[106.27631,-6.592],[106.27309,-6.59501]]]}},{"type":"Feature","properties":{"KODE_KEC":"36.02.02","KECAMATAN":"Panggarangan","KAB_KOTA":"Lebak","dist_ind":62233.11,"camp_dens":0.0,"toll_pct":0.0,"sma_grad":2471,"area_km2":180.8423,"Pred_Reko":0},"geometry":{"type":"Polygon","coordinates":[[[106.22943,-6.92657],[106.20161,-6.91395],[106.18487,-6.90946],[106.1882,-6.90959],[106.19668,-6.91216],[106.19782,-6.91159],[106.19737,-6.91054],[106.19666,-6.9098],[106.19602,-6.90947],[106.19628,-6.90972],[106.19475,-6.90919],[106.1946,-6.90937],[106.19607,-6.90987],[106.19662,-6.9114],[106.19125,-6.90956],[106.18943,-6.90968],[106.18878,-6.90903],[106.18857,-6.90699],[106.18784,-6.90883],[106.18702,-6.90921],[106.18378,-6.90831],[106.18211,-6.90935],[106.1761,-6.90945],[106.17276,-6.9104],[106.17199,-6.90885],[106.17274,-6.90587],[106.17177,-6.90442],[106.17075,-6.90503],[106.16979,-6.9041],[106.17077,-6.90083],[106.17007,-6.89999],[106.17087,-6.89795],[106.1719,-6.89809],[106.17102,-6.89587],[106.17201,-6.89557],[106.17101,-6.89331],[106.17268,-6.89308],[106.17307,-6.89206],[106.17488,-6.89096],[106.1733,-6.891],[106.17305,-6.88954],[106.17219,-6.88921],[106.17341,-6.88695],[106.17069,-6.88439],[106.16994,-6.88571],[106.16888,-6.88542],[106.16941,-6.88303],[106.16793,-6.88107],[106.16731,-6.87756],[106.17017,-6.87569],[106.16975,-6.87487],[106.17108,-6.87379],[106.16986,-6.87154],[106.17092,-6.86915],[106.17042,-6.86822],[106.17152,-6.86763],[106.16844,-6.86655],[106.16981,-6.86479],[106.16774,-6.86556],[106.16678,-6.86497],[106.16833,-6.86293],[106.16818,-6.86222],[106.17069,-6.86224],[106.1708,-6.85977],[106.17254,-6.86002],[106.17297,-6.85936],[106.17369,-6.85949],[106.1734,-6.85757],[106.17415,-6.85738],[106.17425,-6.8556],[106.17501,-6.8545],[106.17437,-6.85443],[106.17478,-6.85274],[106.17414,-6.85105],[106.176,-6.84822],[106.17673,-6.84842],[106.17858,-6.8464],[106.17872,-6.84199],[106.17948,-6.84068],[106.1792,-6.83897],[106.18262,-6.83763],[106.18271,-6.83594],[106.18484,-6.8365],[106.18633,-6.83522],[106.18734,-6.83553],[106.18909,-6.8345],[106.18969,-6.83317],[106.1909,-6.83302],[106.19465,-6.8307],[106.1964,-6.83184],[106.19726,-6.83062],[106.19729,-6.82917],[106.19656,-6.82873],[106.19862,-6.82614],[106.20005,-6.82558],[106.20139,-6.8234],[106.19416,-6.82327],[106.18419,-6.8198],[106.17763,-6.81664],[106.17165,-6.81081],[106.1711,-6.80913],[106.17239,-6.80703],[106.17152,-6.8033],[106.17232,-6.80248],[106.17438,-6.80271],[106.17714,-6.795],[106.18163,-6.79444],[106.18074,-6.7915],[106.18157,-6.78876],[106.1827,-6.78873],[106.18392,-6.7871],[106.18335,-6.78347],[106.1848,-6.78332],[106.18546,-6.78138],[106.18686,-6.78201],[106.18933,-6.77818],[106.19241,-6.77922],[106.19366,-6.77856],[106.19443,-6.77683],[106.19663,-6.77596],[106.19959,-6.77677],[106.20184,-6.77324],[106.20159,-6.77232],[106.2024,-6.771],[106.20407,-6.77073],[106.20412,-6.76978],[106.20639,-6.76697],[106.20622,-6.76609],[106.20827,-6.76347],[106.20758,-6.76149],[106.20804,-6.75833],[106.20544,-6.75593],[106.20459,-6.75331],[106.20476,-6.75147],[106.2063,-6.75167],[106.20816,-6.7509],[106.20816,-6.74918],[106.2091,-6.74722],[106.20809,-6.74518],[106.20991,-6.74501],[106.21136,-6.74364],[106.21187,-6.74552],[106.21112,-6.74647],[106.21183,-6.74701],[106.21424,-6.74571],[106.21601,-6.74731],[106.21956,-6.74758],[106.22014,-6.74566],[106.22104,-6.74533],[106.22214,-6.74288],[106.22571,-6.74134],[106.22587,-6.73996],[106.22409,-6.73873],[106.22495,-6.73749],[106.22904,-6.7375],[106.22998,-6.73904],[106.22977,-6.74012],[106.23051,-6.7407],[106.23107,-6.73939],[106.23275,-6.73817],[106.23284,-6.73693],[106.23519,-6.73753],[106.23741,-6.73722],[106.23911,-6.73791],[106.23945,-6.73566],[106.24125,-6.73552],[106.24204,-6.73316],[106.2431,-6.73404],[106.24364,-6.73364],[106.24343,-6.7325],[106.24468,-6.73267],[106.24481,-6.73153],[106.24417,-6.73097],[106.24457,-6.72966],[106.24639,-6.73001],[106.24719,-6.72893],[106.24982,-6.72878],[106.24991,-6.73066],[106.25191,-6.73208],[106.25486,-6.73075],[106.25988,-6.73323],[106.26192,-6.73281],[106.25767,-6.74476],[106.25248,-6.76396],[106.25442,-6.76424],[106.25573,-6.76602],[106.25653,-6.76864],[106.25916,-6.77033],[106.26035,-6.77326],[106.26093,-6.77213],[106.26034,-6.77198],[106.26038,-6.76973],[106.26278,-6.76572],[106.26503,-6.76599],[106.26622,-6.76763],[106.26917,-6.76888],[106.27028,-6.77021],[106.2757,-6.76654],[106.28072,-6.76526],[106.28321,-6.76681],[106.287,-6.76452],[106.28758,-6.76351],[106.2886,-6.764],[106.28939,-6.76327],[106.29127,-6.76372],[106.2918,-6.76331],[106.29309,-6.76565],[106.29392,-6.76494],[106.29611,-6.76478],[106.29876,-6.76318],[106.29918,-6.76126],[106.30032,-6.76215],[106.3027,-6.76691],[106.30276,-6.77036],[106.30406,-6.77075],[106.30531,-6.77299],[106.30509,-6.77444],[106.30221,-6.77694],[106.30472,-6.7801],[106.30413,-6.78179],[106.30427,-6.78913],[106.30043,-6.78921],[106.29975,-6.79168],[106.29314,-6.7965],[106.2888,-6.80198],[106.28655,-6.80216],[106.28497,-6.80466],[106.28218,-6.80482],[106.28059,-6.80323],[106.27668,-6.8076],[106.2756,-6.81038],[106.27612,-6.81098],[106.27565,-6.81222],[106.27614,-6.81433],[106.27291,-6.81527],[106.2718,-6.82121],[106.27208,-6.8234],[106.26621,-6.82846],[106.26499,-6.82854],[106.26501,-6.8325],[106.26339,-6.83554],[106.26515,-6.83821],[106.2629,-6.84082],[106.26382,-6.843],[106.26284,-6.84368],[106.26189,-6.84346],[106.26001,-6.84493],[106.25877,-6.85091],[106.26045,-6.85757],[106.25986,-6.86001],[106.26075,-6.86902],[106.26028,-6.87257],[106.25604,-6.87908],[106.25453,-6.88035],[106.25347,-6.88477],[106.25192,-6.88469],[106.25084,-6.88544],[106.24999,-6.88462],[106.24927,-6.88506],[106.2494,-6.88645],[106.24612,-6.88884],[106.24391,-6.89367],[106.24383,-6.89635],[106.2418,-6.89855],[106.24178,-6.90101],[106.24003,-6.90323],[106.23927,-6.90543],[106.23903,-6.90764],[106.23991,-6.90961],[106.23801,-6.91198],[106.23808,-6.91493],[106.23436,-6.9189],[106.23254,-6.91917],[106.23199,-6.91998],[106.22796,-6.91984],[106.22764,-6.92324],[106.22981,-6.92644],[106.22943,-6.92657]]]}},{"type":"Feature","properties":{"KODE_KEC":"36.02.03","KECAMATAN":"Bayah","KAB_KOTA":"Lebak","dist_ind":69409.02,"camp_dens":0.0,"toll_pct":0.0,"sma_grad":2933,"area_km2":135.0583,"Pred_Reko":0},"geometry":{"type":"MultiPolygon","coordinates":[[[[106.27959,-6.9799],[106.27998,-6.98003],[106.2797,-6.98027],[106.27959,-6.9799]]],[[[106.26181,-6.97132],[106.26135,-6.97199],[106.26166,-6.9713],[106.26181,-6.97132]]],[[[106.26593,-6.96869],[106.26447,-6.96753],[106.26307,-6.9674],[106.26116,-6.96409],[106.258,-6.96207],[106.25288,-6.96022],[106.24559,-6.96056],[106.241,-6.95733],[106.24059,-6.95545],[106.2392,-6.95588],[106.23971,-6.95545],[106.23982,-6.95528],[106.23948,-6.95472],[106.23585,-6.95163],[106.23959,-6.95439],[106.23991,-6.95381],[106.2379,-6.95176],[106.23963,-6.95323],[106.24157,-6.95091],[106.24495,-6.94993],[106.2463,-6.94838],[106.24568,-6.94659],[106.24541,-6.94049],[106.24611,-6.93997],[106.24656,-6.94069],[106.24768,-6.94067],[106.2479,-6.93986],[106.24892,-6.93951],[106.24847,-6.93865],[106.24523,-6.93923],[106.24448,-6.93884],[106.2434,-6.9366],[106.23772,-6.93087],[106.23602,-6.93054],[106.22987,-6.92705],[106.22764,-6.92324],[106.22764,-6.92054],[106.22814,-6.91972],[106.23199,-6.91998],[106.23254,-6.91917],[106.23436,-6.9189],[106.23808,-6.91493],[106.23801,-6.91198],[106.23991,-6.90961],[106.23903,-6.90764],[106.23927,-6.90543],[106.24003,-6.90323],[106.24178,-6.90101],[106.2418,-6.89855],[106.24383,-6.89635],[106.24391,-6.89367],[106.24612,-6.88884],[106.2494,-6.88645],[106.24927,-6.88506],[106.24999,-6.88462],[106.25084,-6.88544],[106.25192,-6.88469],[106.25347,-6.88477],[106.25453,-6.88035],[106.25604,-6.87908],[106.26028,-6.87257],[106.26075,-6.86902],[106.25986,-6.86001],[106.26045,-6.85757],[106.25877,-6.85091],[106.26001,-6.84493],[106.26189,-6.84346],[106.26284,-6.84368],[106.26382,-6.843],[106.2629,-6.84082],[106.26515,-6.83821],[106.26339,-6.83554],[106.26501,-6.8325],[106.26499,-6.82854],[106.26621,-6.82846],[106.27208,-6.8234],[106.2718,-6.82121],[106.27287,-6.81536],[106.27382,-6.81463],[106.27614,-6.81433],[106.27565,-6.81222],[106.27612,-6.81098],[106.2756,-6.81038],[106.27709,-6.80694],[106.27828,-6.80631],[106.28063,-6.80319],[106.28218,-6.80482],[106.28497,-6.80466],[106.28655,-6.80216],[106.28841,-6.80218],[106.28959,-6.80124],[106.29318,-6.79648],[106.29642,-6.79824],[106.29757,-6.80048],[106.297,-6.80044],[106.29683,-6.80206],[106.2958,-6.80188],[106.29443,-6.80444],[106.29283,-6.804],[106.29205,-6.80459],[106.2935,-6.8072],[106.29217,-6.80853],[106.29239,-6.81106],[106.29053,-6.81226],[106.29037,-6.81424],[106.28961,-6.81485],[106.28904,-6.81703],[106.28811,-6.81674],[106.28749,-6.81724],[106.28693,-6.81872],[106.2872,-6.82055],[106.28597,-6.82094],[106.28572,-6.82259],[106.28398,-6.82447],[106.28154,-6.82362],[106.28128,-6.82513],[106.27973,-6.82633],[106.27874,-6.8296],[106.27671,-6.83061],[106.27728,-6.83365],[106.27556,-6.83617],[106.27485,-6.83909],[106.27524,-6.84038],[106.27374,-6.84269],[106.27326,-6.84615],[106.27402,-6.84867],[106.27429,-6.85462],[106.27652,-6.85481],[106.27697,-6.85647],[106.27875,-6.85642],[106.27938,-6.85114],[106.28027,-6.84906],[106.28134,-6.84785],[106.28361,-6.84754],[106.28502,-6.85015],[106.28493,-6.85088],[106.28387,-6.85135],[106.28466,-6.85298],[106.28779,-6.85388],[106.28863,-6.85495],[106.29123,-6.85624],[106.29153,-6.85709],[106.29215,-6.85703],[106.29238,-6.85801],[106.29493,-6.85899],[106.29404,-6.85918],[106.29369,-6.86014],[106.29291,-6.85993],[106.29251,-6.86083],[106.29339,-6.86412],[106.29963,-6.86509],[106.301,-6.86589],[106.3008,-6.86694],[106.29967,-6.86763],[106.3002,-6.87263],[106.2991,-6.8759],[106.29987,-6.87616],[106.29892,-6.87863],[106.30052,-6.88352],[106.30034,-6.88477],[106.30125,-6.88614],[106.30019,-6.88844],[106.3017,-6.88974],[106.30124,-6.89108],[106.30459,-6.89225],[106.30534,-6.89171],[106.30623,-6.88994],[106.30842,-6.88839],[106.30852,-6.88679],[106.3099,-6.88514],[106.30921,-6.8833],[106.30934,-6.88132],[106.31107,-6.8813],[106.31169,-6.88055],[106.31366,-6.88015],[106.31362,-6.87832],[106.31544,-6.87736],[106.31707,-6.8773],[106.31929,-6.8758],[106.32149,-6.87621],[106.32408,-6.87429],[106.32421,-6.87287],[106.32599,-6.87193],[106.32667,-6.86948],[106.3299,-6.86934],[106.33096,-6.87009],[106.33304,-6.867],[106.33587,-6.86804],[106.33673,-6.86592],[106.33951,-6.86553],[106.34029,-6.86398],[106.34491,-6.86365],[106.34807,-6.86481],[106.34982,-6.86464],[106.35089,-6.86318],[106.35322,-6.86427],[106.35394,-6.86614],[106.35528,-6.86651],[106.35503,-6.86725],[106.35648,-6.86824],[106.35707,-6.8695],[106.35604,-6.87219],[106.35441,-6.87226],[106.35396,-6.87389],[106.35199,-6.87453],[106.35237,-6.87522],[106.35169,-6.8759],[106.35304,-6.87916],[106.35224,-6.87908],[106.3511,-6.88004],[106.34949,-6.8798],[106.34804,-6.88093],[106.34474,-6.88174],[106.34331,-6.88498],[106.34251,-6.8855],[106.34171,-6.88509],[106.34044,-6.88662],[106.33943,-6.88652],[106.33689,-6.88942],[106.33826,-6.89429],[106.33651,-6.89533],[106.33453,-6.89883],[106.33552,-6.90013],[106.33526,-6.9008],[106.33283,-6.90219],[106.33149,-6.90198],[106.33029,-6.90256],[106.32909,-6.90212],[106.32708,-6.9032],[106.32536,-6.90272],[106.32449,-6.9039],[106.32309,-6.90294],[106.32143,-6.90321],[106.32039,-6.90511],[106.321,-6.90688],[106.32056,-6.91032],[106.32165,-6.91064],[106.32319,-6.91272],[106.32762,-6.91327],[106.32791,-6.91539],[106.32977,-6.91556],[106.33019,-6.91778],[106.33124,-6.91891],[106.33178,-6.91862],[106.33185,-6.91931],[106.33681,-6.91728],[106.33682,-6.91855],[106.34302,-6.92305],[106.34408,-6.9231],[106.34497,-6.92494],[106.34675,-6.92645],[106.34429,-6.92703],[106.34391,-6.92875],[106.34272,-6.92872],[106.34313,-6.93018],[106.34244,-6.93128],[106.34043,-6.93179],[106.33758,-6.92947],[106.33707,-6.92812],[106.33368,-6.9267],[106.32972,-6.92613],[106.32928,-6.92532],[106.32879,-6.92567],[106.32584,-6.92408],[106.32531,-6.92504],[106.32708,-6.9252],[106.33086,-6.92846],[106.32953,-6.92873],[106.32684,-6.92747],[106.32572,-6.92896],[106.32729,-6.93074],[106.32775,-6.93359],[106.32356,-6.93316],[106.31765,-6.93116],[106.31329,-6.93245],[106.31356,-6.93352],[106.31206,-6.93537],[106.31204,-6.93595],[106.31751,-6.93964],[106.31753,-6.94137],[106.31909,-6.9428],[106.31972,-6.94665],[106.31879,-6.94931],[106.31943,-6.94988],[106.3196,-6.9524],[106.32143,-6.95191],[106.32204,-6.9525],[106.32587,-6.95121],[106.32711,-6.95316],[106.33089,-6.95462],[106.32934,-6.95702],[106.3293,-6.96062],[106.32786,-6.96085],[106.328,-6.96453],[106.32947,-6.96508],[106.33204,-6.96447],[106.33273,-6.96563],[106.33488,-6.9645],[106.33527,-6.96547],[106.33482,-6.96687],[106.33657,-6.96763],[106.33812,-6.97003],[106.34056,-6.9707],[106.3414,-6.97022],[106.34219,-6.97099],[106.34435,-6.97071],[106.34455,-6.9716],[106.34679,-6.97302],[106.34917,-6.97294],[106.34934,-6.97481],[106.35007,-6.97373],[106.35092,-6.97412],[106.35079,-6.97313],[106.3517,-6.97286],[106.35242,-6.97383],[106.35141,-6.97434],[106.35164,-6.97515],[106.35068,-6.97647],[106.35101,-6.97807],[106.3505,-6.97794],[106.35021,-6.97887],[106.35078,-6.98043],[106.35271,-6.97943],[106.35259,-6.98013],[106.35381,-6.98076],[106.35408,-6.98161],[106.3526,-6.98223],[106.35297,-6.98348],[106.35216,-6.98339],[106.3505,-6.98572],[106.34857,-6.992],[106.34745,-6.99344],[106.34758,-6.99493],[106.34688,-6.99693],[106.34654,-6.99607],[106.34498,-6.99732],[106.34315,-6.99744],[106.34409,-6.99686],[106.34316,-6.99541],[106.34417,-6.99256],[106.34368,-6.99028],[106.34238,-6.98898],[106.34155,-6.98904],[106.34064,-6.98763],[106.33702,-6.98657],[106.33472,-6.98695],[106.332,-6.99043],[106.33221,-6.99099],[106.33111,-6.99175],[106.33211,-6.99198],[106.33022,-6.99217],[106.33078,-6.99172],[106.32966,-6.99101],[106.3283,-6.9917],[106.32726,-6.99171],[106.32713,-6.99107],[106.32658,-6.99155],[106.32662,-6.99116],[106.3274,-6.99087],[106.3259,-6.99068],[106.32627,-6.98969],[106.32551,-6.98803],[106.32324,-6.98744],[106.32185,-6.98816],[106.32052,-6.99133],[106.31673,-6.99319],[106.31583,-6.99441],[106.31412,-6.99415],[106.31002,-6.9957],[106.3095,-6.99501],[106.30651,-6.99408],[106.30901,-6.98918],[106.30844,-6.98634],[106.30291,-6.98118],[106.30282,-6.98031],[106.30166,-6.97962],[106.30071,-6.9799],[106.29226,-6.97593],[106.2861,-6.9753],[106.28349,-6.97371],[106.28252,-6.97561],[106.28147,-6.97601],[106.28139,-6.97754],[106.28019,-6.97986],[106.27916,-6.97828],[106.27822,-6.97828],[106.27841,-6.97777],[106.27343,-6.97681],[106.27252,-6.97592],[106.27245,-6.97671],[106.27178,-6.97628],[106.27074,-6.97667],[106.26947,-6.97627],[106.26933,-6.97547],[106.26707,-6.97496],[106.26705,-6.97437],[106.26596,-6.97438],[106.26428,-6.9719],[106.26461,-6.96975],[106.26593,-6.96869]]],[[[106.30705,-6.99492],[106.30704,-6.99504],[106.30673,-6.99502],[106.30705,-6.99492]]],[[[106.32533,-6.99133],[106.32637,-6.99122],[106.32513,-6.99166],[106.32533,-6.99133]]]]}},{"type":"Feature","properties":{"KODE_KEC":"36.02.11","KECAMATAN":"Cimarga","KAB_KOTA":"Lebak","dist_ind":27458.61,"camp_dens":0.0,"toll_pct":0.0,"sma_grad":1557,"area_km2":185.0588,"Pred_Reko":0},"geometry":{"type":"Polygon","coordinates":[[[106.20875,-6.49258],[106.20818,-6.49418],[106.20714,-6.49442],[106.20005,-6.49168],[106.19766,-6.49342],[106.19555,-6.49397],[106.18767,-6.48099],[106.18455,-6.47977],[106.18222,-6.4796],[106.17974,-6.47768],[106.17789,-6.47833],[106.17359,-6.47658],[106.17057,-6.48107],[106.16952,-6.4839],[106.16845,-6.48445],[106.16837,-6.48583],[106.16638,-6.48764],[106.16584,-6.48902],[106.15973,-6.49305],[106.15634,-6.48999],[106.15622,-6.48825],[106.15406,-6.48808],[106.15438,-6.48725],[106.15342,-6.48684],[106.15292,-6.48831],[106.15174,-6.48722],[106.14933,-6.48808],[106.15017,-6.48984],[106.14883,-6.48936],[106.14829,-6.49044],[106.14699,-6.48989],[106.14704,-6.49106],[106.14313,-6.48839],[106.13861,-6.48047],[106.13457,-6.47799],[106.1326,-6.47553],[106.12875,-6.47401],[106.12665,-6.47212],[106.12561,-6.47208],[106.12414,-6.47375],[106.12302,-6.47196],[106.12232,-6.47237],[106.12024,-6.47159],[106.11723,-6.46919],[106.11026,-6.46957],[106.10939,-6.46892],[106.10677,-6.46896],[106.10682,-6.46811],[106.104,-6.46809],[106.10369,-6.46454],[106.10275,-6.4641],[106.103,-6.46269],[106.10214,-6.4622],[106.10784,-6.46047],[106.11059,-6.45888],[106.1113,-6.45698],[106.11051,-6.45622],[106.11072,-6.4547],[106.11273,-6.45363],[106.11356,-6.45219],[106.11553,-6.4513],[106.11761,-6.45229],[106.11932,-6.4497],[106.12138,-6.44896],[106.12139,-6.44839],[106.12287,-6.44849],[106.1225,-6.44722],[106.12391,-6.44598],[106.12253,-6.44482],[106.12333,-6.44282],[106.12489,-6.44252],[106.12694,-6.444],[106.12678,-6.44494],[106.1259,-6.44529],[106.12693,-6.44586],[106.12695,-6.44655],[106.1285,-6.44632],[106.13085,-6.44371],[106.13275,-6.44308],[106.13201,-6.44123],[106.1359,-6.44146],[106.13612,-6.44053],[106.13483,-6.43832],[106.13635,-6.43785],[106.13636,-6.43736],[106.13502,-6.43506],[106.13787,-6.43385],[106.14017,-6.43069],[106.14132,-6.4311],[106.14296,-6.43449],[106.14467,-6.43394],[106.14437,-6.43053],[106.1449,-6.4298],[106.14702,-6.43056],[106.14918,-6.43382],[106.15063,-6.43348],[106.15169,-6.43163],[106.15172,-6.43018],[106.14933,-6.42556],[106.1507,-6.42513],[106.15242,-6.42572],[106.15298,-6.42499],[106.15223,-6.42293],[106.15314,-6.42243],[106.15675,-6.42533],[106.15696,-6.42292],[106.1582,-6.42006],[106.16305,-6.42029],[106.16407,-6.41948],[106.16396,-6.41851],[106.16219,-6.41815],[106.16035,-6.41394],[106.16064,-6.41261],[106.16289,-6.4108],[106.16658,-6.41509],[106.17138,-6.41277],[106.17344,-6.41357],[106.174,-6.41298],[106.17339,-6.41106],[106.17379,-6.40953],[106.17839,-6.40894],[106.18057,-6.40602],[106.18129,-6.40231],[106.1828,-6.40141],[106.18483,-6.40189],[106.18596,-6.40027],[106.18954,-6.40006],[106.1904,-6.39662],[106.19219,-6.39466],[106.1928,-6.39278],[106.19279,-6.38808],[106.19074,-6.3852],[106.19164,-6.38204],[106.19489,-6.38053],[106.19607,-6.37825],[106.19788,-6.37688],[106.19863,-6.37682],[106.19952,-6.37865],[106.1998,-6.38098],[106.19883,-6.382],[106.19973,-6.38297],[106.20304,-6.38375],[106.20311,-6.38441],[106.20215,-6.38517],[106.20306,-6.38656],[106.20593,-6.38789],[106.20864,-6.38782],[106.21013,-6.38709],[106.21177,-6.38738],[106.21289,-6.38895],[106.21323,-6.39165],[106.21407,-6.39288],[106.21685,-6.39332],[106.21701,-6.39465],[106.22164,-6.39568],[106.22206,-6.39691],[106.22499,-6.39761],[106.22523,-6.40045],[106.22676,-6.40113],[106.22671,-6.40263],[106.22867,-6.40473],[106.23086,-6.40562],[106.23192,-6.40378],[106.23306,-6.40341],[106.23464,-6.40444],[106.23575,-6.40134],[106.23728,-6.40062],[106.23745,-6.40156],[106.23626,-6.40271],[106.23486,-6.407],[106.23422,-6.41094],[106.23945,-6.41158],[106.24209,-6.41055],[106.2425,-6.41127],[106.24313,-6.41088],[106.24237,-6.41017],[106.24368,-6.40968],[106.24639,-6.41075],[106.24801,-6.41362],[106.24782,-6.41598],[106.25004,-6.42094],[106.25078,-6.42125],[106.25491,-6.42156],[106.25699,-6.42059],[106.25915,-6.42116],[106.26072,-6.41885],[106.2625,-6.42025],[106.26246,-6.41893],[106.26355,-6.41808],[106.2668,-6.41952],[106.26783,-6.41782],[106.27011,-6.41851],[106.27105,-6.42057],[106.27304,-6.42259],[106.27789,-6.42313],[106.28117,-6.42226],[106.28227,-6.42355],[106.28305,-6.4209],[106.28423,-6.41968],[106.28615,-6.41966],[106.28944,-6.41764],[106.29403,-6.41655],[106.29954,-6.41335],[106.30048,-6.41235],[106.30058,-6.41011],[106.30121,-6.40964],[106.30324,-6.41135],[106.30238,-6.41269],[106.30328,-6.41402],[106.30313,-6.41558],[106.30757,-6.41718],[106.31023,-6.42075],[106.31249,-6.42072],[106.31585,-6.41757],[106.31689,-6.41826],[106.31521,-6.41962],[106.31553,-6.42066],[106.31701,-6.41993],[106.31893,-6.42052],[106.32132,-6.41991],[106.32083,-6.42138],[106.31899,-6.42154],[106.31958,-6.42354],[106.31495,-6.42651],[106.31348,-6.42608],[106.31239,-6.4269],[106.31291,-6.42813],[106.31267,-6.43031],[106.31604,-6.42961],[106.31748,-6.43138],[106.31668,-6.4326],[106.3169,-6.43483],[106.316,-6.43576],[106.3143,-6.43635],[106.31231,-6.43567],[106.31153,-6.43616],[106.31171,-6.44016],[106.31311,-6.44307],[106.31272,-6.44501],[106.31002,-6.44748],[106.30779,-6.44418],[106.30586,-6.44338],[106.30462,-6.44371],[106.30626,-6.44624],[106.30514,-6.44779],[106.30526,-6.44998],[106.30652,-6.45019],[106.30812,-6.44894],[106.30887,-6.45002],[106.30796,-6.45182],[106.30812,-6.45332],[106.30605,-6.45428],[106.30497,-6.45711],[106.30556,-6.45799],[106.30738,-6.45713],[106.30707,-6.45855],[106.30801,-6.46032],[106.30614,-6.46194],[106.30585,-6.46145],[106.3045,-6.4621],[106.30487,-6.46357],[106.3033,-6.46402],[106.3046,-6.46473],[106.30434,-6.46525],[106.30524,-6.46518],[106.30491,-6.46605],[106.30633,-6.46808],[106.30471,-6.47027],[106.306,-6.47185],[106.30618,-6.4747],[106.30912,-6.47672],[106.30958,-6.47916],[106.30857,-6.48093],[106.30651,-6.48163],[106.30815,-6.48273],[106.30858,-6.48388],[106.30731,-6.4923],[106.30816,-6.4931],[106.30687,-6.49624],[106.30844,-6.49688],[106.30763,-6.49801],[106.30828,-6.49966],[106.3111,-6.50124],[106.31406,-6.50122],[106.31592,-6.49858],[106.31796,-6.49939],[106.31944,-6.49925],[106.32067,-6.49763],[106.32302,-6.50119],[106.32554,-6.50107],[106.32468,-6.50235],[106.32299,-6.5032],[106.31853,-6.50439],[106.31825,-6.50668],[106.31424,-6.50802],[106.31069,-6.51129],[106.30611,-6.511],[106.30331,-6.512],[106.30213,-6.51109],[106.29764,-6.51065],[106.29809,-6.50953],[106.29752,-6.50862],[106.29774,-6.5076],[106.29647,-6.50588],[106.29524,-6.50609],[106.29435,-6.50493],[106.29219,-6.50044],[106.29011,-6.49805],[106.28914,-6.49434],[106.28699,-6.49296],[106.28318,-6.48731],[106.27818,-6.48618],[106.2779,-6.48545],[106.27652,-6.48703],[106.27366,-6.48818],[106.27216,-6.48801],[106.27104,-6.48728],[106.27086,-6.48588],[106.27168,-6.48496],[106.2715,-6.48293],[106.27197,-6.48238],[106.27069,-6.48226],[106.2698,-6.48094],[106.26882,-6.48131],[106.26893,-6.48217],[106.26773,-6.48242],[106.26698,-6.48081],[106.2665,-6.48201],[106.26605,-6.48111],[106.26452,-6.48192],[106.26312,-6.48131],[106.26216,-6.4816],[106.26293,-6.48276],[106.26032,-6.48534],[106.25809,-6.48428],[106.25804,-6.48327],[106.25621,-6.48298],[106.25545,-6.4846],[106.25435,-6.4834],[106.25348,-6.4834],[106.25295,-6.48712],[106.25013,-6.48657],[106.24948,-6.48785],[106.24798,-6.48683],[106.24744,-6.48804],[106.24664,-6.48828],[106.24913,-6.49068],[106.24784,-6.49169],[106.24853,-6.49305],[106.24815,-6.49404],[106.24898,-6.49543],[106.25007,-6.49589],[106.2491,-6.49719],[106.2509,-6.50116],[106.25023,-6.50231],[106.24832,-6.50241],[106.24755,-6.50187],[106.24671,-6.50231],[106.24398,-6.5003],[106.24085,-6.49993],[106.2387,-6.50343],[106.23946,-6.50696],[106.23926,-6.50975],[106.23759,-6.51008],[106.23785,-6.51366],[106.23651,-6.51477],[106.23243,-6.51576],[106.22634,-6.51221],[106.22585,-6.51304],[106.22255,-6.51233],[106.22271,-6.51171],[106.2219,-6.51166],[106.22059,-6.51006],[106.21842,-6.51008],[106.21791,-6.50812],[106.21749,-6.50903],[106.21624,-6.50812],[106.21565,-6.50692],[106.21647,-6.5063],[106.215,-6.50545],[106.21448,-6.50403],[106.21809,-6.50294],[106.21825,-6.49998],[106.21565,-6.49827],[106.21472,-6.49589],[106.21335,-6.49508],[106.21311,-6.49382],[106.20875,-6.49258]]]}},{"type":"Feature","properties":{"KODE_KEC":"36.02.12","KECAMATAN":"Sajira","KAB_KOTA":"Lebak","dist_ind":21862.68,"camp_dens":0.0,"toll_pct":0.0,"sma_grad":1728,"area_km2":112.4203,"Pred_Reko":0},"geometry":{"type":"Polygon","coordinates":[[[106.33698,-6.56829],[106.33686,-6.57316],[106.33765,-6.57353],[106.338,-6.57596],[106.3374,-6.57706],[106.33837,-6.57899],[106.33724,-6.58122],[106.33739,-6.58249],[106.33881,-6.58452],[106.34017,-6.58519],[106.34038,-6.58667],[106.33963,-6.58812],[106.33803,-6.58662],[106.33729,-6.58791],[106.33602,-6.5875],[106.33503,-6.58794],[106.33342,-6.58626],[106.33149,-6.58725],[106.3314,-6.58874],[106.32839,-6.59122],[106.32917,-6.59205],[106.32876,-6.59501],[106.33076,-6.59784],[106.33147,-6.6006],[106.33356,-6.60174],[106.33302,-6.60296],[106.33642,-6.60339],[106.33602,-6.60876],[106.3351,-6.61019],[106.33452,-6.60986],[106.33424,-6.60597],[106.33216,-6.60399],[106.33004,-6.60345],[106.32712,-6.60374],[106.32651,-6.60286],[106.32204,-6.60218],[106.3209,-6.60107],[106.31786,-6.5999],[106.31817,-6.59691],[106.31892,-6.5963],[106.31834,-6.59575],[106.31838,-6.59438],[106.31918,-6.59382],[106.31811,-6.59299],[106.31754,-6.59109],[106.31892,-6.58833],[106.32002,-6.58791],[106.31988,-6.58574],[106.32142,-6.58437],[106.3205,-6.58278],[106.31912,-6.58259],[106.31649,-6.5781],[106.31577,-6.57543],[106.31616,-6.5723],[106.31519,-6.56973],[106.31392,-6.56961],[106.31423,-6.56863],[106.31293,-6.56801],[106.31343,-6.56654],[106.31274,-6.5666],[106.31273,-6.56583],[106.31411,-6.56515],[106.31318,-6.56384],[106.31217,-6.56397],[106.31345,-6.56222],[106.31194,-6.56255],[106.31167,-6.56202],[106.31375,-6.56079],[106.314,-6.56004],[106.3126,-6.56022],[106.31123,-6.55514],[106.31044,-6.55509],[106.31036,-6.554],[106.30714,-6.55025],[106.30785,-6.54908],[106.30994,-6.54848],[106.31013,-6.54683],[106.31217,-6.54613],[106.31334,-6.54494],[106.31372,-6.54187],[106.3119,-6.54188],[106.31054,-6.54026],[106.31153,-6.53895],[106.31039,-6.5366],[106.31184,-6.53652],[106.31249,-6.53512],[106.31067,-6.53374],[106.31024,-6.53221],[106.31236,-6.5332],[106.31344,-6.53291],[106.31204,-6.53094],[106.31237,-6.53009],[106.31317,-6.53112],[106.31501,-6.5309],[106.3166,-6.53154],[106.31672,-6.53059],[106.31527,-6.52965],[106.31692,-6.52801],[106.31614,-6.52703],[106.3174,-6.52564],[106.31742,-6.52398],[106.31822,-6.52371],[106.31973,-6.52491],[106.32068,-6.52417],[106.3204,-6.5232],[106.31949,-6.52355],[106.319,-6.52185],[106.3205,-6.52112],[106.32005,-6.51875],[106.32215,-6.5186],[106.32239,-6.51736],[106.32368,-6.5181],[106.32417,-6.51731],[106.32352,-6.51571],[106.3255,-6.51595],[106.32622,-6.51473],[106.32735,-6.51584],[106.32898,-6.51352],[106.32855,-6.51271],[106.32533,-6.51238],[106.32609,-6.51116],[106.32549,-6.50978],[106.32598,-6.50596],[106.32733,-6.5059],[106.32716,-6.5044],[106.32532,-6.50291],[106.32685,-6.50248],[106.32667,-6.50154],[106.32493,-6.5008],[106.32316,-6.50129],[106.32067,-6.49763],[106.31944,-6.49925],[106.31796,-6.49939],[106.31592,-6.49858],[106.31406,-6.50122],[106.3111,-6.50124],[106.30821,-6.49953],[106.30763,-6.49801],[106.30844,-6.49688],[106.30687,-6.49624],[106.30816,-6.4931],[106.30731,-6.4923],[106.30858,-6.48388],[106.30815,-6.48273],[106.30651,-6.48163],[106.30857,-6.48093],[106.30958,-6.47916],[106.30912,-6.47672],[106.30618,-6.4747],[106.306,-6.47185],[106.30471,-6.47027],[106.30633,-6.46808],[106.30491,-6.46605],[106.30524,-6.46518],[106.30434,-6.46525],[106.3046,-6.46473],[106.3033,-6.46407],[106.30487,-6.46357],[106.3045,-6.4621],[106.30585,-6.46145],[106.30614,-6.46194],[106.30801,-6.46032],[106.30707,-6.45855],[106.30738,-6.45713],[106.30556,-6.45799],[106.30497,-6.45711],[106.30605,-6.45428],[106.30812,-6.45332],[106.30796,-6.45182],[106.30887,-6.45002],[106.30812,-6.44894],[106.30652,-6.45019],[106.30526,-6.44998],[106.30514,-6.44779],[106.30626,-6.44624],[106.30462,-6.44371],[106.30586,-6.44338],[106.30779,-6.44418],[106.31002,-6.44748],[106.31272,-6.44501],[106.31311,-6.44307],[106.31171,-6.44016],[106.31153,-6.43616],[106.31231,-6.43567],[106.3143,-6.43635],[106.316,-6.43576],[106.3169,-6.43483],[106.31668,-6.4326],[106.31748,-6.43138],[106.31604,-6.42961],[106.31267,-6.43031],[106.31291,-6.42813],[106.31239,-6.4269],[106.31348,-6.42608],[106.31495,-6.42651],[106.31958,-6.42354],[106.31899,-6.42154],[106.32083,-6.42138],[106.32141,-6.42009],[106.31879,-6.42052],[106.31728,-6.4199],[106.31553,-6.42066],[106.31521,-6.41962],[106.31689,-6.41826],[106.31585,-6.41757],[106.31249,-6.42072],[106.31023,-6.42075],[106.30757,-6.41718],[106.30313,-6.41558],[106.30328,-6.41402],[106.30238,-6.41269],[106.30324,-6.41135],[106.30121,-6.40964],[106.30419,-6.40338],[106.30481,-6.39862],[106.30639,-6.39846],[106.30639,-6.39747],[106.30835,-6.39579],[106.30994,-6.39295],[106.31305,-6.39075],[106.31308,-6.38964],[106.31578,-6.38958],[106.31855,-6.38837],[106.31992,-6.38531],[106.31967,-6.38046],[106.32086,-6.37878],[106.32174,-6.37881],[106.32145,-6.37763],[106.3227,-6.37629],[106.32219,-6.37575],[106.32688,-6.3737],[106.32799,-6.37411],[106.3294,-6.37641],[106.33204,-6.37762],[106.33388,-6.37759],[106.33511,-6.38183],[106.3366,-6.38258],[106.33611,-6.38538],[106.33699,-6.38857],[106.33482,-6.39354],[106.33531,-6.39439],[106.33395,-6.39775],[106.33555,-6.40101],[106.33673,-6.40128],[106.34028,-6.39939],[106.34036,-6.40016],[106.34244,-6.40044],[106.3448,-6.39911],[106.34536,-6.40049],[106.34833,-6.40025],[106.34729,-6.40207],[106.34819,-6.40306],[106.34939,-6.4029],[106.34971,-6.40362],[106.34571,-6.404],[106.34563,-6.40474],[106.34756,-6.40593],[106.34492,-6.40754],[106.34548,-6.40802],[106.34796,-6.40686],[106.34958,-6.40792],[106.35119,-6.40765],[106.35228,-6.41018],[106.35282,-6.40994],[106.35259,-6.40873],[106.35519,-6.40678],[106.35718,-6.40738],[106.35793,-6.40894],[106.35922,-6.40719],[106.36074,-6.40779],[106.36093,-6.41083],[106.36276,-6.4118],[106.36246,-6.41643],[106.36309,-6.41716],[106.363,-6.41856],[106.36567,-6.41888],[106.36627,-6.4195],[106.36616,-6.42101],[106.36765,-6.42054],[106.36834,-6.42161],[106.36853,-6.42228],[106.36685,-6.42284],[106.36558,-6.42495],[106.36809,-6.42775],[106.36719,-6.428],[106.36581,-6.43023],[106.36472,-6.43036],[106.36489,-6.43258],[106.36391,-6.43316],[106.36425,-6.43402],[106.36365,-6.4346],[106.36408,-6.43525],[106.36203,-6.43538],[106.3628,-6.43698],[106.3617,-6.43782],[106.36166,-6.43898],[106.36234,-6.43942],[106.36202,-6.44024],[106.36257,-6.44111],[106.36548,-6.44228],[106.36659,-6.44168],[106.36894,-6.4436],[106.37017,-6.44387],[106.37221,-6.44595],[106.37433,-6.44588],[106.37575,-6.44773],[106.37764,-6.44855],[106.37668,-6.45143],[106.37861,-6.45193],[106.38051,-6.45439],[106.38608,-6.45386],[106.38696,-6.45549],[106.38863,-6.45599],[106.38784,-6.45723],[106.38819,-6.46159],[106.38968,-6.46354],[106.38948,-6.46615],[106.38745,-6.46838],[106.38731,-6.46963],[106.38647,-6.47032],[106.38553,-6.46983],[106.3854,-6.47156],[106.38661,-6.47202],[106.38615,-6.47388],[106.38329,-6.47518],[106.38295,-6.47699],[106.38057,-6.4792],[106.37883,-6.48242],[106.37714,-6.48303],[106.37598,-6.48434],[106.37715,-6.48757],[106.37582,-6.49019],[106.37736,-6.49439],[106.37697,-6.49633],[106.37619,-6.49672],[106.37636,-6.49875],[106.37738,-6.50066],[106.37624,-6.50297],[106.37451,-6.50385],[106.37472,-6.50803],[106.37093,-6.50844],[106.37088,-6.50654],[106.36861,-6.50527],[106.36714,-6.50585],[106.36736,-6.5075],[106.36646,-6.50897],[106.36464,-6.50936],[106.36316,-6.50901],[106.36287,-6.50805],[106.36189,-6.50876],[106.35869,-6.50617],[106.35682,-6.5065],[106.35548,-6.50603],[106.35411,-6.50735],[106.352,-6.51308],[106.35042,-6.514],[106.34708,-6.51123],[106.34425,-6.51378],[106.34405,-6.517],[106.34027,-6.51679],[106.33528,-6.51779],[106.33323,-6.51625],[106.32974,-6.51684],[106.33103,-6.51861],[106.33235,-6.51927],[106.33285,-6.52063],[106.33223,-6.52164],[106.33357,-6.52514],[106.33148,-6.52835],[106.3298,-6.52826],[106.32896,-6.52943],[106.32857,-6.53555],[106.32771,-6.53626],[106.33075,-6.53804],[106.33077,-6.53957],[106.33226,-6.54048],[106.33329,-6.54346],[106.33604,-6.54587],[106.33822,-6.54622],[106.33878,-6.5469],[106.34309,-6.54707],[106.34355,-6.54762],[106.33958,-6.55539],[106.34174,-6.56088],[106.34163,-6.56417],[106.33953,-6.56691],[106.33698,-6.56829]]]}},{"type":"Feature","properties":{"KODE_KEC":"36.02.13","KECAMATAN":"Maja","KAB_KOTA":"Lebak","dist_ind":11123.09,"camp_dens":0.0,"toll_pct":0.0,"sma_grad":4058,"area_km2":77.377,"Pred_Reko":2},"geometry":{"type":"Polygon","coordinates":[[[106.35795,-6.39407],[106.35762,-6.39528],[106.35621,-6.39494],[106.35489,-6.3937],[106.35561,-6.3925],[106.35394,-6.39263],[106.35339,-6.39418],[106.35389,-6.39516],[106.3548,-6.39499],[106.35445,-6.3959],[106.35024,-6.39555],[106.35197,-6.3975],[106.34992,-6.39772],[106.34833,-6.40025],[106.34739,-6.40063],[106.34521,-6.40041],[106.3448,-6.39911],[106.34244,-6.40044],[106.34036,-6.40016],[106.34028,-6.39939],[106.33673,-6.40128],[106.33555,-6.40101],[106.33395,-6.39775],[106.33531,-6.39439],[106.33482,-6.39354],[106.33699,-6.38857],[106.33611,-6.38538],[106.3366,-6.38258],[106.33511,-6.38183],[106.33388,-6.37759],[106.33204,-6.37762],[106.3294,-6.37641],[106.32799,-6.37411],[106.32697,-6.37372],[106.32412,-6.3745],[106.32219,-6.37575],[106.3227,-6.37629],[106.32145,-6.37763],[106.32174,-6.37881],[106.32086,-6.37878],[106.31967,-6.38046],[106.31992,-6.38531],[106.31855,-6.38837],[106.31578,-6.38958],[106.31308,-6.38964],[106.31305,-6.39075],[106.30994,-6.39295],[106.30835,-6.39579],[106.30639,-6.39747],[106.30639,-6.39846],[106.30481,-6.39862],[106.30419,-6.40338],[106.30058,-6.41011],[106.30048,-6.41235],[106.29904,-6.41322],[106.29498,-6.41111],[106.29251,-6.406],[106.28568,-6.39813],[106.28278,-6.39611],[106.28245,-6.39511],[106.28161,-6.39533],[106.28206,-6.39458],[106.28112,-6.39319],[106.28083,-6.39064],[106.27932,-6.3906],[106.27727,-6.38872],[106.27861,-6.3873],[106.27894,-6.38523],[106.28005,-6.38548],[106.27983,-6.38487],[106.28063,-6.38435],[106.2805,-6.38236],[106.28158,-6.38134],[106.28361,-6.38129],[106.28985,-6.37866],[106.29224,-6.37571],[106.29485,-6.37749],[106.29908,-6.37771],[106.30117,-6.37865],[106.30158,-6.37554],[106.30053,-6.37426],[106.30071,-6.372],[106.30258,-6.37112],[106.30332,-6.36765],[106.3057,-6.36647],[106.30607,-6.36494],[106.30766,-6.36349],[106.30772,-6.36236],[106.30861,-6.36137],[106.30835,-6.36058],[106.31437,-6.36036],[106.31636,-6.36159],[106.32087,-6.36139],[106.32105,-6.36037],[106.32357,-6.35816],[106.32547,-6.35752],[106.32584,-6.35608],[106.32853,-6.35677],[106.33062,-6.35518],[106.33069,-6.35373],[106.33265,-6.35353],[106.33237,-6.35469],[106.33318,-6.35485],[106.33367,-6.35585],[106.3348,-6.35599],[106.33507,-6.35517],[106.33622,-6.35501],[106.33786,-6.35599],[106.33799,-6.35669],[106.33965,-6.35645],[106.3405,-6.35443],[106.34097,-6.35445],[106.3406,-6.35312],[106.3411,-6.35321],[106.34136,-6.3516],[106.34192,-6.35152],[106.34134,-6.34842],[106.34306,-6.34774],[106.34312,-6.34698],[106.34155,-6.3454],[106.34161,-6.34473],[106.34249,-6.34494],[106.3426,-6.34415],[106.34166,-6.34347],[106.34279,-6.34115],[106.3452,-6.33953],[106.34522,-6.33827],[106.34943,-6.33667],[106.35112,-6.33685],[106.35147,-6.33611],[106.35248,-6.33733],[106.35477,-6.33499],[106.35811,-6.33389],[106.35822,-6.33291],[106.35909,-6.33222],[106.35846,-6.33173],[106.35954,-6.33032],[106.36361,-6.33228],[106.36859,-6.33249],[106.37743,-6.33046],[106.39068,-6.32921],[106.39574,-6.32932],[106.39801,-6.33079],[106.40094,-6.3303],[106.40081,-6.33142],[106.40467,-6.33446],[106.40445,-6.33572],[106.4032,-6.33657],[106.40531,-6.34],[106.4064,-6.34033],[106.40978,-6.33903],[106.41093,-6.33952],[106.40958,-6.34354],[106.41026,-6.34506],[106.41321,-6.34421],[106.41379,-6.34623],[106.41584,-6.34609],[106.41679,-6.3478],[106.41837,-6.34638],[106.42062,-6.34915],[106.42195,-6.3467],[106.42323,-6.34661],[106.4267,-6.34789],[106.42556,-6.35009],[106.42924,-6.35033],[106.42831,-6.3526],[106.42678,-6.35374],[106.42806,-6.35446],[106.42806,-6.35645],[106.43076,-6.35724],[106.43075,-6.35809],[106.42964,-6.35843],[106.43096,-6.35985],[106.43111,-6.36092],[106.42983,-6.36311],[106.43194,-6.36681],[106.42906,-6.368],[106.42837,-6.36989],[106.4291,-6.37251],[106.43078,-6.37346],[106.42761,-6.37529],[106.42736,-6.37623],[106.4286,-6.37723],[106.43195,-6.37696],[106.43226,-6.38059],[106.43389,-6.38502],[106.43636,-6.38694],[106.43446,-6.38958],[106.42039,-6.39419],[106.41606,-6.3928],[106.41514,-6.39367],[106.41257,-6.39187],[106.41189,-6.39359],[106.40981,-6.39374],[106.40916,-6.39573],[106.40405,-6.3955],[106.40267,-6.39379],[106.40043,-6.39534],[106.39833,-6.39577],[106.39682,-6.39393],[106.39718,-6.39043],[106.39626,-6.38975],[106.39501,-6.39008],[106.39563,-6.3891],[106.39431,-6.38808],[106.39209,-6.38808],[106.39015,-6.38709],[106.38842,-6.38302],[106.38795,-6.37766],[106.38722,-6.37653],[106.39033,-6.37201],[106.39272,-6.37037],[106.39352,-6.36557],[106.39302,-6.36426],[106.39428,-6.36203],[106.39343,-6.36166],[106.39317,-6.36272],[106.39228,-6.36289],[106.38786,-6.36169],[106.38782,-6.36036],[106.38545,-6.35989],[106.38491,-6.36039],[106.38246,-6.35954],[106.38154,-6.35966],[106.38244,-6.36323],[106.38118,-6.36494],[106.38113,-6.36982],[106.38052,-6.37071],[106.381,-6.37281],[106.38054,-6.3735],[106.37882,-6.37479],[106.37682,-6.37821],[106.37274,-6.37909],[106.37232,-6.37999],[106.37074,-6.3806],[106.37018,-6.38348],[106.37092,-6.38517],[106.37055,-6.38766],[106.36673,-6.388],[106.36279,-6.39084],[106.36286,-6.39233],[106.36079,-6.3921],[106.36045,-6.3932],[106.35949,-6.39326],[106.35922,-6.39444],[106.35795,-6.39407]]]}},{"type":"Feature","properties":{"KODE_KEC":"36.02.14","KECAMATAN":"Rangkasbitung","KAB_KOTA":"Lebak","dist_ind":15156.56,"camp_dens":0.0,"toll_pct":0.0,"sma_grad":948,"area_km2":73.9264,"Pred_Reko":0},"geometry":{"type":"Polygon","coordinates":[[[106.29227,-6.37582],[106.28985,-6.37866],[106.28361,-6.38129],[106.28158,-6.38134],[106.2805,-6.38236],[106.28063,-6.38435],[106.27983,-6.38487],[106.28005,-6.38548],[106.27894,-6.38523],[106.27861,-6.3873],[106.27726,-6.38888],[106.27843,-6.3893],[106.27932,-6.3906],[106.28083,-6.39064],[106.28112,-6.39319],[106.28206,-6.39458],[106.28161,-6.39533],[106.28245,-6.39511],[106.28278,-6.39611],[106.28568,-6.39813],[106.29251,-6.406],[106.29498,-6.41111],[106.29798,-6.41296],[106.2999,-6.41306],[106.29403,-6.41655],[106.28944,-6.41764],[106.28615,-6.41966],[106.28423,-6.41968],[106.28305,-6.4209],[106.28227,-6.42355],[106.28117,-6.42226],[106.27789,-6.42313],[106.27304,-6.42259],[106.27105,-6.42057],[106.27011,-6.41851],[106.26764,-6.41761],[106.2674,-6.41568],[106.26428,-6.41638],[106.26087,-6.41273],[106.25692,-6.4103],[106.25647,-6.40599],[106.258,-6.40394],[106.25869,-6.40163],[106.25462,-6.40005],[106.25373,-6.39862],[106.25463,-6.39469],[106.25384,-6.39157],[106.2548,-6.39121],[106.25536,-6.3922],[106.25602,-6.39187],[106.25468,-6.389],[106.25615,-6.38732],[106.2561,-6.385],[106.25695,-6.38224],[106.25614,-6.38113],[106.25388,-6.38126],[106.25158,-6.38314],[106.25089,-6.3828],[106.25181,-6.38097],[106.25059,-6.37983],[106.25172,-6.37799],[106.25014,-6.37741],[106.24996,-6.37652],[106.24921,-6.37658],[106.249,-6.37468],[106.24779,-6.37418],[106.24809,-6.3731],[106.25088,-6.37228],[106.25141,-6.36992],[106.2504,-6.36874],[106.245,-6.36667],[106.24421,-6.36571],[106.24486,-6.36207],[106.24181,-6.35707],[106.24055,-6.35065],[106.24066,-6.34935],[106.24211,-6.34817],[106.24409,-6.34901],[106.24444,-6.34265],[106.24879,-6.34412],[106.25453,-6.34476],[106.25433,-6.34124],[106.25,-6.33533],[106.24899,-6.33018],[106.25023,-6.32721],[106.25257,-6.32695],[106.2538,-6.3276],[106.2561,-6.3315],[106.25774,-6.33111],[106.25836,-6.32757],[106.25655,-6.32215],[106.26107,-6.3184],[106.26108,-6.31325],[106.26283,-6.31279],[106.26538,-6.31455],[106.26724,-6.31449],[106.26735,-6.31315],[106.26619,-6.31085],[106.26126,-6.30922],[106.26048,-6.30764],[106.26092,-6.30635],[106.27166,-6.30231],[106.27352,-6.30025],[106.27713,-6.30142],[106.27962,-6.30307],[106.27988,-6.30719],[106.28244,-6.30891],[106.281,-6.31002],[106.28048,-6.3117],[106.28487,-6.30968],[106.28786,-6.31295],[106.28951,-6.31303],[106.2906,-6.31185],[106.29307,-6.31246],[106.29664,-6.31642],[106.29879,-6.31778],[106.30846,-6.32005],[106.31195,-6.32433],[106.31518,-6.33197],[106.31955,-6.33515],[106.32649,-6.33573],[106.34601,-6.33334],[106.35658,-6.32913],[106.35892,-6.32941],[106.36136,-6.33096],[106.36098,-6.3313],[106.35943,-6.33038],[106.35846,-6.33173],[106.35909,-6.33222],[106.35822,-6.33291],[106.35818,-6.33382],[106.35477,-6.33499],[106.35255,-6.3373],[106.35147,-6.33611],[106.35112,-6.33685],[106.34943,-6.33667],[106.3451,-6.33835],[106.3452,-6.33953],[106.34285,-6.34107],[106.34167,-6.34342],[106.3426,-6.34415],[106.34249,-6.34494],[106.34161,-6.34473],[106.34156,-6.34546],[106.34312,-6.34698],[106.34306,-6.34774],[106.34134,-6.34842],[106.34192,-6.35152],[106.34136,-6.3516],[106.3411,-6.35321],[106.3406,-6.35312],[106.34097,-6.35445],[106.3405,-6.35443],[106.33965,-6.35645],[106.33799,-6.35669],[106.33786,-6.35599],[106.33622,-6.35501],[106.33507,-6.35517],[106.3348,-6.35599],[106.33367,-6.35585],[106.33318,-6.35485],[106.33237,-6.35469],[106.33265,-6.35353],[106.33069,-6.35373],[106.33062,-6.35518],[106.32853,-6.35677],[106.32584,-6.35608],[106.32547,-6.35752],[106.32357,-6.35816],[106.32105,-6.36037],[106.32087,-6.36139],[106.31636,-6.36159],[106.31437,-6.36036],[106.30835,-6.36058],[106.30861,-6.36137],[106.30772,-6.36236],[106.30766,-6.36349],[106.30607,-6.36494],[106.3057,-6.36647],[106.30332,-6.36765],[106.30258,-6.37112],[106.30071,-6.372],[106.30053,-6.37426],[106.30158,-6.37554],[106.30117,-6.37865],[106.29908,-6.37771],[106.29485,-6.37749],[106.29227,-6.37582]]]}},{"type":"Feature","properties":{"KODE_KEC":"31.73.07","KECAMATAN":"Pal Merah","KAB_KOTA":"Kota Administrasi Jakarta Barat","dist_ind":13051.42,"camp_dens":0.4072,"toll_pct":0.001218,"sma_grad":3140,"area_km2":7.3678,"Pred_Reko":2},"geometry":{"type":"Polygon","coordinates":[[[106.80433,-6.19731],[106.79729,-6.20384],[106.79608,-6.20758],[106.79061,-6.20747],[106.78907,-6.20847],[106.78727,-6.20699],[106.7832,-6.20673],[106.78208,-6.19454],[106.78344,-6.18759],[106.78323,-6.1853],[106.78839,-6.18505],[106.79173,-6.18393],[106.79523,-6.17992],[106.80552,-6.17346],[106.80984,-6.17965],[106.81065,-6.18893],[106.80683,-6.18903],[106.80433,-6.19731]]]}},{"type":"Feature","properties":{"KODE_KEC":"31.73.08","KECAMATAN":"Kembangan","KAB_KOTA":"Kota Administrasi Jakarta Barat","dist_ind":16637.74,"camp_dens":0.0401,"toll_pct":0.001199,"sma_grad":4532,"area_km2":24.928,"Pred_Reko":2},"geometry":{"type":"Polygon","coordinates":[[[106.76592,-6.22247],[106.74438,-6.22292],[106.72834,-6.22432],[106.72017,-6.22423],[106.71987,-6.22309],[106.71809,-6.22304],[106.71783,-6.22019],[106.7183,-6.2186],[106.71884,-6.21856],[106.71982,-6.21237],[106.72309,-6.21231],[106.72357,-6.20853],[106.72438,-6.20786],[106.72453,-6.20227],[106.72339,-6.19907],[106.72447,-6.19662],[106.72387,-6.19619],[106.72471,-6.19395],[106.72413,-6.19179],[106.72198,-6.19146],[106.72023,-6.19246],[106.71963,-6.19191],[106.71803,-6.19276],[106.71344,-6.19177],[106.71388,-6.19109],[106.71483,-6.19162],[106.71489,-6.18993],[106.71669,-6.1898],[106.71795,-6.18776],[106.72137,-6.18706],[106.7227,-6.18559],[106.72414,-6.18589],[106.72437,-6.18496],[106.72301,-6.18423],[106.72333,-6.18361],[106.72434,-6.18365],[106.72408,-6.18259],[106.72493,-6.18208],[106.72445,-6.18108],[106.72573,-6.18035],[106.72526,-6.17983],[106.72577,-6.17864],[106.727,-6.17877],[106.72668,-6.17749],[106.72751,-6.17765],[106.7278,-6.17659],[106.72959,-6.17582],[106.72922,-6.17509],[106.731,-6.17598],[106.73076,-6.17504],[106.73191,-6.17438],[106.73146,-6.17387],[106.73192,-6.17291],[106.7335,-6.17148],[106.73429,-6.17174],[106.73559,-6.17104],[106.73568,-6.16991],[106.73631,-6.17034],[106.73764,-6.16991],[106.73823,-6.17061],[106.73798,-6.16867],[106.73878,-6.16978],[106.7394,-6.16792],[106.74027,-6.16861],[106.74056,-6.16749],[106.74161,-6.16806],[106.7421,-6.1669],[106.74369,-6.16652],[106.74396,-6.16592],[106.74446,-6.16671],[106.74563,-6.16634],[106.74576,-6.16566],[106.74665,-6.16595],[106.74667,-6.16501],[106.74877,-6.16566],[106.74757,-6.16023],[106.74771,-6.15827],[106.75319,-6.15791],[106.75942,-6.15919],[106.75792,-6.1607],[106.7579,-6.1619],[106.75714,-6.162],[106.75667,-6.16479],[106.7518,-6.16857],[106.75222,-6.1693],[106.75184,-6.17018],[106.74925,-6.17231],[106.74984,-6.17706],[106.75131,-6.17751],[106.74994,-6.18047],[106.75403,-6.18466],[106.75502,-6.18412],[106.75653,-6.18449],[106.75716,-6.1875],[106.7583,-6.18699],[106.75791,-6.18863],[106.75869,-6.18957],[106.75711,-6.19025],[106.75695,-6.19296],[106.7597,-6.19527],[106.76065,-6.1969],[106.76149,-6.19611],[106.76254,-6.19714],[106.76323,-6.20081],[106.76439,-6.20273],[106.76431,-6.2042],[106.76359,-6.205],[106.76511,-6.20731],[106.76464,-6.20904],[106.76549,-6.20918],[106.76604,-6.21061],[106.76576,-6.21248],[106.76306,-6.21528],[106.76504,-6.21855],[106.76522,-6.22128],[106.76592,-6.22247]]]}},{"type":"Feature","properties":{"KODE_KEC":"31.73.05","KECAMATAN":"Kebon Jeruk","KAB_KOTA":"Kota Administrasi Jakarta Barat","dist_ind":15997.45,"camp_dens":0.2832,"toll_pct":0.000334,"sma_grad":2218,"area_km2":17.6559,"Pred_Reko":1},"geometry":{"type":"Polygon","coordinates":[[[106.7785,-6.21791],[106.77843,-6.22691],[106.76751,-6.22748],[106.76479,-6.22709],[106.76593,-6.2269],[106.76689,-6.22524],[106.76554,-6.2231],[106.76592,-6.22244],[106.76522,-6.22128],[106.76504,-6.21855],[106.76307,-6.21549],[106.76615,-6.21156],[106.76552,-6.20922],[106.76464,-6.20904],[106.76511,-6.20731],[106.76359,-6.205],[106.76431,-6.2042],[106.76439,-6.20273],[106.76192,-6.19632],[106.76065,-6.1969],[106.7597,-6.19527],[106.75695,-6.19296],[106.75711,-6.19025],[106.75869,-6.18957],[106.75791,-6.18863],[106.7583,-6.18699],[106.75716,-6.1875],[106.75653,-6.18449],[106.75502,-6.18412],[106.75403,-6.18466],[106.74994,-6.18047],[106.75131,-6.17751],[106.74984,-6.17706],[106.74925,-6.17231],[106.75184,-6.17018],[106.75222,-6.1693],[106.7518,-6.16857],[106.75667,-6.16479],[106.75792,-6.1607],[106.76108,-6.1582],[106.76666,-6.15993],[106.76766,-6.1579],[106.76877,-6.1588],[106.76985,-6.16121],[106.78025,-6.16523],[106.78031,-6.16603],[106.77952,-6.16655],[106.77981,-6.18011],[106.7835,-6.18657],[106.78208,-6.19464],[106.7836,-6.21198],[106.78259,-6.21328],[106.77769,-6.21371],[106.77708,-6.21656],[106.7785,-6.21791]]]}},{"type":"Feature","properties":{"KODE_KEC":"31.73.06","KECAMATAN":"Kalideres","KAB_KOTA":"Kota Administrasi Jakarta Barat","dist_ind":19397.01,"camp_dens":0.0,"toll_pct":0.000157,"sma_grad":4970,"area_km2":28.9779,"Pred_Reko":2},"geometry":{"type":"Polygon","coordinates":[[[106.70059,-6.17684],[106.6956,-6.17514],[106.69452,-6.17575],[106.69118,-6.17491],[106.69123,-6.17351],[106.68681,-6.17237],[106.68701,-6.16862],[106.68811,-6.16843],[106.68866,-6.16697],[106.6893,-6.16698],[106.68931,-6.16396],[106.69099,-6.16063],[106.69093,-6.15994],[106.68804,-6.15993],[106.68776,-6.15428],[106.68734,-6.15422],[106.6873,-6.14399],[106.68645,-6.144],[106.68676,-6.13699],[106.68581,-6.12843],[106.68663,-6.12482],[106.68794,-6.12461],[106.68998,-6.12109],[106.69025,-6.11695],[106.69125,-6.11372],[106.69399,-6.11342],[106.69563,-6.11389],[106.69586,-6.112],[106.69689,-6.11059],[106.69643,-6.11084],[106.69528,-6.10958],[106.69475,-6.10721],[106.69301,-6.10628],[106.69143,-6.10715],[106.69125,-6.10888],[106.68928,-6.10874],[106.68874,-6.10809],[106.68878,-6.10439],[106.68819,-6.1032],[106.68945,-6.10182],[106.68915,-6.10025],[106.68852,-6.10017],[106.68799,-6.09707],[106.69229,-6.09568],[106.69755,-6.09644],[106.70249,-6.09607],[106.70313,-6.09685],[106.70688,-6.09592],[106.71079,-6.09685],[106.71147,-6.09647],[106.71291,-6.09732],[106.71444,-6.09898],[106.71764,-6.10512],[106.72722,-6.11729],[106.73161,-6.12143],[106.73059,-6.12334],[106.72984,-6.12271],[106.7286,-6.12326],[106.72443,-6.12635],[106.72328,-6.12595],[106.72125,-6.12697],[106.72058,-6.12667],[106.71926,-6.12825],[106.71968,-6.12882],[106.71675,-6.13117],[106.71786,-6.13242],[106.71663,-6.13359],[106.71668,-6.13847],[106.71746,-6.14338],[106.71832,-6.14356],[106.71791,-6.14543],[106.71901,-6.15343],[106.71575,-6.15517],[106.7161,-6.15808],[106.71548,-6.15808],[106.71538,-6.16064],[106.71645,-6.16073],[106.71656,-6.1658],[106.71367,-6.16796],[106.71266,-6.17119],[106.71164,-6.17187],[106.71059,-6.17413],[106.70865,-6.17464],[106.70649,-6.17393],[106.70513,-6.17483],[106.70327,-6.17476],[106.70059,-6.17684]]]}},{"type":"Feature","properties":{"KODE_KEC":"36.74.03","KECAMATAN":"Pondok Aren","KAB_KOTA":"Kota Tangerang Selatan","dist_ind":8374.99,"camp_dens":0.1343,"toll_pct":0.000386,"sma_grad":2669,"area_km2":29.7944,"Pred_Reko":2},"geometry":{"type":"Polygon","coordinates":[[[106.71786,-6.2811],[106.71676,-6.28442],[106.71545,-6.28565],[106.71511,-6.29051],[106.71591,-6.29262],[106.71404,-6.29366],[106.70862,-6.2943],[106.70553,-6.29188],[106.70501,-6.29017],[106.70324,-6.28843],[106.68897,-6.28992],[106.68865,-6.28876],[106.68942,-6.28872],[106.68923,-6.2874],[106.69031,-6.28662],[106.68932,-6.28591],[106.68814,-6.28254],[106.6864,-6.28225],[106.68645,-6.281],[106.68378,-6.27956],[106.68351,-6.27697],[106.68141,-6.27524],[106.68167,-6.2733],[106.68013,-6.27202],[106.67891,-6.27225],[106.67915,-6.27087],[106.67759,-6.2703],[106.6781,-6.26882],[106.67722,-6.26846],[106.67705,-6.26756],[106.67772,-6.26675],[106.67613,-6.26633],[106.67618,-6.26557],[106.67498,-6.26599],[106.6764,-6.26387],[106.67575,-6.26324],[106.67781,-6.26159],[106.67721,-6.26081],[106.67874,-6.26043],[106.67955,-6.25862],[106.67908,-6.25757],[106.6768,-6.25661],[106.67837,-6.25428],[106.67742,-6.25298],[106.67796,-6.25214],[106.67741,-6.25018],[106.67845,-6.24865],[106.67772,-6.24741],[106.67868,-6.2461],[106.67955,-6.24636],[106.67987,-6.24554],[106.67941,-6.24524],[106.6801,-6.24489],[106.67977,-6.24436],[106.68068,-6.24264],[106.68119,-6.24266],[106.68117,-6.24337],[106.68154,-6.2427],[106.6821,-6.24313],[106.68222,-6.24226],[106.6837,-6.24268],[106.68341,-6.24181],[106.68695,-6.24051],[106.6885,-6.23929],[106.68843,-6.23863],[106.6889,-6.23882],[106.69104,-6.24373],[106.69722,-6.24433],[106.696,-6.25134],[106.69831,-6.25166],[106.69939,-6.25343],[106.70262,-6.25477],[106.70401,-6.2561],[106.70383,-6.25461],[106.70457,-6.25241],[106.70587,-6.25094],[106.7068,-6.25082],[106.71448,-6.25152],[106.72345,-6.25088],[106.72494,-6.25255],[106.72917,-6.25295],[106.73779,-6.2524],[106.7383,-6.25099],[106.74629,-6.25164],[106.74723,-6.25147],[106.7482,-6.25008],[106.75184,-6.25003],[106.75257,-6.25167],[106.75357,-6.25164],[106.75416,-6.25535],[106.75493,-6.25619],[106.75438,-6.25954],[106.7525,-6.25974],[106.75157,-6.26058],[106.75148,-6.26177],[106.75351,-6.26228],[106.75632,-6.26161],[106.75652,-6.26245],[106.75255,-6.26457],[106.75231,-6.26802],[106.75318,-6.26886],[106.74757,-6.27419],[106.74543,-6.27557],[106.74265,-6.27542],[106.74225,-6.27463],[106.74112,-6.27465],[106.74068,-6.27526],[106.737,-6.27571],[106.73702,-6.27668],[106.73497,-6.27689],[106.73429,-6.26943],[106.73157,-6.26987],[106.72606,-6.27266],[106.72476,-6.2725],[106.73017,-6.28046],[106.7292,-6.28307],[106.73021,-6.28406],[106.7301,-6.28579],[106.73115,-6.28714],[106.72943,-6.28835],[106.72846,-6.28843],[106.7267,-6.28698],[106.72494,-6.28134],[106.72223,-6.27988],[106.71932,-6.28027],[106.71786,-6.2811]]]}},{"type":"Feature","properties":{"KODE_KEC":"36.74.04","KECAMATAN":"Ciputat","KAB_KOTA":"Kota Tangerang Selatan","dist_ind":6111.27,"camp_dens":0.2183,"toll_pct":0.001063,"sma_grad":4811,"area_km2":22.901,"Pred_Reko":2},"geometry":{"type":"Polygon","coordinates":[[[106.75,-6.31212],[106.75,-6.3203],[106.75108,-6.32112],[106.7512,-6.32416],[106.75272,-6.32458],[106.75352,-6.32567],[106.75635,-6.32626],[106.75651,-6.32723],[106.75896,-6.32814],[106.75807,-6.33045],[106.75789,-6.33258],[106.75838,-6.33332],[106.75751,-6.33382],[106.75791,-6.34003],[106.75715,-6.342],[106.75,-6.3418],[106.74872,-6.34058],[106.74685,-6.34133],[106.74649,-6.3388],[106.74759,-6.33738],[106.74675,-6.33633],[106.74676,-6.33493],[106.74575,-6.33369],[106.74297,-6.33263],[106.74308,-6.33122],[106.74181,-6.33006],[106.7413,-6.32795],[106.74039,-6.32759],[106.74059,-6.32514],[106.74282,-6.32427],[106.74279,-6.31998],[106.74345,-6.31739],[106.7427,-6.31664],[106.74428,-6.311],[106.74501,-6.31095],[106.7451,-6.30482],[106.73901,-6.30547],[106.73443,-6.305],[106.73222,-6.30556],[106.73201,-6.31105],[106.73643,-6.31731],[106.73631,-6.3182],[106.73146,-6.31917],[106.73173,-6.32046],[106.73041,-6.32219],[106.73029,-6.32538],[106.72671,-6.32461],[106.72282,-6.32552],[106.7219,-6.32464],[106.71944,-6.32535],[106.71436,-6.3244],[106.7111,-6.32489],[106.71072,-6.3237],[106.70715,-6.32309],[106.7056,-6.32322],[106.70499,-6.32458],[106.70408,-6.32498],[106.70189,-6.32475],[106.70164,-6.32319],[106.70396,-6.3206],[106.70358,-6.3195],[106.70622,-6.31791],[106.70522,-6.31315],[106.70587,-6.31207],[106.70472,-6.31144],[106.70422,-6.30948],[106.70341,-6.30905],[106.70349,-6.30768],[106.70029,-6.30805],[106.69994,-6.30767],[106.70045,-6.30695],[106.69904,-6.30708],[106.69864,-6.30361],[106.69734,-6.30293],[106.69799,-6.30181],[106.69523,-6.30038],[106.69554,-6.29869],[106.69422,-6.2981],[106.69468,-6.29663],[106.69355,-6.29637],[106.69294,-6.29433],[106.69154,-6.2942],[106.69263,-6.2936],[106.6924,-6.29167],[106.69214,-6.29096],[106.69057,-6.29052],[106.6906,-6.28984],[106.70324,-6.28843],[106.70501,-6.29017],[106.70553,-6.29188],[106.70862,-6.2943],[106.71404,-6.29366],[106.71591,-6.29262],[106.71511,-6.29051],[106.71545,-6.28565],[106.71676,-6.28442],[106.7178,-6.28117],[106.71932,-6.28027],[106.72223,-6.27988],[106.72499,-6.2814],[106.72638,-6.28634],[106.72795,-6.28809],[106.72943,-6.28835],[106.73115,-6.28714],[106.73158,-6.2882],[106.73386,-6.28996],[106.73356,-6.29058],[106.73443,-6.29299],[106.73611,-6.2932],[106.73587,-6.29375],[106.73642,-6.29408],[106.73689,-6.29326],[106.73887,-6.29356],[106.74089,-6.29524],[106.74302,-6.29563],[106.74587,-6.29979],[106.7485,-6.29959],[106.749,-6.30014],[106.7526,-6.29877],[106.75244,-6.29753],[106.75421,-6.29482],[106.75789,-6.29495],[106.75754,-6.29628],[106.76098,-6.29765],[106.76192,-6.2992],[106.76199,-6.30077],[106.75623,-6.3072],[106.75584,-6.30933],[106.75401,-6.31151],[106.75301,-6.31214],[106.75,-6.31212]]]}},{"type":"Feature","properties":{"KODE_KEC":"36.74.01","KECAMATAN":"Serpong","KAB_KOTA":"Kota Tangerang Selatan","dist_ind":2622.67,"camp_dens":0.0703,"toll_pct":0.000392,"sma_grad":3887,"area_km2":28.4659,"Pred_Reko":2},"geometry":{"type":"Polygon","coordinates":[[[106.7115,-6.34852],[106.70457,-6.34875],[106.70421,-6.34711],[106.70118,-6.34706],[106.7014,-6.34825],[106.70067,-6.3482],[106.6982,-6.34479],[106.69654,-6.3441],[106.69547,-6.34453],[106.6946,-6.34697],[106.69045,-6.34842],[106.6892,-6.35011],[106.68286,-6.35104],[106.68211,-6.34965],[106.68427,-6.34716],[106.68333,-6.34383],[106.68386,-6.34256],[106.68292,-6.34242],[106.68215,-6.34017],[106.68238,-6.33867],[106.68333,-6.33793],[106.68324,-6.33623],[106.68447,-6.33483],[106.68296,-6.33327],[106.6832,-6.33217],[106.68181,-6.32769],[106.67885,-6.32572],[106.67889,-6.32315],[106.67682,-6.32161],[106.67521,-6.32246],[106.67395,-6.3241],[106.67105,-6.32339],[106.66965,-6.32552],[106.67035,-6.32598],[106.66761,-6.32853],[106.66215,-6.32497],[106.6617,-6.32713],[106.66065,-6.32735],[106.65817,-6.32554],[106.65784,-6.32445],[106.65894,-6.31823],[106.66152,-6.31834],[106.66216,-6.31729],[106.6607,-6.31558],[106.65905,-6.31558],[106.65684,-6.31668],[106.65548,-6.31578],[106.65567,-6.31375],[106.65803,-6.31152],[106.659,-6.30803],[106.65694,-6.30574],[106.65613,-6.30085],[106.65372,-6.29898],[106.65419,-6.29366],[106.6567,-6.29266],[106.65768,-6.29162],[106.65716,-6.28833],[106.65601,-6.28648],[106.65325,-6.28518],[106.65435,-6.28479],[106.65662,-6.28222],[106.66199,-6.2792],[106.66474,-6.27688],[106.66604,-6.27772],[106.6659,-6.27865],[106.66675,-6.27843],[106.66792,-6.27922],[106.66943,-6.27932],[106.67138,-6.27762],[106.67109,-6.2791],[106.67423,-6.27952],[106.67473,-6.28064],[106.68071,-6.28052],[106.68172,-6.28126],[106.68214,-6.28277],[106.68367,-6.28193],[106.6841,-6.28266],[106.68655,-6.28117],[106.68626,-6.28212],[106.68814,-6.28254],[106.68932,-6.28591],[106.6903,-6.28657],[106.68923,-6.2874],[106.68945,-6.28869],[106.68869,-6.28872],[106.68858,-6.28933],[106.68901,-6.28993],[106.69035,-6.28946],[106.69057,-6.29052],[106.69221,-6.29103],[106.69263,-6.2936],[106.69154,-6.2942],[106.69294,-6.29433],[106.69355,-6.29637],[106.69468,-6.29663],[106.69422,-6.2981],[106.69554,-6.29869],[106.69527,-6.30043],[106.69795,-6.30173],[106.69734,-6.30293],[106.69864,-6.30361],[106.69904,-6.30708],[106.70045,-6.30695],[106.69994,-6.30767],[106.70029,-6.30805],[106.70354,-6.30773],[106.70341,-6.30905],[106.70422,-6.30948],[106.70472,-6.31144],[106.70587,-6.31207],[106.70522,-6.31315],[106.70622,-6.31791],[106.70358,-6.3195],[106.70396,-6.3206],[106.70164,-6.32319],[106.70169,-6.32462],[106.70388,-6.32489],[106.7038,-6.32626],[106.70322,-6.32705],[106.70127,-6.32703],[106.70097,-6.32805],[106.70162,-6.32927],[106.70007,-6.32934],[106.69988,-6.33029],[106.70077,-6.33077],[106.70088,-6.33176],[106.69939,-6.33329],[106.70003,-6.33399],[106.70091,-6.33328],[106.70182,-6.33389],[106.70181,-6.33674],[106.70317,-6.33782],[106.70327,-6.34035],[106.70479,-6.33951],[106.70474,-6.34107],[106.70627,-6.34094],[106.7064,-6.34162],[106.70834,-6.34253],[106.71005,-6.34232],[106.7115,-6.34852]]]}},{"type":"Feature","properties":{"KODE_KEC":"36.74.02","KECAMATAN":"Serpong Utara","KAB_KOTA":"Kota Tangerang Selatan","dist_ind":9191.24,"camp_dens":0.0902,"toll_pct":0.000368,"sma_grad":2142,"area_km2":22.1669,"Pred_Reko":1},"geometry":{"type":"Polygon","coordinates":[[[106.68164,-6.27566],[106.68351,-6.27697],[106.68378,-6.27956],[106.68494,-6.27973],[106.68655,-6.28117],[106.6841,-6.28266],[106.68367,-6.28193],[106.68214,-6.28277],[106.68172,-6.28126],[106.68071,-6.28052],[106.67473,-6.28064],[106.67423,-6.27952],[106.67109,-6.2791],[106.67138,-6.27762],[106.66943,-6.27932],[106.6659,-6.27865],[106.66604,-6.27772],[106.66474,-6.27688],[106.66199,-6.2792],[106.65662,-6.28222],[106.65435,-6.28479],[106.65325,-6.28518],[106.64929,-6.2834],[106.64665,-6.27947],[106.64613,-6.27565],[106.65066,-6.27296],[106.65195,-6.26924],[106.64853,-6.26722],[106.64759,-6.26591],[106.64901,-6.26087],[106.64678,-6.2576],[106.64388,-6.24727],[106.64436,-6.24262],[106.63669,-6.23688],[106.6392,-6.23184],[106.63832,-6.22989],[106.64617,-6.22961],[106.66154,-6.2313],[106.68148,-6.2311],[106.68179,-6.23005],[106.68295,-6.22982],[106.68794,-6.23019],[106.69008,-6.23168],[106.69174,-6.23194],[106.69082,-6.23347],[106.68976,-6.23358],[106.68979,-6.2328],[106.6882,-6.23405],[106.68891,-6.23562],[106.68735,-6.23723],[106.6871,-6.23857],[106.68782,-6.2393],[106.68843,-6.23863],[106.6885,-6.23929],[106.68398,-6.24198],[106.68341,-6.24181],[106.6837,-6.24268],[106.68222,-6.24226],[106.6821,-6.24313],[106.68154,-6.2427],[106.68117,-6.24337],[106.68119,-6.24266],[106.68068,-6.24264],[106.67977,-6.24436],[106.6801,-6.24489],[106.67941,-6.24524],[106.67987,-6.24554],[106.67955,-6.24636],[106.67868,-6.2461],[106.67772,-6.24741],[106.67845,-6.24865],[106.67741,-6.25018],[106.67796,-6.25214],[106.67742,-6.25298],[106.67837,-6.25428],[106.6768,-6.25661],[106.67908,-6.25757],[106.67955,-6.25862],[106.67874,-6.26043],[106.67721,-6.26081],[106.67781,-6.26159],[106.67575,-6.26324],[106.6764,-6.26387],[106.67498,-6.26599],[106.67618,-6.26557],[106.67613,-6.26633],[106.67772,-6.26675],[106.67705,-6.26756],[106.67722,-6.26846],[106.6781,-6.26882],[106.67759,-6.2703],[106.67915,-6.27087],[106.67891,-6.27225],[106.68013,-6.27202],[106.68153,-6.27311],[106.68164,-6.27566]]]}},{"type":"Feature","properties":{"KODE_KEC":"36.74.07","KECAMATAN":"Setu","KAB_KOTA":"Kota Tangerang Selatan","dist_ind":1240.69,"camp_dens":0.0594,"toll_pct":0.0,"sma_grad":3778,"area_km2":16.8271,"Pred_Reko":2},"geometry":{"type":"Polygon","coordinates":[[[106.71157,-6.34891],[106.71377,-6.35126],[106.71542,-6.35163],[106.71541,-6.35287],[106.71651,-6.35441],[106.71815,-6.35421],[106.71893,-6.35531],[106.71838,-6.3559],[106.71909,-6.35956],[106.72058,-6.36017],[106.71961,-6.36068],[106.71931,-6.36203],[106.71838,-6.3613],[106.71871,-6.35872],[106.7069,-6.35843],[106.70269,-6.35913],[106.67502,-6.35904],[106.65098,-6.36219],[106.65211,-6.36127],[106.65625,-6.35997],[106.65703,-6.35843],[106.65551,-6.35521],[106.65561,-6.35307],[106.65469,-6.35053],[106.65052,-6.34759],[106.64725,-6.34415],[106.64701,-6.34043],[106.64926,-6.33814],[106.6546,-6.33535],[106.6586,-6.32949],[106.66011,-6.32858],[106.66065,-6.32735],[106.6617,-6.32713],[106.66215,-6.32497],[106.66761,-6.32853],[106.67035,-6.32598],[106.66965,-6.32552],[106.67105,-6.32339],[106.67395,-6.3241],[106.67521,-6.32246],[106.67682,-6.32161],[106.67889,-6.32315],[106.67885,-6.32572],[106.68181,-6.32769],[106.6832,-6.33217],[106.68296,-6.33327],[106.68447,-6.33483],[106.68324,-6.33623],[106.68333,-6.33793],[106.68238,-6.33867],[106.68215,-6.34017],[106.68292,-6.34242],[106.68386,-6.34256],[106.68333,-6.34383],[106.68428,-6.34729],[106.68211,-6.34965],[106.68278,-6.351],[106.6892,-6.35011],[106.69045,-6.34842],[106.6946,-6.34697],[106.69547,-6.34453],[106.69654,-6.3441],[106.6982,-6.34479],[106.70091,-6.34829],[106.7014,-6.34825],[106.70118,-6.34706],[106.70362,-6.34707],[106.70438,-6.34714],[106.70457,-6.34875],[106.71157,-6.34891]]]}},{"type":"Feature","properties":{"KODE_KEC":"36.74.05","KECAMATAN":"Ciputat Timur","KAB_KOTA":"Kota Tangerang Selatan","dist_ind":9335.15,"camp_dens":0.7332,"toll_pct":0.000251,"sma_grad":3532,"area_km2":16.3658,"Pred_Reko":1},"geometry":{"type":"Polygon","coordinates":[[[106.77668,-6.31494],[106.77986,-6.31652],[106.77859,-6.3174],[106.77942,-6.31804],[106.77877,-6.31982],[106.77924,-6.3214],[106.77773,-6.32326],[106.77881,-6.32399],[106.77885,-6.32605],[106.77177,-6.32579],[106.77045,-6.32642],[106.76495,-6.32533],[106.75796,-6.32561],[106.75635,-6.32626],[106.75169,-6.32464],[106.75105,-6.32387],[106.75155,-6.32329],[106.75108,-6.32112],[106.75,-6.3203],[106.75,-6.31212],[106.75316,-6.31212],[106.75484,-6.31068],[106.75584,-6.30933],[106.75623,-6.3072],[106.76199,-6.30077],[106.76186,-6.29906],[106.76038,-6.2972],[106.75754,-6.29628],[106.75789,-6.29495],[106.75544,-6.29468],[106.75421,-6.29482],[106.75355,-6.29566],[106.75244,-6.29753],[106.7526,-6.29877],[106.749,-6.30014],[106.7485,-6.29959],[106.74587,-6.29979],[106.74302,-6.29563],[106.74089,-6.29524],[106.73887,-6.29356],[106.73689,-6.29326],[106.73642,-6.29408],[106.73587,-6.29375],[106.73611,-6.2932],[106.73458,-6.2931],[106.73356,-6.29058],[106.73382,-6.28989],[106.73158,-6.2882],[106.7301,-6.28579],[106.73024,-6.28414],[106.7292,-6.28307],[106.73018,-6.28153],[106.73008,-6.28019],[106.72476,-6.2725],[106.72606,-6.27266],[106.73157,-6.26987],[106.73429,-6.26943],[106.73497,-6.27689],[106.73702,-6.27668],[106.737,-6.27571],[106.74068,-6.27526],[106.74134,-6.27462],[106.74225,-6.27463],[106.74265,-6.27542],[106.74543,-6.27557],[106.75062,-6.27151],[106.75153,-6.27242],[106.75153,-6.27454],[106.75691,-6.2743],[106.75717,-6.27762],[106.75947,-6.27815],[106.7622,-6.27785],[106.76011,-6.28644],[106.76297,-6.28688],[106.7631,-6.2888],[106.76613,-6.28873],[106.76697,-6.29136],[106.76816,-6.29186],[106.76752,-6.29234],[106.76829,-6.29339],[106.76721,-6.2953],[106.76845,-6.29593],[106.77015,-6.29562],[106.76977,-6.29751],[106.77073,-6.29731],[106.77124,-6.299],[106.77321,-6.29815],[106.77377,-6.29854],[106.7737,-6.2995],[106.77148,-6.29948],[106.77315,-6.30151],[106.77088,-6.30214],[106.77154,-6.3032],[106.77348,-6.30308],[106.77304,-6.30476],[106.77451,-6.30326],[106.77558,-6.30397],[106.7748,-6.30488],[106.77549,-6.30616],[106.77391,-6.30672],[106.77498,-6.30834],[106.77329,-6.30961],[106.77533,-6.3104],[106.77445,-6.3113],[106.77469,-6.31222],[106.77555,-6.31163],[106.7766,-6.31189],[106.77668,-6.31494]]]}},{"type":"Feature","properties":{"KODE_KEC":"36.74.06","KECAMATAN":"Pamulang","KAB_KOTA":"Kota Tangerang Selatan","dist_ind":6698.74,"camp_dens":0.1764,"toll_pct":0.000114,"sma_grad":4662,"area_km2":28.3523,"Pred_Reko":2},"geometry":{"type":"Polygon","coordinates":[[[106.77292,-6.34169],[106.77361,-6.34266],[106.77254,-6.34407],[106.77438,-6.34483],[106.7744,-6.3459],[106.77323,-6.34675],[106.77386,-6.348],[106.77374,-6.35013],[106.77211,-6.35009],[106.77185,-6.35241],[106.77088,-6.35175],[106.77003,-6.35233],[106.77112,-6.35464],[106.77106,-6.35745],[106.77,-6.35824],[106.7696,-6.36056],[106.77008,-6.36097],[106.76932,-6.3615],[106.74574,-6.36095],[106.74192,-6.36018],[106.73668,-6.36006],[106.73468,-6.36065],[106.72682,-6.36019],[106.72163,-6.36048],[106.72169,-6.36217],[106.72093,-6.36219],[106.72058,-6.36017],[106.71909,-6.35956],[106.71838,-6.3559],[106.71893,-6.35531],[106.71824,-6.35429],[106.71651,-6.35441],[106.71541,-6.35287],[106.71542,-6.35163],[106.71377,-6.35126],[106.71164,-6.34904],[106.71005,-6.34232],[106.70834,-6.34253],[106.7064,-6.34162],[106.70627,-6.34094],[106.70474,-6.34107],[106.70479,-6.33951],[106.70327,-6.34035],[106.70317,-6.33782],[106.70181,-6.33674],[106.70182,-6.33389],[106.70091,-6.33328],[106.70003,-6.33399],[106.69939,-6.33329],[106.70088,-6.33176],[106.70077,-6.33077],[106.69988,-6.33029],[106.70007,-6.32934],[106.70162,-6.32927],[106.70097,-6.32805],[106.70127,-6.32703],[106.70347,-6.32688],[106.70384,-6.32485],[106.70499,-6.32458],[106.7056,-6.32322],[106.71072,-6.3237],[106.7111,-6.32489],[106.71436,-6.3244],[106.71944,-6.32535],[106.7219,-6.32464],[106.72282,-6.32552],[106.72671,-6.32461],[106.73029,-6.32538],[106.73041,-6.32219],[106.73173,-6.32046],[106.73146,-6.31917],[106.73631,-6.3182],[106.73643,-6.31731],[106.73201,-6.31105],[106.73222,-6.30556],[106.73443,-6.305],[106.73901,-6.30547],[106.7451,-6.30482],[106.74501,-6.31095],[106.74428,-6.311],[106.7427,-6.31664],[106.74345,-6.31739],[106.74279,-6.31998],[106.74282,-6.32427],[106.74059,-6.32514],[106.74039,-6.32759],[106.7413,-6.32795],[106.74181,-6.33006],[106.74308,-6.33122],[106.74297,-6.33263],[106.74575,-6.33369],[106.74676,-6.33493],[106.74675,-6.33633],[106.74759,-6.33738],[106.74649,-6.3388],[106.74685,-6.34133],[106.74872,-6.34058],[106.75,-6.3418],[106.75715,-6.342],[106.75791,-6.34003],[106.75751,-6.33382],[106.75838,-6.33332],[106.75789,-6.33258],[106.75807,-6.33045],[106.75901,-6.32835],[106.75651,-6.32723],[106.75635,-6.32626],[106.75796,-6.32561],[106.76495,-6.32533],[106.77045,-6.32642],[106.77177,-6.32579],[106.77885,-6.32605],[106.77868,-6.32716],[106.77755,-6.32657],[106.77677,-6.32711],[106.77759,-6.32738],[106.77769,-6.32896],[106.77612,-6.33115],[106.77664,-6.3325],[106.77528,-6.33316],[106.77594,-6.33403],[106.77576,-6.33556],[106.77642,-6.33591],[106.77442,-6.33613],[106.77478,-6.33786],[106.7724,-6.33821],[106.77366,-6.33887],[106.77302,-6.33937],[106.77292,-6.34169]]]}},{"type":"Feature","properties":{"KODE_KEC":"31.73.03","KECAMATAN":"Taman Sari","KAB_KOTA":"Kota Administrasi Jakarta Barat","dist_ind":11923.24,"camp_dens":0.0,"toll_pct":0.0,"sma_grad":2381,"area_km2":4.497,"Pred_Reko":1},"geometry":{"type":"Polygon","coordinates":[[[106.82062,-6.15953],[106.81596,-6.16027],[106.8149,-6.16042],[106.81301,-6.16066],[106.81287,-6.16067],[106.81283,-6.16068],[106.81283,-6.16068],[106.81282,-6.16068],[106.81282,-6.16068],[106.81095,-6.15707],[106.81211,-6.14989],[106.81066,-6.14524],[106.81052,-6.14266],[106.8123,-6.14091],[106.81136,-6.13993],[106.81212,-6.13709],[106.81048,-6.13084],[106.81324,-6.13011],[106.81505,-6.13024],[106.81678,-6.13712],[106.82006,-6.13632],[106.8216,-6.13719],[106.8228,-6.14078],[106.82675,-6.14839],[106.8275,-6.15982],[106.82834,-6.16229],[106.82062,-6.15953]]]}},{"type":"Feature","properties":{"KODE_KEC":"31.73.04","KECAMATAN":"Tambora","KAB_KOTA":"Kota Administrasi Jakarta Barat","dist_ind":13426.9,"camp_dens":0.0,"toll_pct":0.0,"sma_grad":4231,"area_km2":5.415,"Pred_Reko":2},"geometry":{"type":"Polygon","coordinates":[[[106.80157,-6.15904],[106.80042,-6.16038],[106.79818,-6.1614],[106.79449,-6.15239],[106.78924,-6.14248],[106.79216,-6.14278],[106.80056,-6.14186],[106.80022,-6.13584],[106.80117,-6.13366],[106.81048,-6.13084],[106.81212,-6.13709],[106.81136,-6.13993],[106.8123,-6.14091],[106.81052,-6.14266],[106.81066,-6.14524],[106.81211,-6.14989],[106.81095,-6.15707],[106.81282,-6.16068],[106.80413,-6.16178],[106.80164,-6.16014],[106.80157,-6.15904]]]}},{"type":"Feature","properties":{"KODE_KEC":"31.73.01","KECAMATAN":"Cengkareng","KAB_KOTA":"Kota Administrasi Jakarta Barat","dist_ind":20226.91,"camp_dens":0.1944,"toll_pct":0.000467,"sma_grad":4345,"area_km2":25.7191,"Pred_Reko":2},"geometry":{"type":"Polygon","coordinates":[[[106.77504,-6.14521],[106.76666,-6.15993],[106.76108,-6.1582],[106.75942,-6.15919],[106.75319,-6.15791],[106.74771,-6.15827],[106.74757,-6.16023],[106.74877,-6.16566],[106.74667,-6.16501],[106.74665,-6.16595],[106.74576,-6.16566],[106.74563,-6.16634],[106.74446,-6.16671],[106.74396,-6.16592],[106.74369,-6.16652],[106.7421,-6.1669],[106.74161,-6.16806],[106.74056,-6.16749],[106.74027,-6.16861],[106.7394,-6.16792],[106.73878,-6.16978],[106.73798,-6.16867],[106.73823,-6.17061],[106.73764,-6.16991],[106.73631,-6.17034],[106.73568,-6.16991],[106.73559,-6.17104],[106.73429,-6.17174],[106.7335,-6.17148],[106.73192,-6.17291],[106.73146,-6.17387],[106.73191,-6.17438],[106.73076,-6.17504],[106.731,-6.17598],[106.7293,-6.17506],[106.72959,-6.17582],[106.7278,-6.17659],[106.72751,-6.17765],[106.72677,-6.17736],[106.727,-6.17877],[106.72577,-6.17864],[106.72526,-6.17983],[106.72573,-6.18035],[106.72445,-6.18108],[106.72493,-6.18208],[106.72408,-6.18259],[106.72434,-6.18365],[106.72329,-6.18365],[106.7231,-6.18467],[106.72152,-6.18478],[106.71363,-6.18131],[106.70059,-6.17684],[106.70327,-6.17476],[106.70513,-6.17483],[106.70649,-6.17393],[106.70865,-6.17464],[106.71059,-6.17413],[106.71164,-6.17187],[106.71266,-6.17119],[106.71367,-6.16796],[106.71656,-6.1658],[106.71645,-6.16073],[106.71538,-6.16064],[106.71548,-6.15808],[106.7161,-6.15808],[106.71575,-6.15517],[106.71901,-6.15343],[106.71791,-6.14543],[106.71832,-6.14356],[106.71746,-6.14338],[106.71668,-6.13847],[106.71663,-6.13359],[106.71786,-6.13242],[106.71675,-6.13117],[106.71968,-6.12882],[106.71926,-6.12825],[106.72058,-6.12667],[106.72125,-6.12697],[106.72328,-6.12595],[106.72443,-6.12635],[106.7286,-6.12326],[106.72984,-6.12271],[106.73059,-6.12334],[106.73161,-6.12143],[106.7387,-6.1269],[106.74453,-6.12979],[106.75069,-6.1343],[106.7682,-6.14065],[106.77566,-6.14164],[106.77504,-6.14521]]]}},{"type":"Feature","properties":{"KODE_KEC":"31.73.02","KECAMATAN":"Grogol Petamburan","KAB_KOTA":"Kota Administrasi Jakarta Barat","dist_ind":14579.41,"camp_dens":0.7385,"toll_pct":0.001216,"sma_grad":4384,"area_km2":10.8326,"Pred_Reko":2},"geometry":{"type":"Polygon","coordinates":[[[106.79572,-6.17962],[106.79204,-6.18373],[106.78932,-6.18484],[106.78266,-6.1854],[106.78208,-6.18448],[106.77981,-6.18011],[106.77952,-6.16655],[106.78031,-6.16603],[106.78015,-6.1649],[106.76985,-6.16121],[106.76877,-6.1588],[106.76766,-6.1579],[106.77503,-6.14523],[106.77753,-6.14401],[106.78806,-6.14311],[106.78924,-6.14248],[106.79449,-6.15239],[106.79975,-6.16496],[106.80552,-6.17346],[106.79572,-6.17962]]]}},{"type":"Feature","properties":{"KODE_KEC":"32.02.05","KECAMATAN":"Cisolok","KAB_KOTA":"Sukabumi","dist_ind":59152.46,"camp_dens":0.0,"toll_pct":0.0,"sma_grad":798,"area_km2":173.5795,"Pred_Reko":0},"geometry":{"type":"MultiPolygon","coordinates":[[[[106.45692,-6.95707],[106.45686,-6.95725],[106.45666,-6.95723],[106.45692,-6.95707]]],[[[106.42934,-6.95837],[106.42203,-6.96015],[106.41629,-6.96348],[106.41627,-6.96479],[106.41441,-6.96803],[106.41599,-6.97172],[106.4149,-6.97358],[106.41544,-6.97487],[106.41349,-6.97595],[106.40572,-6.97722],[106.39975,-6.9772],[106.3971,-6.97893],[106.3976,-6.97792],[106.39728,-6.97684],[106.39712,-6.97846],[106.39666,-6.97466],[106.39376,-6.97391],[106.39359,-6.9683],[106.39438,-6.9645],[106.3958,-6.96355],[106.39239,-6.95995],[106.39326,-6.95902],[106.39546,-6.95975],[106.39479,-6.95635],[106.39575,-6.95406],[106.39498,-6.95238],[106.39525,-6.95108],[106.39383,-6.94916],[106.39353,-6.94766],[106.39164,-6.94612],[106.39133,-6.94412],[106.38966,-6.94217],[106.39151,-6.93894],[106.39071,-6.93372],[106.39145,-6.93192],[106.39394,-6.93195],[106.39582,-6.92929],[106.39792,-6.92902],[106.39923,-6.92657],[106.39861,-6.9244],[106.4003,-6.92405],[106.39967,-6.92207],[106.40004,-6.91994],[106.39797,-6.9184],[106.39849,-6.91369],[106.39717,-6.91115],[106.39725,-6.90882],[106.3955,-6.90794],[106.39218,-6.90464],[106.3934,-6.90258],[106.3929,-6.90064],[106.39736,-6.89801],[106.40001,-6.89786],[106.40179,-6.89639],[106.40331,-6.89382],[106.40383,-6.89103],[106.40602,-6.88874],[106.40602,-6.88655],[106.40977,-6.88423],[106.41256,-6.88454],[106.41374,-6.88234],[106.41942,-6.88037],[106.41987,-6.87709],[106.4192,-6.8742],[106.42149,-6.87244],[106.42213,-6.87061],[106.42421,-6.87032],[106.42536,-6.86881],[106.42565,-6.86792],[106.42462,-6.86626],[106.42484,-6.86552],[106.42848,-6.86496],[106.43108,-6.8621],[106.43093,-6.85952],[106.43218,-6.85766],[106.42982,-6.85554],[106.43202,-6.8493],[106.43122,-6.84601],[106.43223,-6.84534],[106.43233,-6.84327],[106.43528,-6.83892],[106.4347,-6.83646],[106.43496,-6.83197],[106.4377,-6.82787],[106.43557,-6.8251],[106.4356,-6.82421],[106.43703,-6.82263],[106.43609,-6.81978],[106.43819,-6.81849],[106.43916,-6.81923],[106.44042,-6.81888],[106.44017,-6.8175],[106.44165,-6.81579],[106.44317,-6.81776],[106.44738,-6.81839],[106.44902,-6.81647],[106.45209,-6.8147],[106.45312,-6.81291],[106.45235,-6.80938],[106.45402,-6.80899],[106.45572,-6.806],[106.45572,-6.80485],[106.45724,-6.80373],[106.46197,-6.80173],[106.46395,-6.80291],[106.46511,-6.80146],[106.46722,-6.8017],[106.46804,-6.80003],[106.47042,-6.80064],[106.47127,-6.79834],[106.47304,-6.79965],[106.47361,-6.79911],[106.47321,-6.79739],[106.4742,-6.79748],[106.47627,-6.79633],[106.47746,-6.79681],[106.47925,-6.79511],[106.48172,-6.79458],[106.48261,-6.79577],[106.48584,-6.79455],[106.48684,-6.79614],[106.48884,-6.79509],[106.48921,-6.79373],[106.48864,-6.79241],[106.49139,-6.79144],[106.49231,-6.79206],[106.49393,-6.79115],[106.4944,-6.79185],[106.49523,-6.79112],[106.49643,-6.79163],[106.49765,-6.79117],[106.50004,-6.78916],[106.50028,-6.78789],[106.50578,-6.78387],[106.50746,-6.7812],[106.50949,-6.78088],[106.51599,-6.77708],[106.51789,-6.77434],[106.5216,-6.77096],[106.52617,-6.76784],[106.52775,-6.7731],[106.53265,-6.78305],[106.53629,-6.79498],[106.53673,-6.80066],[106.54122,-6.8045],[106.5433,-6.80745],[106.54511,-6.81161],[106.54665,-6.81753],[106.54899,-6.82117],[106.55527,-6.82709],[106.52674,-6.82194],[106.51739,-6.82195],[106.5,-6.82574],[106.49847,-6.82716],[106.49684,-6.83412],[106.48831,-6.83559],[106.48714,-6.8378],[106.48635,-6.84271],[106.48865,-6.84739],[106.49366,-6.85156],[106.49361,-6.85339],[106.49665,-6.85618],[106.49603,-6.85914],[106.49516,-6.85985],[106.49411,-6.86538],[106.49584,-6.86554],[106.49734,-6.86693],[106.49941,-6.87889],[106.49876,-6.89064],[106.49712,-6.89931],[106.49731,-6.90392],[106.4947,-6.90494],[106.49468,-6.90607],[106.49391,-6.90654],[106.4924,-6.90585],[106.48986,-6.90646],[106.48934,-6.90865],[106.4898,-6.91218],[106.48771,-6.91171],[106.48578,-6.91321],[106.48651,-6.91563],[106.48338,-6.91803],[106.4827,-6.9216],[106.4813,-6.92396],[106.48267,-6.92815],[106.48376,-6.92896],[106.48333,-6.93119],[106.47947,-6.93271],[106.48057,-6.93528],[106.4797,-6.93579],[106.48038,-6.93695],[106.47931,-6.93945],[106.48009,-6.94043],[106.48218,-6.94066],[106.4828,-6.94179],[106.48279,-6.947],[106.48169,-6.9497],[106.4822,-6.95573],[106.4818,-6.95854],[106.48268,-6.96105],[106.48346,-6.96127],[106.48057,-6.96169],[106.47731,-6.96318],[106.47492,-6.96216],[106.47473,-6.96152],[106.47441,-6.96199],[106.47285,-6.96171],[106.46908,-6.95901],[106.46032,-6.95487],[106.45904,-6.95488],[106.45653,-6.95709],[106.45675,-6.95599],[106.44558,-6.95308],[106.44545,-6.95231],[106.44531,-6.95305],[106.44474,-6.95208],[106.44446,-6.95296],[106.4423,-6.95305],[106.44188,-6.95468],[106.43919,-6.95408],[106.43778,-6.95533],[106.43608,-6.95554],[106.43489,-6.95673],[106.4353,-6.95834],[106.42934,-6.95837]]]]}},{"type":"Feature","properties":{"KODE_KEC":"32.02.03","KECAMATAN":"Cikakak","KAB_KOTA":"Sukabumi","dist_ind":55109.89,"camp_dens":0.0,"toll_pct":0.0,"sma_grad":1719,"area_km2":113.591,"Pred_Reko":0},"geometry":{"type":"Polygon","coordinates":[[[106.53425,-6.93475],[106.53056,-6.9379],[106.52784,-6.94224],[106.52716,-6.94708],[106.52203,-6.95022],[106.51857,-6.95724],[106.51727,-6.95787],[106.5168,-6.95936],[106.51565,-6.9598],[106.5147,-6.96355],[106.51308,-6.96596],[106.50505,-6.96324],[106.50338,-6.96375],[106.50322,-6.96295],[106.50299,-6.96345],[106.49964,-6.96271],[106.49683,-6.96373],[106.48831,-6.96127],[106.48896,-6.9612],[106.48808,-6.96076],[106.48817,-6.96125],[106.4839,-6.9615],[106.48193,-6.959],[106.48169,-6.9497],[106.48273,-6.94739],[106.48306,-6.94447],[106.48229,-6.94075],[106.48009,-6.94043],[106.47931,-6.93945],[106.48038,-6.93695],[106.4797,-6.93579],[106.48057,-6.93528],[106.47947,-6.93271],[106.48333,-6.93119],[106.48378,-6.92902],[106.48267,-6.92815],[106.4813,-6.92396],[106.4827,-6.9216],[106.48338,-6.91803],[106.48651,-6.91563],[106.48578,-6.91321],[106.48771,-6.91171],[106.4898,-6.91218],[106.48934,-6.90865],[106.48995,-6.90633],[106.4924,-6.90585],[106.49391,-6.90654],[106.49468,-6.90607],[106.4947,-6.90494],[106.49731,-6.90392],[106.49712,-6.89931],[106.49876,-6.89064],[106.49941,-6.87889],[106.49734,-6.86693],[106.49584,-6.86554],[106.49411,-6.86538],[106.49516,-6.85985],[106.49603,-6.85914],[106.49665,-6.85618],[106.49361,-6.85339],[106.49366,-6.85156],[106.48794,-6.84641],[106.48635,-6.84271],[106.48652,-6.84036],[106.48734,-6.83721],[106.48873,-6.83531],[106.49556,-6.83472],[106.49684,-6.83412],[106.49869,-6.82666],[106.50222,-6.82506],[106.51739,-6.82195],[106.52598,-6.82184],[106.55527,-6.82709],[106.5551,-6.83478],[106.55411,-6.83918],[106.55282,-6.8412],[106.55234,-6.84803],[106.55313,-6.85214],[106.55862,-6.85798],[106.56116,-6.86212],[106.56161,-6.86465],[106.56033,-6.86735],[106.55976,-6.8713],[106.56083,-6.87793],[106.56332,-6.88174],[106.56447,-6.88504],[106.56808,-6.88697],[106.56832,-6.8894],[106.57073,-6.89606],[106.57241,-6.89738],[106.57246,-6.8998],[106.57552,-6.90447],[106.58021,-6.90902],[106.58345,-6.90965],[106.58861,-6.92192],[106.5921,-6.9276],[106.59286,-6.93948],[106.58295,-6.93258],[106.57444,-6.93082],[106.56027,-6.93169],[106.55847,-6.92996],[106.55399,-6.93006],[106.55465,-6.92747],[106.55282,-6.92767],[106.55303,-6.92588],[106.54956,-6.9239],[106.54567,-6.92458],[106.54514,-6.92663],[106.54102,-6.92901],[106.5397,-6.93257],[106.53425,-6.93475]]]}},{"type":"Feature","properties":{"KODE_KEC":"32.02.06","KECAMATAN":"Cikidang","KAB_KOTA":"Sukabumi","dist_ind":47751.51,"camp_dens":0.0,"toll_pct":0.0,"sma_grad":930,"area_km2":155.5906,"Pred_Reko":0},"geometry":{"type":"Polygon","coordinates":[[[106.60662,-6.94185],[106.60087,-6.94433],[106.59598,-6.94485],[106.59485,-6.94357],[106.59524,-6.94189],[106.59423,-6.94205],[106.59271,-6.94122],[106.5921,-6.9276],[106.58861,-6.92192],[106.58345,-6.90965],[106.58021,-6.90902],[106.57552,-6.90447],[106.57246,-6.8998],[106.57241,-6.89738],[106.57073,-6.89606],[106.56832,-6.8894],[106.56808,-6.88697],[106.56447,-6.88504],[106.56332,-6.88174],[106.56083,-6.87793],[106.55976,-6.8713],[106.56033,-6.86735],[106.56161,-6.86465],[106.56116,-6.86212],[106.55862,-6.85798],[106.55313,-6.85214],[106.55234,-6.84803],[106.55282,-6.8412],[106.55411,-6.83918],[106.5551,-6.83478],[106.55527,-6.82709],[106.5606,-6.83076],[106.56488,-6.8352],[106.57434,-6.84276],[106.57479,-6.8441],[106.57952,-6.84705],[106.58296,-6.84715],[106.58479,-6.84984],[106.5866,-6.84949],[106.59151,-6.85172],[106.59371,-6.85163],[106.59435,-6.85065],[106.59939,-6.84871],[106.6013,-6.84912],[106.60313,-6.84685],[106.60561,-6.84805],[106.60728,-6.84692],[106.6078,-6.84749],[106.60981,-6.84618],[106.6098,-6.84539],[106.61197,-6.8448],[106.61351,-6.84337],[106.61669,-6.84472],[106.61767,-6.84429],[106.61791,-6.84328],[106.61881,-6.84354],[106.61902,-6.84431],[106.61974,-6.84385],[106.62031,-6.84423],[106.6221,-6.84268],[106.62421,-6.84288],[106.62569,-6.84131],[106.62888,-6.8406],[106.63239,-6.84184],[106.63158,-6.84314],[106.63229,-6.8444],[106.63486,-6.84371],[106.6348,-6.8468],[106.63597,-6.84679],[106.63637,-6.84588],[106.63927,-6.8472],[106.63882,-6.85053],[106.64068,-6.85203],[106.64158,-6.85522],[106.64363,-6.8526],[106.64531,-6.85251],[106.64566,-6.85113],[106.64803,-6.84906],[106.64789,-6.84809],[106.64922,-6.84757],[106.65142,-6.84386],[106.65266,-6.84325],[106.65235,-6.84221],[106.65315,-6.84206],[106.65562,-6.83859],[106.65716,-6.83819],[106.65919,-6.84001],[106.66324,-6.84209],[106.66426,-6.84141],[106.66547,-6.8416],[106.66679,-6.84357],[106.66866,-6.84416],[106.6705,-6.84585],[106.67049,-6.84682],[106.67216,-6.84793],[106.67184,-6.84891],[106.67235,-6.84938],[106.67506,-6.84951],[106.67947,-6.85115],[106.67783,-6.85347],[106.67894,-6.85389],[106.67878,-6.85513],[106.67949,-6.8557],[106.6796,-6.85706],[106.68186,-6.85901],[106.68477,-6.86342],[106.68607,-6.86228],[106.68628,-6.86103],[106.68756,-6.86078],[106.68865,-6.85969],[106.69144,-6.86111],[106.69233,-6.85992],[106.69531,-6.86081],[106.69695,-6.85905],[106.69745,-6.85963],[106.69998,-6.85926],[106.70083,-6.85999],[106.70373,-6.8587],[106.70611,-6.85898],[106.7049,-6.86192],[106.70459,-6.86414],[106.70518,-6.86639],[106.704,-6.87182],[106.70702,-6.87631],[106.70806,-6.87496],[106.70977,-6.87546],[106.71113,-6.87496],[106.71329,-6.87689],[106.71604,-6.88408],[106.71771,-6.89139],[106.71769,-6.89312],[106.71625,-6.89564],[106.71585,-6.89789],[106.71541,-6.91903],[106.71179,-6.92116],[106.71116,-6.92288],[106.71169,-6.92493],[106.71137,-6.92644],[106.71219,-6.92769],[106.71116,-6.93135],[106.71158,-6.93326],[106.70932,-6.93377],[106.70812,-6.93525],[106.70792,-6.93303],[106.70629,-6.9317],[106.70557,-6.93192],[106.70519,-6.93117],[106.70502,-6.93237],[106.70435,-6.93272],[106.70457,-6.93042],[106.70356,-6.93047],[106.70177,-6.92804],[106.6974,-6.92605],[106.69466,-6.92605],[106.69298,-6.92898],[106.6935,-6.93279],[106.69277,-6.93551],[106.69055,-6.93768],[106.69166,-6.93909],[106.69018,-6.94208],[106.69101,-6.94396],[106.6882,-6.94534],[106.6879,-6.94685],[106.6872,-6.94619],[106.67894,-6.94437],[106.67891,-6.94377],[106.67819,-6.94397],[106.67734,-6.94324],[106.67709,-6.94227],[106.6755,-6.94235],[106.67473,-6.94074],[106.65836,-6.93718],[106.65243,-6.93354],[106.649,-6.93354],[106.64633,-6.93263],[106.64534,-6.93296],[106.64401,-6.93098],[106.6423,-6.93067],[106.64187,-6.92964],[106.64059,-6.9289],[106.63898,-6.92895],[106.63381,-6.92719],[106.63238,-6.92781],[106.63149,-6.93304],[106.63259,-6.93364],[106.63177,-6.93436],[106.63143,-6.936],[106.63199,-6.93782],[106.63372,-6.93975],[106.63371,-6.94096],[106.6335,-6.94211],[106.63187,-6.94317],[106.63186,-6.94499],[106.63114,-6.9456],[106.62747,-6.94679],[106.62383,-6.94714],[106.62074,-6.94372],[106.61767,-6.94371],[106.61411,-6.94219],[106.61144,-6.94344],[106.61017,-6.94163],[106.60662,-6.94185]]]}},{"type":"Feature","properties":{"KODE_KEC":"31.01.02","KECAMATAN":"Kepulauan Seribu Selatan","KAB_KOTA":"Administrasi Kepulauan Seribu","dist_ind":32264.66,"camp_dens":0.0,"toll_pct":0.0,"sma_grad":2103,"area_km2":4.0173,"Pred_Reko":0},"geometry":{"type":"MultiPolygon","coordinates":[[[[106.52209,-5.95963],[106.51958,-5.96009],[106.51938,-5.95693],[106.51998,-5.95628],[106.51987,-5.95497],[106.52139,-5.95423],[106.52264,-5.95491],[106.52274,-5.95873],[106.52209,-5.95963]]],[[[106.59727,-5.93717],[106.59745,-5.93807],[106.59633,-5.93828],[106.59737,-5.9394],[106.59831,-5.93873],[106.59732,-5.9399],[106.59617,-5.93831],[106.59531,-5.93873],[106.59647,-5.94002],[106.59679,-5.93939],[106.59676,-5.9403],[106.59527,-5.94073],[106.5944,-5.93891],[106.59325,-5.93888],[106.59164,-5.93551],[106.59063,-5.93589],[106.59225,-5.93466],[106.59727,-5.93717]]],[[[106.58624,-5.92792],[106.58816,-5.93215],[106.58966,-5.93251],[106.58775,-5.93403],[106.58819,-5.93483],[106.58775,-5.93505],[106.58675,-5.93174],[106.58556,-5.93002],[106.58474,-5.92934],[106.58349,-5.92967],[106.58389,-5.92917],[106.58281,-5.92831],[106.58315,-5.92947],[106.58232,-5.92871],[106.58285,-5.92786],[106.5819,-5.92613],[106.58392,-5.92544],[106.58624,-5.92792]]],[[[106.59923,-5.8625],[106.59895,-5.86618],[106.59832,-5.86625],[106.59783,-5.86367],[106.59923,-5.8625]]],[[[106.58392,-5.86268],[106.58244,-5.86267],[106.58178,-5.86221],[106.58368,-5.86225],[106.58392,-5.86268]]],[[[106.6061,-5.85596],[106.60573,-5.85634],[106.60881,-5.85605],[106.6086,-5.85868],[106.60575,-5.85899],[106.60509,-5.85979],[106.60134,-5.86087],[106.60131,-5.85875],[106.60178,-5.86018],[106.603,-5.85986],[106.60228,-5.85937],[106.60256,-5.85841],[106.60551,-5.85646],[106.60514,-5.85594],[106.60483,-5.85377],[106.60557,-5.85355],[106.60529,-5.85579],[106.6061,-5.85596]]],[[[106.59998,-5.85546],[106.60144,-5.85635],[106.60191,-5.85773],[106.60119,-5.85782],[106.59966,-5.85657],[106.59998,-5.85546]]],[[[106.61391,-5.85433],[106.61451,-5.85396],[106.6147,-5.85516],[106.61432,-5.855],[106.61391,-5.85433]]],[[[106.62085,-5.85245],[106.61967,-5.85473],[106.61947,-5.8537],[106.62085,-5.85245]]],[[[106.54834,-5.81999],[106.55801,-5.82063],[106.55777,-5.82223],[106.55592,-5.82354],[106.55599,-5.82443],[106.55505,-5.82478],[106.55578,-5.8236],[106.55468,-5.82344],[106.55463,-5.82472],[106.55404,-5.82414],[106.55441,-5.82318],[106.54834,-5.81999]]],[[[106.54891,-5.81421],[106.54948,-5.81412],[106.55027,-5.81418],[106.55002,-5.81438],[106.54891,-5.81421]]],[[[106.52386,-5.8026],[106.53009,-5.80414],[106.52194,-5.80403],[106.52237,-5.8043],[106.52227,-5.80533],[106.52191,-5.80572],[106.52225,-5.80441],[106.52149,-5.80433],[106.5216,-5.80563],[106.52125,-5.8052],[106.52139,-5.80418],[106.52189,-5.80402],[106.51716,-5.80329],[106.51614,-5.8025],[106.52386,-5.8026]]],[[[106.53601,-5.80343],[106.53576,-5.80445],[106.53595,-5.8034],[106.53601,-5.80343]]],[[[106.49932,-5.80032],[106.49891,-5.7997],[106.50069,-5.80078],[106.49932,-5.80032]]],[[[106.4826,-5.79336],[106.49199,-5.79624],[106.49617,-5.79537],[106.49845,-5.79656],[106.49892,-5.79583],[106.50039,-5.79578],[106.49868,-5.7965],[106.4994,-5.79702],[106.50054,-5.79617],[106.49958,-5.797],[106.50032,-5.79772],[106.50062,-5.79669],[106.5012,-5.79607],[106.50068,-5.79835],[106.50681,-5.80151],[106.51085,-5.80211],[106.5116,-5.80303],[106.50257,-5.80029],[106.50173,-5.80022],[106.50138,-5.80087],[106.5011,-5.79994],[106.49884,-5.79915],[106.4976,-5.79914],[106.49746,-5.7997],[106.49844,-5.79986],[106.49794,-5.79996],[106.49735,-5.79971],[106.49749,-5.799],[106.49687,-5.79866],[106.48953,-5.79645],[106.48399,-5.79586],[106.47844,-5.79338],[106.4826,-5.79336]]],[[[106.73562,-6.03832],[106.73627,-6.03988],[106.73542,-6.04018],[106.73562,-6.03832]]],[[[106.74601,-6.03427],[106.74763,-6.03418],[106.74796,-6.03515],[106.7479,-6.03685],[106.74639,-6.0373],[106.74558,-6.03516],[106.74601,-6.03427]]],[[[106.73652,-6.03294],[106.73602,-6.03467],[106.73526,-6.0349],[106.73336,-6.03358],[106.73349,-6.0326],[106.73442,-6.03205],[106.73652,-6.03294]]],[[[106.74484,-6.02654],[106.74525,-6.02558],[106.74512,-6.02498],[106.74549,-6.02609],[106.74484,-6.02654]]],[[[106.83159,-6.00648],[106.83204,-6.00641],[106.83175,-6.00678],[106.83159,-6.00648]]],[[[106.78222,-6.003],[106.78275,-6.00417],[106.78148,-6.00567],[106.77952,-6.00304],[106.78222,-6.003]]],[[[106.84684,-5.9854],[106.84689,-5.9841],[106.84776,-5.98411],[106.84684,-5.9854]]],[[[106.70422,-5.975],[106.71028,-5.97612],[106.71138,-5.9784],[106.71098,-5.97935],[106.71132,-5.97842],[106.71072,-5.97811],[106.71059,-5.97924],[106.70837,-5.98031],[106.70591,-5.97942],[106.70248,-5.97682],[106.7032,-5.97535],[106.70422,-5.975]]],[[[106.68972,-5.97075],[106.69342,-5.97185],[106.69419,-5.97134],[106.69543,-5.97284],[106.69486,-5.97415],[106.69531,-5.97714],[106.69492,-5.97842],[106.69169,-5.97755],[106.68924,-5.97506],[106.68908,-5.97189],[106.68972,-5.97075]]],[[[106.84611,-5.96012],[106.84512,-5.96022],[106.84152,-5.95709],[106.84134,-5.95635],[106.84262,-5.95491],[106.84403,-5.95468],[106.84713,-5.95649],[106.84611,-5.96012]]],[[[106.63376,-5.94339],[106.63222,-5.94564],[106.62789,-5.94356],[106.62853,-5.94277],[106.63118,-5.94236],[106.63376,-5.94339]]],[[[106.63133,-5.85443],[106.62762,-5.85507],[106.62069,-5.85771],[106.61995,-5.85941],[106.61959,-5.85861],[106.61845,-5.85916],[106.61929,-5.85945],[106.61991,-5.86088],[106.6191,-5.8596],[106.61797,-5.85935],[106.61268,-5.86285],[106.60936,-5.86389],[106.61327,-5.86097],[106.61493,-5.85672],[106.61622,-5.85687],[106.62163,-5.85532],[106.62189,-5.85471],[106.63133,-5.85443]]],[[[106.62258,-5.85429],[106.62284,-5.85404],[106.62259,-5.85443],[106.62258,-5.85429]]],[[[106.62157,-5.85323],[106.62209,-5.85263],[106.62193,-5.85332],[106.62157,-5.85323]]]]}},{"type":"Feature","properties":{"KODE_KEC":"32.02.15","KECAMATAN":"Parakansalak","KAB_KOTA":"Sukabumi","dist_ind":34580.72,"camp_dens":0.0,"toll_pct":0.0,"sma_grad":2341,"area_km2":38.0826,"Pred_Reko":0},"geometry":{"type":"Polygon","coordinates":[[[106.73984,-6.81429],[106.73758,-6.81609],[106.73823,-6.81685],[106.73986,-6.81665],[106.7392,-6.82186],[106.73971,-6.82272],[106.73776,-6.82531],[106.73676,-6.82812],[106.7348,-6.82646],[106.73437,-6.82729],[106.73293,-6.8271],[106.73093,-6.82935],[106.72937,-6.8291],[106.72863,-6.82767],[106.72721,-6.82693],[106.72641,-6.82723],[106.72629,-6.82643],[106.72483,-6.82725],[106.72221,-6.82679],[106.72152,-6.82733],[106.72262,-6.82827],[106.72145,-6.8305],[106.72031,-6.83037],[106.71394,-6.8283],[106.71248,-6.82645],[106.70817,-6.8265],[106.70517,-6.82445],[106.70117,-6.82347],[106.70014,-6.8229],[106.69985,-6.82064],[106.69682,-6.82108],[106.69631,-6.82202],[106.6959,-6.82147],[106.69602,-6.82071],[106.69666,-6.82058],[106.69653,-6.81957],[106.69501,-6.81715],[106.69401,-6.81742],[106.69252,-6.81453],[106.68957,-6.81277],[106.68733,-6.80945],[106.68723,-6.80796],[106.68615,-6.8062],[106.68519,-6.8057],[106.67846,-6.7958],[106.67628,-6.79406],[106.67601,-6.79051],[106.67721,-6.78612],[106.67695,-6.78399],[106.67966,-6.77642],[106.68215,-6.7637],[106.68154,-6.7558],[106.67863,-6.75017],[106.68256,-6.74618],[106.68297,-6.74653],[106.68836,-6.74471],[106.69381,-6.74481],[106.69735,-6.74319],[106.69827,-6.74486],[106.69945,-6.74543],[106.70315,-6.75206],[106.7028,-6.75344],[106.70125,-6.75456],[106.70088,-6.75633],[106.70249,-6.76405],[106.71024,-6.77245],[106.7242,-6.77818],[106.72549,-6.77961],[106.72545,-6.78082],[106.72706,-6.78182],[106.72698,-6.78309],[106.72816,-6.78364],[106.72888,-6.78549],[106.72914,-6.78943],[106.72986,-6.79031],[106.72947,-6.79282],[106.73135,-6.79466],[106.73138,-6.79662],[106.73208,-6.79735],[106.73191,-6.79846],[106.73077,-6.79924],[106.73137,-6.8009],[106.72902,-6.80274],[106.72797,-6.80613],[106.73076,-6.80718],[106.7332,-6.80954],[106.73345,-6.81111],[106.7348,-6.81317],[106.73778,-6.81417],[106.73864,-6.81512],[106.73978,-6.81385],[106.73984,-6.81429]]]}},{"type":"Feature","properties":{"KODE_KEC":"32.02.16","KECAMATAN":"Cicurug","KAB_KOTA":"Sukabumi","dist_ind":28732.36,"camp_dens":0.0,"toll_pct":0.0,"sma_grad":2358,"area_km2":46.5552,"Pred_Reko":0},"geometry":{"type":"Polygon","coordinates":[[[106.77078,-6.80268],[106.76824,-6.80335],[106.76678,-6.80192],[106.76665,-6.79963],[106.76736,-6.79861],[106.76675,-6.79749],[106.76746,-6.79739],[106.76569,-6.79445],[106.76685,-6.79267],[106.76714,-6.79156],[106.76661,-6.79088],[106.76717,-6.79012],[106.76503,-6.78744],[106.76546,-6.78527],[106.76408,-6.78394],[106.76371,-6.78262],[106.76349,-6.78105],[106.76369,-6.78054],[106.76431,-6.78089],[106.76324,-6.77894],[106.76324,-6.77559],[106.76402,-6.7751],[106.76354,-6.77338],[106.75722,-6.77311],[106.75465,-6.77221],[106.75422,-6.77152],[106.75177,-6.77137],[106.75013,-6.77044],[106.74892,-6.77064],[106.74835,-6.7717],[106.74692,-6.77167],[106.746,-6.76894],[106.74766,-6.76561],[106.74686,-6.76429],[106.74683,-6.76103],[106.74496,-6.75687],[106.74229,-6.7535],[106.74278,-6.75123],[106.7424,-6.75016],[106.7415,-6.74909],[106.73944,-6.74925],[106.73116,-6.74442],[106.73183,-6.74357],[106.73126,-6.74269],[106.73154,-6.74151],[106.73042,-6.7406],[106.73004,-6.73885],[106.73057,-6.73727],[106.73012,-6.73576],[106.73177,-6.73344],[106.72858,-6.7276],[106.7282,-6.72174],[106.72995,-6.71701],[106.73151,-6.71617],[106.73483,-6.71543],[106.73692,-6.71592],[106.74152,-6.71556],[106.74621,-6.72207],[106.75449,-6.72971],[106.7559,-6.73212],[106.7586,-6.73432],[106.76215,-6.73902],[106.76556,-6.74163],[106.76818,-6.74564],[106.77044,-6.7478],[106.77171,-6.75047],[106.77757,-6.75476],[106.7814,-6.75441],[106.78668,-6.75595],[106.78786,-6.75423],[106.79109,-6.75372],[106.79318,-6.75236],[106.79524,-6.75402],[106.79825,-6.7551],[106.79829,-6.75678],[106.80072,-6.76111],[106.80209,-6.76244],[106.80767,-6.76426],[106.81438,-6.76858],[106.82267,-6.76957],[106.82632,-6.76793],[106.83131,-6.76697],[106.83566,-6.76943],[106.8377,-6.76982],[106.83808,-6.7711],[106.84416,-6.77571],[106.84904,-6.77696],[106.85939,-6.77701],[106.86473,-6.77822],[106.87207,-6.78166],[106.84004,-6.78085],[106.83479,-6.78186],[106.8251,-6.7823],[106.82445,-6.78419],[106.81705,-6.78438],[106.81557,-6.78648],[106.81473,-6.78604],[106.81161,-6.78643],[106.81122,-6.78583],[106.80922,-6.78626],[106.80836,-6.78567],[106.80821,-6.7866],[106.8066,-6.78707],[106.80406,-6.78651],[106.80409,-6.78583],[106.80135,-6.78637],[106.80088,-6.78585],[106.7997,-6.78713],[106.79855,-6.78732],[106.79803,-6.7886],[106.79598,-6.78944],[106.79536,-6.79208],[106.79294,-6.79253],[106.79183,-6.79417],[106.79108,-6.79431],[106.79085,-6.7954],[106.78938,-6.79552],[106.78977,-6.79663],[106.78812,-6.7972],[106.78823,-6.79821],[106.78758,-6.7983],[106.78451,-6.80378],[106.78539,-6.80471],[106.78465,-6.80527],[106.78484,-6.80661],[106.78421,-6.80758],[106.7836,-6.80746],[106.78348,-6.80882],[106.78194,-6.80997],[106.78216,-6.8108],[106.78122,-6.812],[106.78039,-6.81168],[106.7801,-6.814],[106.77589,-6.81005],[106.77404,-6.80935],[106.77256,-6.8097],[106.77169,-6.80841],[106.77188,-6.80659],[106.77043,-6.8056],[106.77078,-6.80268]]]}},{"type":"Feature","properties":{"KODE_KEC":"32.02.13","KECAMATAN":"Parungkuda","KAB_KOTA":"Sukabumi","dist_ind":37513.41,"camp_dens":0.0,"toll_pct":0.0,"sma_grad":3381,"area_km2":25.869,"Pred_Reko":0},"geometry":{"type":"Polygon","coordinates":[[[106.76087,-6.86864],[106.76021,-6.86932],[106.75722,-6.86771],[106.75602,-6.86812],[106.75381,-6.86765],[106.75045,-6.86882],[106.74898,-6.86795],[106.74693,-6.86895],[106.74645,-6.86814],[106.74532,-6.86856],[106.74196,-6.86665],[106.74117,-6.86784],[106.7389,-6.8667],[106.73755,-6.86696],[106.73522,-6.86522],[106.7345,-6.86383],[106.73292,-6.86312],[106.73072,-6.86326],[106.72984,-6.86394],[106.72815,-6.86398],[106.72673,-6.86301],[106.72566,-6.86339],[106.72401,-6.86117],[106.71838,-6.85915],[106.71575,-6.85975],[106.71257,-6.85937],[106.71265,-6.85834],[106.71079,-6.85664],[106.71087,-6.85525],[106.70967,-6.85292],[106.7113,-6.85238],[106.7127,-6.851],[106.71229,-6.84967],[106.7127,-6.84889],[106.71402,-6.84859],[106.7141,-6.84984],[106.71494,-6.85028],[106.71856,-6.84984],[106.71959,-6.84879],[106.72161,-6.84928],[106.72247,-6.84724],[106.72424,-6.84782],[106.72488,-6.84528],[106.72714,-6.84719],[106.73221,-6.84492],[106.73593,-6.84501],[106.73913,-6.84709],[106.74218,-6.84557],[106.74488,-6.84637],[106.74346,-6.8439],[106.744,-6.84148],[106.74259,-6.83917],[106.74002,-6.83841],[106.73953,-6.83692],[106.73845,-6.83798],[106.73776,-6.8359],[106.73661,-6.83486],[106.73753,-6.83277],[106.73952,-6.83294],[106.74019,-6.83237],[106.74078,-6.83306],[106.74233,-6.83142],[106.74815,-6.82191],[106.74828,-6.82012],[106.75338,-6.81446],[106.75186,-6.8128],[106.74932,-6.806],[106.75025,-6.80356],[106.75134,-6.80372],[106.75328,-6.8026],[106.75495,-6.80352],[106.75514,-6.80227],[106.75707,-6.80074],[106.75702,-6.79899],[106.76068,-6.79924],[106.76675,-6.79749],[106.76736,-6.79861],[106.76665,-6.79963],[106.76684,-6.80213],[106.76824,-6.80335],[106.77078,-6.80268],[106.77043,-6.8056],[106.77188,-6.80659],[106.77169,-6.80841],[106.77256,-6.8097],[106.77404,-6.80935],[106.77589,-6.81005],[106.77986,-6.81394],[106.7793,-6.81382],[106.77927,-6.81522],[106.77607,-6.81927],[106.77201,-6.8208],[106.77288,-6.82189],[106.77043,-6.82242],[106.76932,-6.82369],[106.7685,-6.82574],[106.76893,-6.82813],[106.76766,-6.82864],[106.76638,-6.82766],[106.76525,-6.82886],[106.76576,-6.83107],[106.76511,-6.83133],[106.76445,-6.83045],[106.76351,-6.83284],[106.76397,-6.83413],[106.76252,-6.83408],[106.76248,-6.83565],[106.76147,-6.83458],[106.76067,-6.83491],[106.76189,-6.83605],[106.76084,-6.8368],[106.76255,-6.84066],[106.76208,-6.84139],[106.76286,-6.84185],[106.76232,-6.84392],[106.76294,-6.84481],[106.76243,-6.84596],[106.76287,-6.84671],[106.76206,-6.84785],[106.76385,-6.84794],[106.7651,-6.85231],[106.76982,-6.85725],[106.76968,-6.85849],[106.77062,-6.85919],[106.76914,-6.86017],[106.77108,-6.86236],[106.7704,-6.86552],[106.77236,-6.8658],[106.77362,-6.86974],[106.77257,-6.8712],[106.77131,-6.87087],[106.77084,-6.87189],[106.77151,-6.8723],[106.77123,-6.87286],[106.767,-6.87088],[106.76537,-6.87103],[106.76369,-6.86942],[106.76087,-6.86864]]]}},{"type":"Feature","properties":{"KODE_KEC":"32.02.14","KECAMATAN":"Bojonggenteng","KAB_KOTA":"Sukabumi","dist_ind":38005.29,"camp_dens":0.0,"toll_pct":0.0,"sma_grad":1762,"area_km2":17.3206,"Pred_Reko":0},"geometry":{"type":"Polygon","coordinates":[[[106.72928,-6.82899],[106.73103,-6.82932],[106.73293,-6.8271],[106.73437,-6.82729],[106.7348,-6.82646],[106.73676,-6.82812],[106.73776,-6.82531],[106.73971,-6.82272],[106.7392,-6.82186],[106.73986,-6.81665],[106.73823,-6.81685],[106.73758,-6.81609],[106.73949,-6.81497],[106.7399,-6.81388],[106.73868,-6.81513],[106.73778,-6.81417],[106.73485,-6.8132],[106.73345,-6.81111],[106.7332,-6.80954],[106.73076,-6.80718],[106.72797,-6.80613],[106.72902,-6.80274],[106.73137,-6.8009],[106.73077,-6.79924],[106.73191,-6.79846],[106.73209,-6.79746],[106.73138,-6.79662],[106.73135,-6.79466],[106.73398,-6.79849],[106.73464,-6.80119],[106.7359,-6.80208],[106.73807,-6.80661],[106.74008,-6.80713],[106.74118,-6.80526],[106.74371,-6.80577],[106.74421,-6.80643],[106.74624,-6.80546],[106.74662,-6.80647],[106.74808,-6.80712],[106.74876,-6.80863],[106.74958,-6.80858],[106.75099,-6.80992],[106.75186,-6.8128],[106.75338,-6.81446],[106.74828,-6.82012],[106.74815,-6.82191],[106.74233,-6.83142],[106.74078,-6.83306],[106.74019,-6.83237],[106.73952,-6.83294],[106.73753,-6.83277],[106.73661,-6.83486],[106.73776,-6.8359],[106.73845,-6.83798],[106.73953,-6.83692],[106.74002,-6.83841],[106.74259,-6.83917],[106.744,-6.84148],[106.74346,-6.8439],[106.74488,-6.84637],[106.74218,-6.84557],[106.73913,-6.84709],[106.73593,-6.84501],[106.73221,-6.84492],[106.72714,-6.84719],[106.72488,-6.84528],[106.72424,-6.84782],[106.72247,-6.84724],[106.72161,-6.84928],[106.71959,-6.84879],[106.71856,-6.84984],[106.71494,-6.85028],[106.7141,-6.84984],[106.71402,-6.84859],[106.7127,-6.84889],[106.71229,-6.84967],[106.7127,-6.851],[106.7113,-6.85238],[106.70967,-6.85292],[106.71087,-6.85525],[106.71079,-6.85664],[106.71265,-6.85834],[106.71257,-6.85937],[106.70934,-6.8605],[106.7065,-6.8584],[106.70611,-6.85898],[106.70373,-6.8587],[106.70083,-6.85999],[106.69987,-6.85924],[106.69745,-6.85963],[106.69683,-6.85814],[106.696,-6.85814],[106.69578,-6.85635],[106.69243,-6.85476],[106.69194,-6.85205],[106.6932,-6.8503],[106.69429,-6.84964],[106.6958,-6.84991],[106.69677,-6.84886],[106.69913,-6.84798],[106.70058,-6.84818],[106.70001,-6.84626],[106.70138,-6.84716],[106.70205,-6.84543],[106.69915,-6.84489],[106.69832,-6.84361],[106.69656,-6.84329],[106.69509,-6.84198],[106.69439,-6.84233],[106.69302,-6.84174],[106.69178,-6.83993],[106.69222,-6.83887],[106.69155,-6.83844],[106.69318,-6.83738],[106.69403,-6.83575],[106.69646,-6.83636],[106.69841,-6.83777],[106.70048,-6.83774],[106.70205,-6.83888],[106.70345,-6.83842],[106.69983,-6.83407],[106.69961,-6.83124],[106.69784,-6.8256],[106.69811,-6.82411],[106.69654,-6.82302],[106.69675,-6.82112],[106.69985,-6.82064],[106.70014,-6.8229],[106.70117,-6.82347],[106.70517,-6.82445],[106.70817,-6.8265],[106.71248,-6.82645],[106.71394,-6.8283],[106.72031,-6.83037],[106.72145,-6.8305],[106.72262,-6.82827],[106.72152,-6.82733],[106.72221,-6.82679],[106.72483,-6.82725],[106.72629,-6.82643],[106.72641,-6.82723],[106.72721,-6.82693],[106.72863,-6.82767],[106.72928,-6.82899]]]}},{"type":"Feature","properties":{"KODE_KEC":"32.02.19","KECAMATAN":"Kabandungan","KAB_KOTA":"Sukabumi","dist_ind":41337.12,"camp_dens":0.0,"toll_pct":0.0,"sma_grad":1968,"area_km2":136.7743,"Pred_Reko":0},"geometry":{"type":"Polygon","coordinates":[[[106.63307,-6.83722],[106.63049,-6.83855],[106.63009,-6.83933],[106.63227,-6.84084],[106.63239,-6.84184],[106.62981,-6.84077],[106.62747,-6.8408],[106.62444,-6.84206],[106.62421,-6.84288],[106.6221,-6.84268],[106.62037,-6.84422],[106.61974,-6.84385],[106.61908,-6.84433],[106.61881,-6.84354],[106.61775,-6.84332],[106.61781,-6.84411],[106.61678,-6.84472],[106.61351,-6.84337],[106.61197,-6.8448],[106.6098,-6.84539],[106.60981,-6.84618],[106.6078,-6.84749],[106.60728,-6.84692],[106.60561,-6.84805],[106.60302,-6.84688],[106.6013,-6.84912],[106.59939,-6.84871],[106.59435,-6.85065],[106.59344,-6.85172],[106.59151,-6.85172],[106.5866,-6.84949],[106.58479,-6.84984],[106.58296,-6.84715],[106.57952,-6.84705],[106.57479,-6.8441],[106.57434,-6.84276],[106.56488,-6.8352],[106.5606,-6.83076],[106.55168,-6.82397],[106.54691,-6.81814],[106.5433,-6.80745],[106.54122,-6.8045],[106.53673,-6.80066],[106.53629,-6.79498],[106.53265,-6.78305],[106.52775,-6.7731],[106.52495,-6.76464],[106.52463,-6.76031],[106.52512,-6.75907],[106.52976,-6.75569],[106.53346,-6.75392],[106.54375,-6.75303],[106.54713,-6.75198],[106.5503,-6.74774],[106.55994,-6.73828],[106.56081,-6.73348],[106.56663,-6.72772],[106.5686,-6.72263],[106.57412,-6.7202],[106.57554,-6.71754],[106.57645,-6.71737],[106.58017,-6.71859],[106.58275,-6.72186],[106.58361,-6.72508],[106.58366,-6.72869],[106.58491,-6.73284],[106.58474,-6.73724],[106.58671,-6.74157],[106.58896,-6.74373],[106.59654,-6.74809],[106.60232,-6.74918],[106.61462,-6.74955],[106.62296,-6.74899],[106.62575,-6.7511],[106.63017,-6.75236],[106.63122,-6.75493],[106.6331,-6.75488],[106.63493,-6.75395],[106.63607,-6.75221],[106.63923,-6.75101],[106.64019,-6.75122],[106.6423,-6.74902],[106.65409,-6.74874],[106.65605,-6.74775],[106.65769,-6.74502],[106.65601,-6.73931],[106.657,-6.7358],[106.65909,-6.73178],[106.6602,-6.73167],[106.66752,-6.73663],[106.6712,-6.73476],[106.6732,-6.73164],[106.67421,-6.73298],[106.6758,-6.73787],[106.68128,-6.7437],[106.68256,-6.74618],[106.67863,-6.75017],[106.68151,-6.75572],[106.67579,-6.75713],[106.67297,-6.75729],[106.67099,-6.75657],[106.66904,-6.75843],[106.66768,-6.75816],[106.66691,-6.75921],[106.66522,-6.75861],[106.66523,-6.76316],[106.6634,-6.76387],[106.66301,-6.76699],[106.66154,-6.76765],[106.662,-6.7686],[106.66116,-6.76924],[106.66029,-6.77161],[106.65879,-6.77177],[106.65798,-6.77342],[106.65641,-6.77319],[106.65465,-6.77455],[106.65269,-6.77458],[106.65185,-6.77558],[106.64805,-6.77658],[106.64709,-6.77762],[106.6474,-6.77896],[106.64505,-6.78049],[106.64459,-6.78263],[106.64564,-6.7834],[106.64456,-6.784],[106.64534,-6.78531],[106.64284,-6.78708],[106.64301,-6.78803],[106.64184,-6.78807],[106.6427,-6.78956],[106.64228,-6.79098],[106.64135,-6.79038],[106.64232,-6.79161],[106.64104,-6.79247],[106.64195,-6.79301],[106.64172,-6.79409],[106.64264,-6.79438],[106.64228,-6.79539],[106.64316,-6.79594],[106.64183,-6.79631],[106.64263,-6.79799],[106.64165,-6.79917],[106.64093,-6.79899],[106.64176,-6.79982],[106.64069,-6.80009],[106.64153,-6.80129],[106.6406,-6.80122],[106.6405,-6.80196],[106.63944,-6.80241],[106.64075,-6.80469],[106.64177,-6.80426],[106.64331,-6.80472],[106.64309,-6.8066],[106.64383,-6.80809],[106.64349,-6.80976],[106.64428,-6.81152],[106.64323,-6.81205],[106.64317,-6.81305],[106.64169,-6.81366],[106.6408,-6.81681],[106.63869,-6.81921],[106.63887,-6.82283],[106.63486,-6.82452],[106.63321,-6.8268],[106.63473,-6.82759],[106.63465,-6.82857],[106.63316,-6.8296],[106.63353,-6.83233],[106.63482,-6.83326],[106.63307,-6.83378],[106.63378,-6.83553],[106.63307,-6.83722]]]}},{"type":"Feature","properties":{"KODE_KEC":"32.02.17","KECAMATAN":"Cidahu","KAB_KOTA":"Sukabumi","dist_ind":30686.99,"camp_dens":0.0,"toll_pct":0.0,"sma_grad":1780,"area_km2":34.5809,"Pred_Reko":0},"geometry":{"type":"Polygon","coordinates":[[[106.76371,-6.78075],[106.76402,-6.78385],[106.76551,-6.78548],[106.76503,-6.78744],[106.76717,-6.79012],[106.76661,-6.79088],[106.76714,-6.79156],[106.76685,-6.79267],[106.76569,-6.79445],[106.76746,-6.79739],[106.76068,-6.79924],[106.75702,-6.79899],[106.75707,-6.80074],[106.75514,-6.80227],[106.75495,-6.80352],[106.75328,-6.8026],[106.75134,-6.80372],[106.75025,-6.80356],[106.75028,-6.80451],[106.74928,-6.80578],[106.75032,-6.80924],[106.74876,-6.80863],[106.74808,-6.80712],[106.74662,-6.80647],[106.74624,-6.80546],[106.74421,-6.80643],[106.74371,-6.80577],[106.74118,-6.80526],[106.74008,-6.80713],[106.73807,-6.80661],[106.7359,-6.80208],[106.73464,-6.80119],[106.73273,-6.79629],[106.72947,-6.79282],[106.72986,-6.79031],[106.72914,-6.78943],[106.72888,-6.78549],[106.72816,-6.78364],[106.72698,-6.78309],[106.72706,-6.78182],[106.72545,-6.78082],[106.72545,-6.77956],[106.7242,-6.77818],[106.71024,-6.77245],[106.70249,-6.76405],[106.70088,-6.75633],[106.70125,-6.75456],[106.7028,-6.75344],[106.70315,-6.75206],[106.69963,-6.74571],[106.69827,-6.74486],[106.69735,-6.74319],[106.69939,-6.74178],[106.70175,-6.73569],[106.70273,-6.73494],[106.70272,-6.73336],[106.71192,-6.73035],[106.71635,-6.72732],[106.72524,-6.71835],[106.72995,-6.71701],[106.72822,-6.72233],[106.72858,-6.7276],[106.73177,-6.73344],[106.73012,-6.73576],[106.73057,-6.73727],[106.73004,-6.73885],[106.73042,-6.7406],[106.73154,-6.74151],[106.73126,-6.74269],[106.73183,-6.74357],[106.73116,-6.74442],[106.73944,-6.74925],[106.7415,-6.74909],[106.7424,-6.75016],[106.74278,-6.75123],[106.74229,-6.7535],[106.74496,-6.75687],[106.74683,-6.76103],[106.74686,-6.76429],[106.74766,-6.76561],[106.74601,-6.76877],[106.74675,-6.7715],[106.74835,-6.7717],[106.74892,-6.77064],[106.75013,-6.77044],[106.75177,-6.77137],[106.75422,-6.77152],[106.75465,-6.77221],[106.75722,-6.77311],[106.76354,-6.77338],[106.76402,-6.7751],[106.76324,-6.77559],[106.76324,-6.77894],[106.76431,-6.78089],[106.76371,-6.78075]]]}},{"type":"Feature","properties":{"KODE_KEC":"32.02.18","KECAMATAN":"Kalapanunggal","KAB_KOTA":"Sukabumi","dist_ind":38865.79,"camp_dens":0.0,"toll_pct":0.0,"sma_grad":1912,"area_km2":49.0898,"Pred_Reko":0},"geometry":{"type":"Polygon","coordinates":[[[106.692,-6.85182],[106.69197,-6.85381],[106.69288,-6.85529],[106.69578,-6.85635],[106.696,-6.85814],[106.69683,-6.85814],[106.69695,-6.85905],[106.69502,-6.86087],[106.69233,-6.85992],[106.69134,-6.8611],[106.69044,-6.86017],[106.68865,-6.85969],[106.68756,-6.86078],[106.68628,-6.86103],[106.68607,-6.86228],[106.68477,-6.86342],[106.68186,-6.85901],[106.6796,-6.85706],[106.67949,-6.8557],[106.67878,-6.85513],[106.67894,-6.85389],[106.67783,-6.85347],[106.67947,-6.85115],[106.67506,-6.84951],[106.67235,-6.84938],[106.67184,-6.84891],[106.67216,-6.84793],[106.67049,-6.84682],[106.6705,-6.84585],[106.66866,-6.84416],[106.66679,-6.84357],[106.66547,-6.8416],[106.66426,-6.84141],[106.66324,-6.84209],[106.6569,-6.83818],[106.65562,-6.83859],[106.65315,-6.84206],[106.65235,-6.84221],[106.65266,-6.84325],[106.65142,-6.84386],[106.64922,-6.84757],[106.64789,-6.84809],[106.64803,-6.84906],[106.64566,-6.85113],[106.64531,-6.85251],[106.64363,-6.8526],[106.64158,-6.85522],[106.64068,-6.85203],[106.63882,-6.85053],[106.63927,-6.8472],[106.63637,-6.84588],[106.63597,-6.84679],[106.6348,-6.8468],[106.63496,-6.84386],[106.63214,-6.8443],[106.63159,-6.84306],[106.63255,-6.84118],[106.63008,-6.83955],[106.63049,-6.83855],[106.63337,-6.83685],[106.63378,-6.83553],[106.633,-6.83457],[106.63313,-6.83368],[106.6348,-6.83339],[106.6335,-6.83226],[106.63316,-6.8296],[106.63465,-6.82857],[106.63473,-6.82759],[106.63325,-6.82673],[106.63486,-6.82452],[106.63887,-6.82283],[106.63869,-6.81921],[106.6408,-6.81681],[106.64169,-6.81366],[106.64317,-6.81305],[106.64323,-6.81205],[106.64428,-6.81152],[106.64349,-6.80976],[106.64383,-6.80809],[106.64309,-6.8066],[106.64331,-6.80472],[106.64177,-6.80426],[106.64075,-6.80469],[106.63944,-6.80241],[106.6405,-6.80196],[106.6406,-6.80122],[106.64153,-6.80129],[106.64069,-6.80009],[106.64176,-6.79982],[106.64093,-6.79899],[106.64165,-6.79917],[106.64263,-6.79799],[106.64183,-6.79631],[106.64316,-6.79594],[106.64228,-6.79539],[106.64264,-6.79438],[106.64172,-6.79409],[106.64195,-6.79301],[106.64104,-6.79247],[106.64232,-6.79161],[106.64135,-6.79038],[106.64228,-6.79098],[106.6427,-6.78956],[106.64184,-6.78807],[106.64301,-6.78803],[106.64284,-6.78708],[106.64534,-6.78531],[106.64456,-6.784],[106.64564,-6.7834],[106.64459,-6.78263],[106.64505,-6.78049],[106.6474,-6.77896],[106.64709,-6.77762],[106.64805,-6.77658],[106.65185,-6.77558],[106.65269,-6.77458],[106.65465,-6.77455],[106.65641,-6.77319],[106.65798,-6.77342],[106.65879,-6.77177],[106.66023,-6.77166],[106.66116,-6.76924],[106.662,-6.7686],[106.66154,-6.76765],[106.66301,-6.76699],[106.6634,-6.76387],[106.66523,-6.76316],[106.66488,-6.76102],[106.66551,-6.76002],[106.66506,-6.75878],[106.66691,-6.75921],[106.66768,-6.75816],[106.66894,-6.75848],[106.67099,-6.75657],[106.67297,-6.75729],[106.67579,-6.75713],[106.68151,-6.75572],[106.68215,-6.7637],[106.67966,-6.77642],[106.67695,-6.78399],[106.67721,-6.78612],[106.67601,-6.79051],[106.67628,-6.79406],[106.67846,-6.7958],[106.68519,-6.8057],[106.68615,-6.8062],[106.68821,-6.81108],[106.68957,-6.81277],[106.69166,-6.81363],[106.69306,-6.81628],[106.69422,-6.81754],[106.69491,-6.81704],[106.69653,-6.81957],[106.69666,-6.82058],[106.69602,-6.82071],[106.6959,-6.82147],[106.6966,-6.82313],[106.69811,-6.82411],[106.69784,-6.8256],[106.69961,-6.83124],[106.69983,-6.83407],[106.70126,-6.83517],[106.70233,-6.83744],[106.70342,-6.83805],[106.70335,-6.83883],[106.70205,-6.83888],[106.70048,-6.83774],[106.69841,-6.83777],[106.69646,-6.83636],[106.69403,-6.83575],[106.69318,-6.83738],[106.69155,-6.83844],[106.69222,-6.83887],[106.69178,-6.83993],[106.69302,-6.84174],[106.69439,-6.84233],[106.69509,-6.84198],[106.69656,-6.84329],[106.69832,-6.84361],[106.69915,-6.84489],[106.70205,-6.84543],[106.70138,-6.84716],[106.70001,-6.84626],[106.70058,-6.84818],[106.69913,-6.84798],[106.69677,-6.84886],[106.6958,-6.84991],[106.69349,-6.85006],[106.692,-6.85182]]]}},{"type":"Feature","properties":{"KODE_KEC":"32.02.11","KECAMATAN":"Cibadak","KAB_KOTA":"Sukabumi","dist_ind":43031.23,"camp_dens":0.0,"toll_pct":0.0,"sma_grad":2085,"area_km2":64.0307,"Pred_Reko":0},"geometry":{"type":"Polygon","coordinates":[[[106.80362,-6.90628],[106.80333,-6.90752],[106.80411,-6.90947],[106.80371,-6.91026],[106.79967,-6.91338],[106.79492,-6.91473],[106.79545,-6.91807],[106.79379,-6.91881],[106.79185,-6.92239],[106.79053,-6.92271],[106.78903,-6.92194],[106.78656,-6.92315],[106.78291,-6.92332],[106.78078,-6.92469],[106.77977,-6.92294],[106.77539,-6.92218],[106.77351,-6.92355],[106.77384,-6.92588],[106.77329,-6.9272],[106.77183,-6.92636],[106.76492,-6.93223],[106.76128,-6.93434],[106.76011,-6.9326],[106.76032,-6.93137],[106.74334,-6.92423],[106.74247,-6.92325],[106.74106,-6.91885],[106.73765,-6.91631],[106.73241,-6.91505],[106.73047,-6.91598],[106.72774,-6.9154],[106.72685,-6.91632],[106.72464,-6.91639],[106.72297,-6.91552],[106.72246,-6.91674],[106.71692,-6.91556],[106.71571,-6.91593],[106.71561,-6.90098],[106.71625,-6.89564],[106.71769,-6.89312],[106.71747,-6.88985],[106.71604,-6.88408],[106.71329,-6.87689],[106.71113,-6.87496],[106.70977,-6.87546],[106.70806,-6.87496],[106.70702,-6.87631],[106.704,-6.87182],[106.70518,-6.86639],[106.70459,-6.86414],[106.7049,-6.86192],[106.70626,-6.8585],[106.70907,-6.86052],[106.7119,-6.85923],[106.71575,-6.85975],[106.71838,-6.85915],[106.72401,-6.86117],[106.72566,-6.86339],[106.72673,-6.86301],[106.72815,-6.86398],[106.72984,-6.86394],[106.73072,-6.86326],[106.73292,-6.86312],[106.7345,-6.86383],[106.73522,-6.86522],[106.73755,-6.86696],[106.7389,-6.8667],[106.74117,-6.86784],[106.74196,-6.86665],[106.74532,-6.86856],[106.74645,-6.86814],[106.74686,-6.86894],[106.74898,-6.86795],[106.75045,-6.86882],[106.75381,-6.86765],[106.75602,-6.86812],[106.75722,-6.86771],[106.76021,-6.86932],[106.76065,-6.86864],[106.76254,-6.86887],[106.76537,-6.87103],[106.767,-6.87088],[106.77123,-6.87286],[106.77151,-6.8723],[106.77084,-6.87189],[106.77139,-6.8708],[106.77247,-6.87125],[106.77362,-6.86974],[106.77639,-6.86967],[106.77793,-6.87295],[106.77804,-6.8775],[106.77913,-6.87783],[106.78023,-6.87973],[106.77998,-6.88055],[106.77755,-6.88146],[106.77742,-6.88264],[106.78116,-6.88326],[106.78732,-6.88638],[106.7882,-6.88698],[106.78829,-6.88849],[106.78926,-6.88858],[106.78995,-6.89015],[106.79134,-6.89093],[106.7934,-6.88956],[106.79487,-6.88937],[106.79485,-6.88788],[106.79604,-6.88898],[106.79709,-6.88899],[106.79762,-6.88807],[106.79862,-6.88781],[106.80146,-6.88834],[106.80275,-6.8867],[106.80396,-6.8868],[106.80333,-6.88524],[106.8038,-6.8849],[106.80566,-6.88795],[106.81034,-6.88886],[106.81065,-6.88795],[106.81187,-6.88783],[106.81246,-6.88649],[106.81339,-6.88719],[106.81441,-6.88503],[106.81839,-6.88473],[106.81887,-6.88363],[106.81795,-6.88254],[106.8192,-6.88239],[106.81992,-6.88109],[106.82285,-6.88046],[106.82614,-6.88072],[106.8332,-6.87634],[106.83424,-6.87511],[106.83619,-6.87787],[106.83727,-6.87777],[106.83813,-6.87861],[106.83865,-6.8799],[106.83585,-6.88199],[106.83661,-6.88312],[106.83605,-6.88413],[106.8371,-6.88612],[106.83365,-6.88779],[106.82716,-6.88922],[106.82655,-6.89054],[106.82658,-6.89188],[106.82742,-6.89219],[106.82787,-6.89367],[106.82698,-6.89426],[106.8261,-6.89708],[106.82909,-6.89851],[106.83298,-6.90219],[106.83299,-6.90385],[106.83671,-6.90555],[106.83135,-6.91146],[106.82577,-6.91068],[106.82355,-6.9093],[106.82134,-6.90899],[106.8198,-6.90768],[106.81587,-6.90723],[106.81331,-6.90626],[106.81196,-6.90745],[106.8075,-6.90796],[106.80521,-6.90644],[106.80362,-6.90628]]]}},{"type":"Feature","properties":{"KODE_KEC":"32.02.12","KECAMATAN":"Nagrak","KAB_KOTA":"Sukabumi","dist_ind":36061.07,"camp_dens":0.0,"toll_pct":0.0,"sma_grad":1108,"area_km2":69.0354,"Pred_Reko":0},"geometry":{"type":"Polygon","coordinates":[[[106.8715,-6.83628],[106.87077,-6.83979],[106.86905,-6.84184],[106.86803,-6.84151],[106.86626,-6.84229],[106.86636,-6.84369],[106.86495,-6.84444],[106.86374,-6.84782],[106.86437,-6.84924],[106.86344,-6.85],[106.86306,-6.85194],[106.86183,-6.8522],[106.86226,-6.85394],[106.85982,-6.85477],[106.86013,-6.85632],[106.85936,-6.85677],[106.85938,-6.85949],[106.85694,-6.86148],[106.85677,-6.86311],[106.85588,-6.86354],[106.85561,-6.86515],[106.85462,-6.86579],[106.85349,-6.86895],[106.85259,-6.86937],[106.8516,-6.8724],[106.84952,-6.87249],[106.84718,-6.87524],[106.84554,-6.87512],[106.84251,-6.87753],[106.8402,-6.87805],[106.83964,-6.87916],[106.8386,-6.87944],[106.83743,-6.87787],[106.83619,-6.87787],[106.83424,-6.87511],[106.8332,-6.87634],[106.82614,-6.88072],[106.82285,-6.88046],[106.81992,-6.88109],[106.8192,-6.88239],[106.81795,-6.88254],[106.81887,-6.88363],[106.81839,-6.88473],[106.81441,-6.88503],[106.81339,-6.88719],[106.81246,-6.88649],[106.81187,-6.88783],[106.81065,-6.88795],[106.81034,-6.88886],[106.80566,-6.88795],[106.8038,-6.8849],[106.80333,-6.88524],[106.80396,-6.8868],[106.80275,-6.8867],[106.80146,-6.88834],[106.79862,-6.88781],[106.79762,-6.88807],[106.79709,-6.88899],[106.79604,-6.88898],[106.79485,-6.88788],[106.79487,-6.88937],[106.7932,-6.88966],[106.79183,-6.89095],[106.78995,-6.89015],[106.78926,-6.88858],[106.78836,-6.88856],[106.7882,-6.88698],[106.78732,-6.88638],[106.78116,-6.88326],[106.77742,-6.88264],[106.77755,-6.88146],[106.77998,-6.88055],[106.78023,-6.87973],[106.77913,-6.87783],[106.77804,-6.8775],[106.77793,-6.87295],[106.77639,-6.86967],[106.77714,-6.86953],[106.77829,-6.87169],[106.77903,-6.87152],[106.77895,-6.87031],[106.78137,-6.86943],[106.78122,-6.86737],[106.78358,-6.86426],[106.78326,-6.86327],[106.78383,-6.86211],[106.78313,-6.86025],[106.78561,-6.85869],[106.78583,-6.85686],[106.78676,-6.85578],[106.78838,-6.8557],[106.78977,-6.8542],[106.79308,-6.85397],[106.79431,-6.85298],[106.79495,-6.85188],[106.79469,-6.84987],[106.79718,-6.84795],[106.79665,-6.84739],[106.79726,-6.84646],[106.79628,-6.84569],[106.79642,-6.84495],[106.79903,-6.84432],[106.80023,-6.84294],[106.80226,-6.84199],[106.80356,-6.83811],[106.80367,-6.83628],[106.80293,-6.83452],[106.80331,-6.83371],[106.80462,-6.83328],[106.80602,-6.83037],[106.80811,-6.82845],[106.81507,-6.82476],[106.81489,-6.82247],[106.81727,-6.8218],[106.81725,-6.82076],[106.81844,-6.8206],[106.81795,-6.81961],[106.81846,-6.81881],[106.82043,-6.81839],[106.82114,-6.81892],[106.82363,-6.81723],[106.82457,-6.8177],[106.82639,-6.81682],[106.82801,-6.81701],[106.83119,-6.81454],[106.83314,-6.8155],[106.83716,-6.81364],[106.84044,-6.81466],[106.84297,-6.81469],[106.84494,-6.81295],[106.84948,-6.81297],[106.85274,-6.8115],[106.85334,-6.81055],[106.85667,-6.81074],[106.85874,-6.80762],[106.86931,-6.80223],[106.87224,-6.80859],[106.87408,-6.81016],[106.87553,-6.81035],[106.87807,-6.80916],[106.88317,-6.80812],[106.88543,-6.80874],[106.88738,-6.80834],[106.889,-6.80747],[106.89171,-6.804],[106.89516,-6.80319],[106.89647,-6.80197],[106.8994,-6.80088],[106.90251,-6.79829],[106.9061,-6.79759],[106.91473,-6.7921],[106.92171,-6.78594],[106.92617,-6.78298],[106.92739,-6.77976],[106.9291,-6.7781],[106.92761,-6.7818],[106.92623,-6.78926],[106.92284,-6.79598],[106.92183,-6.7994],[106.92027,-6.80143],[106.91401,-6.80517],[106.91021,-6.80839],[106.90755,-6.80857],[106.90561,-6.81188],[106.8983,-6.81811],[106.8862,-6.82555],[106.8825,-6.82834],[106.87869,-6.83261],[106.87618,-6.83448],[106.87252,-6.83542],[106.87273,-6.83656],[106.8715,-6.83628]]]}},{"type":"Feature","properties":{"KODE_KEC":"32.72.01","KECAMATAN":"Gunungpuyuh","KAB_KOTA":"Kota Sukabumi","dist_ind":43795.05,"camp_dens":0.0,"toll_pct":0.0,"sma_grad":4214,"area_km2":5.136,"Pred_Reko":0},"geometry":{"type":"Polygon","coordinates":[[[106.92904,-6.91223],[106.92603,-6.91657],[106.92584,-6.91832],[106.92445,-6.9195],[106.92266,-6.91941],[106.92167,-6.92044],[106.91231,-6.91813],[106.91245,-6.9192],[106.91075,-6.92016],[106.90943,-6.9198],[106.90955,-6.91718],[106.90614,-6.91495],[106.90739,-6.90742],[106.90831,-6.90678],[106.90985,-6.90342],[106.90985,-6.89928],[106.90905,-6.89859],[106.90997,-6.89436],[106.91096,-6.89269],[106.91184,-6.89252],[106.91287,-6.8937],[106.91426,-6.89413],[106.91477,-6.89244],[106.91596,-6.8934],[106.91635,-6.89786],[106.91787,-6.90049],[106.91718,-6.90219],[106.91806,-6.90289],[106.91878,-6.90203],[106.92194,-6.9015],[106.92426,-6.89838],[106.92493,-6.90028],[106.92651,-6.90166],[106.92784,-6.90127],[106.92882,-6.90401],[106.9297,-6.90467],[106.92813,-6.90719],[106.92933,-6.91037],[106.92904,-6.91223]]]}},{"type":"Feature","properties":{"KODE_KEC":"32.02.28","KECAMATAN":"Cicantayan","KAB_KOTA":"Sukabumi","dist_ind":44831.49,"camp_dens":0.0,"toll_pct":0.0,"sma_grad":4026,"area_km2":36.2045,"Pred_Reko":0},"geometry":{"type":"Polygon","coordinates":[[[106.85811,-6.93284],[106.8581,-6.93729],[106.85629,-6.94013],[106.85372,-6.94177],[106.85578,-6.94596],[106.8559,-6.94745],[106.85126,-6.94661],[106.84982,-6.94777],[106.84768,-6.94628],[106.84382,-6.94755],[106.84214,-6.94954],[106.84095,-6.94963],[106.83952,-6.94817],[106.83878,-6.94882],[106.83785,-6.94861],[106.83739,-6.94945],[106.83569,-6.94939],[106.83215,-6.94825],[106.8307,-6.94636],[106.83003,-6.9442],[106.82763,-6.94251],[106.82571,-6.94711],[106.81972,-6.94222],[106.81321,-6.94146],[106.81193,-6.94228],[106.80921,-6.94265],[106.80522,-6.94114],[106.79952,-6.94088],[106.79658,-6.93982],[106.79404,-6.94063],[106.79037,-6.94019],[106.79155,-6.93568],[106.79203,-6.92945],[106.78376,-6.92792],[106.78064,-6.92503],[106.78291,-6.92332],[106.78656,-6.92315],[106.78903,-6.92194],[106.79062,-6.92273],[106.79205,-6.92225],[106.79379,-6.91881],[106.79548,-6.91799],[106.79492,-6.91473],[106.79967,-6.91338],[106.80371,-6.91026],[106.80411,-6.90947],[106.80333,-6.90752],[106.80362,-6.90628],[106.80521,-6.90644],[106.8075,-6.90796],[106.81196,-6.90745],[106.81331,-6.90626],[106.81587,-6.90723],[106.8198,-6.90768],[106.82134,-6.90899],[106.82355,-6.9093],[106.82577,-6.91068],[106.83135,-6.91146],[106.83671,-6.90555],[106.83299,-6.90385],[106.83298,-6.90219],[106.82909,-6.89851],[106.8261,-6.89708],[106.82698,-6.89426],[106.82787,-6.89367],[106.82742,-6.89219],[106.82658,-6.89188],[106.82655,-6.89054],[106.82716,-6.88922],[106.83359,-6.88781],[106.8369,-6.88628],[106.83459,-6.88879],[106.83558,-6.89051],[106.83415,-6.89336],[106.83447,-6.89395],[106.83632,-6.89409],[106.83783,-6.89498],[106.83811,-6.89556],[106.83728,-6.89695],[106.83963,-6.89717],[106.83932,-6.899],[106.8389,-6.89897],[106.84009,-6.9007],[106.84729,-6.89653],[106.84887,-6.89656],[106.84851,-6.89607],[106.85041,-6.89499],[106.85377,-6.89465],[106.85567,-6.89529],[106.85772,-6.89306],[106.86075,-6.89231],[106.86145,-6.89246],[106.86007,-6.89332],[106.86032,-6.89503],[106.8581,-6.89535],[106.85731,-6.89483],[106.85613,-6.89637],[106.86285,-6.89552],[106.86277,-6.89622],[106.86388,-6.89652],[106.8642,-6.89792],[106.86554,-6.8975],[106.86566,-6.89858],[106.86635,-6.89874],[106.86747,-6.89806],[106.86781,-6.89998],[106.86828,-6.89618],[106.86921,-6.89797],[106.86911,-6.89921],[106.86762,-6.90018],[106.86751,-6.90186],[106.8664,-6.90344],[106.86268,-6.90434],[106.8706,-6.90579],[106.87509,-6.90548],[106.87506,-6.90613],[106.87394,-6.90613],[106.87467,-6.90795],[106.87312,-6.9089],[106.87325,-6.91009],[106.87131,-6.90982],[106.86721,-6.91515],[106.86336,-6.91381],[106.85897,-6.91363],[106.86042,-6.91803],[106.8583,-6.9196],[106.85762,-6.92162],[106.8594,-6.92404],[106.86167,-6.92557],[106.86192,-6.92807],[106.86134,-6.93266],[106.85811,-6.93284]]]}},{"type":"Feature","properties":{"KODE_KEC":"32.02.29","KECAMATAN":"Cisaat","KAB_KOTA":"Sukabumi","dist_ind":42797.64,"camp_dens":0.0,"toll_pct":0.0,"sma_grad":2153,"area_km2":22.901,"Pred_Reko":0},"geometry":{"type":"Polygon","coordinates":[[[106.87589,-6.91976],[106.87495,-6.92119],[106.87607,-6.92204],[106.87598,-6.92258],[106.87533,-6.92248],[106.87491,-6.92521],[106.87341,-6.92541],[106.87322,-6.92679],[106.87209,-6.9278],[106.86766,-6.92851],[106.86287,-6.92851],[106.86167,-6.92557],[106.8594,-6.92404],[106.85762,-6.92162],[106.8583,-6.9196],[106.86042,-6.91803],[106.85897,-6.91363],[106.86336,-6.91381],[106.86721,-6.91515],[106.87131,-6.90982],[106.87298,-6.91024],[106.87312,-6.9089],[106.87467,-6.90795],[106.87394,-6.90613],[106.87506,-6.90613],[106.87509,-6.90548],[106.8706,-6.90579],[106.86268,-6.90434],[106.8664,-6.90344],[106.86751,-6.90186],[106.86762,-6.90018],[106.86911,-6.89921],[106.86909,-6.89761],[106.87515,-6.89136],[106.8759,-6.88989],[106.87597,-6.88767],[106.87771,-6.88527],[106.87818,-6.88103],[106.88028,-6.87779],[106.87989,-6.87611],[106.88178,-6.87619],[106.88196,-6.87424],[106.88451,-6.87497],[106.88367,-6.87862],[106.88532,-6.87914],[106.88459,-6.88143],[106.8833,-6.88187],[106.88258,-6.88291],[106.8943,-6.8791],[106.89781,-6.87558],[106.89808,-6.87444],[106.9005,-6.87379],[106.90135,-6.87436],[106.89988,-6.87528],[106.90473,-6.8784],[106.90637,-6.87871],[106.90674,-6.87813],[106.90926,-6.878],[106.90896,-6.8824],[106.90778,-6.88348],[106.90788,-6.88719],[106.90989,-6.88388],[106.91124,-6.88321],[106.91494,-6.87909],[106.91838,-6.88042],[106.91817,-6.8826],[106.91478,-6.89012],[106.91594,-6.89337],[106.91477,-6.89244],[106.91407,-6.8941],[106.9115,-6.89248],[106.90997,-6.89436],[106.90905,-6.89859],[106.90985,-6.89928],[106.90985,-6.90342],[106.90831,-6.90678],[106.90739,-6.90742],[106.90613,-6.91497],[106.90507,-6.9124],[106.90145,-6.91205],[106.90112,-6.91842],[106.90181,-6.9195],[106.90098,-6.92118],[106.90175,-6.92215],[106.90082,-6.92338],[106.90143,-6.92461],[106.90064,-6.92605],[106.90129,-6.93238],[106.89873,-6.93228],[106.89862,-6.93138],[106.8969,-6.93165],[106.89252,-6.92987],[106.89073,-6.92981],[106.89025,-6.93045],[106.88834,-6.92999],[106.88498,-6.92502],[106.88469,-6.92358],[106.88544,-6.92203],[106.88457,-6.92094],[106.88269,-6.92087],[106.88321,-6.91771],[106.88235,-6.91505],[106.88035,-6.91551],[106.87879,-6.91486],[106.87727,-6.9157],[106.87592,-6.91709],[106.87589,-6.91976]]]}},{"type":"Feature","properties":{"KODE_KEC":"32.02.36","KECAMATAN":"Sukalarang","KAB_KOTA":"Sukabumi","dist_ind":44154.42,"camp_dens":0.0,"toll_pct":0.0,"sma_grad":1384,"area_km2":30.715,"Pred_Reko":0},"geometry":{"type":"Polygon","coordinates":[[[107.04211,-6.90939],[107.03852,-6.91207],[107.03293,-6.91366],[107.02928,-6.91577],[107.02435,-6.917],[107.01935,-6.9174],[107.0167,-6.91932],[107.01276,-6.91998],[107.00329,-6.91839],[106.99751,-6.91542],[106.9926,-6.91553],[106.99362,-6.9144],[106.99362,-6.91314],[106.99232,-6.91187],[106.99292,-6.91013],[106.99256,-6.90898],[106.99421,-6.9039],[106.99351,-6.89971],[106.9937,-6.89907],[106.9984,-6.89834],[106.99946,-6.89766],[107.0005,-6.88632],[106.99781,-6.87725],[106.99815,-6.87536],[106.99716,-6.87199],[106.99636,-6.87124],[106.99604,-6.86718],[106.9949,-6.86541],[106.9944,-6.86268],[106.99288,-6.86086],[106.99358,-6.85693],[106.99302,-6.85448],[106.99382,-6.85127],[106.99285,-6.84864],[106.99305,-6.84446],[106.99405,-6.8378],[106.99362,-6.83266],[106.99218,-6.82889],[106.99215,-6.82397],[106.99546,-6.81737],[106.9963,-6.81976],[106.9961,-6.82195],[106.99517,-6.82277],[106.99517,-6.82379],[106.99642,-6.82695],[106.99517,-6.83153],[106.99617,-6.83481],[106.99811,-6.83673],[106.99841,-6.83785],[107.00027,-6.83913],[107.00053,-6.84054],[107.00302,-6.84368],[107.00527,-6.84839],[107.00937,-6.84924],[107.01085,-6.85075],[107.01121,-6.85203],[107.01598,-6.85462],[107.01868,-6.8578],[107.02184,-6.86019],[107.0238,-6.86078],[107.02492,-6.86197],[107.02535,-6.86484],[107.02693,-6.86786],[107.0286,-6.86817],[107.02914,-6.86969],[107.0317,-6.87178],[107.03296,-6.87541],[107.03126,-6.87772],[107.0313,-6.87912],[107.03437,-6.88367],[107.03457,-6.886],[107.03524,-6.88653],[107.0337,-6.88763],[107.03229,-6.88707],[107.03154,-6.88719],[107.03139,-6.8879],[107.02939,-6.88793],[107.02875,-6.88891],[107.02965,-6.89142],[107.03284,-6.89309],[107.03178,-6.89689],[107.03258,-6.89827],[107.0385,-6.89813],[107.04053,-6.89897],[107.03974,-6.90306],[107.04211,-6.90939]]]}},{"type":"Feature","properties":{"KODE_KEC":"32.02.30","KECAMATAN":"Kadudampit","KAB_KOTA":"Sukabumi","dist_ind":35391.56,"camp_dens":0.0,"toll_pct":0.0,"sma_grad":1254,"area_km2":69.6266,"Pred_Reko":0},"geometry":{"type":"Polygon","coordinates":[[[106.90135,-6.87436],[106.90038,-6.87379],[106.89808,-6.87444],[106.89649,-6.87718],[106.8933,-6.87959],[106.88849,-6.88062],[106.88712,-6.88181],[106.88662,-6.88131],[106.88258,-6.88291],[106.8833,-6.88187],[106.88459,-6.88143],[106.88532,-6.87914],[106.88367,-6.87862],[106.8843,-6.87477],[106.88196,-6.87424],[106.88178,-6.87619],[106.87989,-6.87611],[106.88112,-6.87191],[106.8799,-6.86774],[106.88155,-6.86541],[106.88117,-6.86422],[106.88228,-6.86238],[106.88484,-6.86231],[106.88609,-6.85989],[106.89014,-6.85684],[106.89302,-6.85335],[106.89326,-6.85222],[106.89495,-6.85177],[106.89558,-6.84971],[106.89744,-6.84837],[106.89732,-6.84711],[106.89893,-6.84619],[106.89938,-6.84455],[106.90132,-6.84303],[106.90138,-6.83936],[106.90268,-6.83943],[106.90558,-6.83803],[106.90872,-6.83193],[106.9137,-6.82726],[106.91577,-6.82447],[106.91616,-6.82285],[106.9179,-6.82149],[106.92111,-6.81531],[106.92445,-6.81071],[106.9274,-6.80512],[106.92879,-6.80096],[106.93455,-6.79504],[106.93426,-6.78519],[106.93231,-6.77164],[106.93372,-6.76934],[106.93564,-6.76753],[106.93992,-6.76553],[106.947,-6.76079],[106.9532,-6.76015],[106.95829,-6.76141],[106.9623,-6.76459],[106.96521,-6.77046],[106.96743,-6.77222],[106.96876,-6.77749],[106.9738,-6.78299],[106.97724,-6.78497],[106.97883,-6.78767],[106.98094,-6.78958],[106.98569,-6.78992],[106.97715,-6.79862],[106.97513,-6.80429],[106.9684,-6.81411],[106.96662,-6.81497],[106.96367,-6.81851],[106.9638,-6.82294],[106.96216,-6.83066],[106.9602,-6.83484],[106.95837,-6.83661],[106.95641,-6.83738],[106.95539,-6.83904],[106.95417,-6.84246],[106.95403,-6.84579],[106.95257,-6.84811],[106.95135,-6.85253],[106.94998,-6.85287],[106.94868,-6.85468],[106.94736,-6.85518],[106.94305,-6.8592],[106.94186,-6.8621],[106.94198,-6.86362],[106.94013,-6.86585],[106.93648,-6.86831],[106.93495,-6.87205],[106.9349,-6.8748],[106.93181,-6.87918],[106.9285,-6.8809],[106.92699,-6.88608],[106.92522,-6.8887],[106.92122,-6.89036],[106.92045,-6.89014],[106.9185,-6.8938],[106.91641,-6.89595],[106.91478,-6.89012],[106.91817,-6.8826],[106.91838,-6.88042],[106.91494,-6.87909],[106.91124,-6.88321],[106.90989,-6.88388],[106.90788,-6.88719],[106.90778,-6.88348],[106.90896,-6.8824],[106.90926,-6.878],[106.90674,-6.87813],[106.90637,-6.87871],[106.90473,-6.8784],[106.89988,-6.87528],[106.90135,-6.87436]]]}},{"type":"Feature","properties":{"KODE_KEC":"32.02.33","KECAMATAN":"Sukaraja","KAB_KOTA":"Sukabumi","dist_ind":42435.17,"camp_dens":0.0,"toll_pct":0.0,"sma_grad":4006,"area_km2":41.6933,"Pred_Reko":0},"geometry":{"type":"Polygon","coordinates":[[[106.98434,-6.91272],[106.98513,-6.91824],[106.9859,-6.9186],[106.9873,-6.91812],[106.98947,-6.92096],[106.98926,-6.92191],[106.99022,-6.92329],[106.99255,-6.92283],[106.99276,-6.92464],[106.99035,-6.92886],[106.98939,-6.9283],[106.98956,-6.93009],[106.98787,-6.92961],[106.98695,-6.93076],[106.9863,-6.93005],[106.98545,-6.934],[106.98348,-6.93269],[106.98299,-6.93153],[106.98082,-6.93154],[106.97963,-6.9291],[106.97438,-6.92829],[106.97445,-6.92421],[106.97082,-6.92504],[106.97042,-6.92614],[106.96657,-6.92563],[106.96642,-6.92647],[106.96561,-6.92593],[106.96554,-6.92435],[106.96483,-6.92365],[106.96178,-6.92366],[106.95981,-6.92436],[106.95827,-6.92199],[106.95892,-6.91931],[106.95973,-6.91866],[106.94988,-6.92074],[106.95214,-6.91615],[106.95391,-6.91626],[106.95491,-6.91521],[106.95421,-6.91387],[106.95478,-6.91029],[106.9539,-6.90939],[106.95465,-6.90749],[106.95372,-6.90673],[106.95436,-6.9041],[106.95545,-6.90334],[106.95614,-6.90026],[106.955,-6.89797],[106.95472,-6.89388],[106.95331,-6.89014],[106.95419,-6.8879],[106.95396,-6.88596],[106.95488,-6.88486],[106.95534,-6.88201],[106.95637,-6.88106],[106.95589,-6.88024],[106.9564,-6.87945],[106.95611,-6.87811],[106.95692,-6.87776],[106.95818,-6.87553],[106.95806,-6.87422],[106.96041,-6.87002],[106.96304,-6.86744],[106.96319,-6.86569],[106.9658,-6.86246],[106.96824,-6.85738],[106.96826,-6.85387],[106.96561,-6.84815],[106.96629,-6.84431],[106.96732,-6.84372],[106.96955,-6.83776],[106.97211,-6.83387],[106.98128,-6.82828],[106.98973,-6.81987],[106.9935,-6.81321],[106.99427,-6.81062],[106.99546,-6.81737],[106.99215,-6.82397],[106.99218,-6.82889],[106.99362,-6.83266],[106.99405,-6.8378],[106.99305,-6.84446],[106.99285,-6.84864],[106.99382,-6.85127],[106.99302,-6.85448],[106.99358,-6.85693],[106.99288,-6.86086],[106.9944,-6.86268],[106.9949,-6.86541],[106.99604,-6.86718],[106.99636,-6.87124],[106.99716,-6.87199],[106.99815,-6.87536],[106.99781,-6.87725],[107.00037,-6.88533],[107.00003,-6.89422],[106.99903,-6.89813],[106.9937,-6.89907],[106.9934,-6.9009],[106.99421,-6.9039],[106.99232,-6.91151],[106.99084,-6.9114],[106.98966,-6.9126],[106.98819,-6.91293],[106.98722,-6.91232],[106.98691,-6.91291],[106.98434,-6.91272]]]}},{"type":"Feature","properties":{"KODE_KEC":"32.02.31","KECAMATAN":"Caringin","KAB_KOTA":"Sukabumi","dist_ind":36961.56,"camp_dens":0.0,"toll_pct":0.0,"sma_grad":4336,"area_km2":36.8923,"Pred_Reko":0},"geometry":{"type":"Polygon","coordinates":[[[106.87711,-6.88642],[106.87597,-6.88767],[106.87586,-6.89006],[106.87391,-6.89287],[106.87223,-6.8938],[106.87185,-6.89499],[106.86942,-6.8975],[106.86828,-6.89618],[106.86834,-6.89821],[106.86805,-6.89854],[106.86812,-6.89888],[106.86787,-6.89942],[106.86795,-6.89971],[106.86781,-6.89998],[106.86747,-6.89806],[106.86635,-6.89874],[106.86566,-6.89858],[106.86554,-6.8975],[106.8642,-6.89792],[106.86388,-6.89652],[106.86277,-6.89622],[106.86285,-6.89552],[106.85613,-6.89637],[106.85731,-6.89483],[106.8581,-6.89535],[106.86032,-6.89503],[106.86007,-6.89332],[106.86145,-6.89246],[106.86075,-6.89231],[106.85772,-6.89306],[106.85567,-6.89529],[106.85377,-6.89465],[106.85041,-6.89499],[106.84851,-6.89607],[106.84887,-6.89656],[106.84729,-6.89653],[106.84009,-6.9007],[106.8389,-6.89897],[106.83932,-6.899],[106.83963,-6.89717],[106.83728,-6.89695],[106.83811,-6.89556],[106.83783,-6.89498],[106.83632,-6.89409],[106.83447,-6.89395],[106.83406,-6.89283],[106.83558,-6.89051],[106.83459,-6.88879],[106.8371,-6.88612],[106.83605,-6.88413],[106.83661,-6.88312],[106.83587,-6.8819],[106.83651,-6.88108],[106.83746,-6.88117],[106.83878,-6.87904],[106.83964,-6.87916],[106.8402,-6.87805],[106.84251,-6.87753],[106.84566,-6.87506],[106.84718,-6.87524],[106.84952,-6.87249],[106.8516,-6.8724],[106.85259,-6.86937],[106.85349,-6.86895],[106.85462,-6.86579],[106.85561,-6.86515],[106.85588,-6.86354],[106.85677,-6.86311],[106.85694,-6.86148],[106.85938,-6.85949],[106.85936,-6.85677],[106.86013,-6.85632],[106.85982,-6.85477],[106.86226,-6.85394],[106.86183,-6.8522],[106.86306,-6.85194],[106.86344,-6.85],[106.86437,-6.84924],[106.86374,-6.84782],[106.86495,-6.84444],[106.86636,-6.84369],[106.86626,-6.84229],[106.86803,-6.84151],[106.86896,-6.84191],[106.87059,-6.84002],[106.87139,-6.83636],[106.8726,-6.83671],[106.87252,-6.83542],[106.8766,-6.83427],[106.88277,-6.82808],[106.8988,-6.8177],[106.90561,-6.81188],[106.90755,-6.80857],[106.91021,-6.80839],[106.92122,-6.80037],[106.92623,-6.78926],[106.92843,-6.77928],[106.93101,-6.77522],[106.93231,-6.77164],[106.93426,-6.78519],[106.93455,-6.79504],[106.92879,-6.80096],[106.9274,-6.80512],[106.92412,-6.8113],[106.91391,-6.827],[106.90872,-6.83193],[106.90558,-6.83803],[106.90268,-6.83943],[106.90138,-6.83936],[106.90132,-6.84303],[106.89938,-6.84455],[106.89893,-6.84619],[106.89732,-6.84711],[106.89744,-6.84837],[106.89558,-6.84971],[106.89495,-6.85177],[106.89326,-6.85222],[106.89302,-6.85335],[106.89014,-6.85684],[106.88609,-6.85989],[106.88484,-6.86231],[106.88209,-6.86256],[106.88117,-6.86422],[106.88155,-6.86541],[106.8799,-6.86774],[106.88112,-6.87144],[106.87985,-6.87631],[106.88028,-6.87779],[106.87818,-6.88103],[106.87711,-6.88642]]]}},{"type":"Feature","properties":{"KODE_KEC":"32.02.32","KECAMATAN":"Sukabumi","KAB_KOTA":"Sukabumi","dist_ind":39151.78,"camp_dens":0.0,"toll_pct":0.0,"sma_grad":2944,"area_km2":30.4478,"Pred_Reko":0},"geometry":{"type":"Polygon","coordinates":[[[106.95419,-6.88765],[106.95348,-6.88878],[106.95337,-6.89102],[106.95472,-6.89388],[106.95602,-6.90165],[106.95496,-6.90396],[106.95293,-6.90325],[106.95196,-6.90463],[106.95068,-6.90456],[106.94975,-6.90762],[106.94575,-6.90708],[106.94475,-6.90815],[106.94018,-6.90766],[106.93942,-6.90846],[106.93838,-6.90508],[106.93702,-6.90517],[106.93659,-6.90365],[106.93413,-6.9024],[106.93317,-6.90335],[106.93327,-6.90404],[106.92967,-6.90467],[106.92882,-6.90401],[106.92784,-6.90127],[106.92651,-6.90166],[106.92493,-6.90028],[106.92426,-6.89838],[106.92194,-6.9015],[106.91878,-6.90203],[106.91806,-6.90289],[106.91718,-6.90219],[106.91787,-6.90049],[106.91626,-6.89725],[106.91709,-6.89474],[106.9185,-6.8938],[106.92045,-6.89014],[106.92122,-6.89036],[106.92522,-6.8887],[106.92699,-6.88608],[106.9285,-6.8809],[106.93181,-6.87918],[106.9349,-6.8748],[106.93495,-6.87205],[106.93648,-6.86831],[106.94013,-6.86585],[106.94198,-6.86362],[106.94186,-6.8621],[106.94305,-6.8592],[106.94736,-6.85518],[106.94868,-6.85468],[106.94998,-6.85287],[106.95135,-6.85253],[106.95257,-6.84811],[106.95403,-6.84579],[106.95417,-6.84246],[106.95539,-6.83904],[106.95641,-6.83738],[106.95837,-6.83661],[106.9602,-6.83484],[106.96216,-6.83066],[106.9638,-6.82294],[106.96367,-6.81851],[106.96662,-6.81497],[106.9684,-6.81411],[106.97513,-6.80429],[106.97715,-6.79862],[106.98569,-6.78992],[106.98972,-6.7959],[106.99304,-6.79928],[106.99249,-6.80343],[106.99434,-6.80818],[106.99398,-6.81188],[106.98892,-6.82077],[106.98128,-6.82828],[106.97307,-6.83297],[106.96992,-6.83702],[106.96732,-6.84372],[106.96629,-6.84431],[106.96566,-6.84684],[106.96561,-6.84815],[106.96826,-6.85387],[106.96811,-6.85782],[106.9658,-6.86246],[106.96319,-6.86569],[106.96304,-6.86744],[106.96041,-6.87002],[106.95806,-6.87422],[106.95818,-6.87553],[106.95692,-6.87776],[106.95612,-6.87807],[106.9564,-6.87945],[106.95589,-6.88024],[106.95637,-6.88106],[106.95534,-6.88201],[106.95488,-6.88486],[106.95396,-6.88596],[106.95419,-6.88765]]]}},{"type":"Feature","properties":{"KODE_KEC":"32.02.47","KECAMATAN":"Ciambar","KAB_KOTA":"Sukabumi","dist_ind":32713.28,"camp_dens":0.0,"toll_pct":0.0,"sma_grad":3405,"area_km2":61.3429,"Pred_Reko":1},"geometry":{"type":"Polygon","coordinates":[[[106.81507,-6.82476],[106.80811,-6.82845],[106.80602,-6.83037],[106.80462,-6.83328],[106.80331,-6.83371],[106.80293,-6.83452],[106.80367,-6.83628],[106.80356,-6.83811],[106.80226,-6.84199],[106.80023,-6.84294],[106.79903,-6.84432],[106.79642,-6.84495],[106.79628,-6.84569],[106.79726,-6.84646],[106.79665,-6.84739],[106.79718,-6.84795],[106.79469,-6.84987],[106.79495,-6.85188],[106.79431,-6.85298],[106.79308,-6.85397],[106.78977,-6.8542],[106.78838,-6.8557],[106.78676,-6.85578],[106.78583,-6.85686],[106.78561,-6.85869],[106.78313,-6.86025],[106.78383,-6.86211],[106.78326,-6.86327],[106.78358,-6.86426],[106.78122,-6.86737],[106.78137,-6.86943],[106.77895,-6.87031],[106.77903,-6.87152],[106.77829,-6.87169],[106.77714,-6.86953],[106.77362,-6.86974],[106.77236,-6.8658],[106.7704,-6.86552],[106.77108,-6.86236],[106.76914,-6.86017],[106.77062,-6.85919],[106.76968,-6.85849],[106.76982,-6.85725],[106.7651,-6.85231],[106.76385,-6.84794],[106.76206,-6.84785],[106.76287,-6.84671],[106.76243,-6.84596],[106.76294,-6.84481],[106.76232,-6.84392],[106.76286,-6.84185],[106.76208,-6.84139],[106.76255,-6.84066],[106.76084,-6.8368],[106.76189,-6.83605],[106.76069,-6.83481],[106.76171,-6.83469],[106.76248,-6.83565],[106.76252,-6.83408],[106.76387,-6.83425],[106.76351,-6.83284],[106.76445,-6.83045],[106.76511,-6.83133],[106.76576,-6.83107],[106.76525,-6.82886],[106.76638,-6.82766],[106.76766,-6.82864],[106.76916,-6.82782],[106.7685,-6.82574],[106.76932,-6.82369],[106.77043,-6.82242],[106.77288,-6.82189],[106.77194,-6.82084],[106.77598,-6.81934],[106.77807,-6.81696],[106.77927,-6.81522],[106.7793,-6.81382],[106.78019,-6.81391],[106.78039,-6.81168],[106.78122,-6.812],[106.78216,-6.8108],[106.78194,-6.80997],[106.78348,-6.80882],[106.7836,-6.80746],[106.78421,-6.80758],[106.78484,-6.80661],[106.78465,-6.80527],[106.78539,-6.80471],[106.78451,-6.80378],[106.78758,-6.7983],[106.78823,-6.79821],[106.78812,-6.7972],[106.78982,-6.79657],[106.78938,-6.79552],[106.79085,-6.7954],[106.79108,-6.79431],[106.79183,-6.79417],[106.79294,-6.79253],[106.79536,-6.79208],[106.79598,-6.78944],[106.79803,-6.7886],[106.79855,-6.78732],[106.7997,-6.78713],[106.80082,-6.78588],[106.80135,-6.78637],[106.80409,-6.78583],[106.80406,-6.78651],[106.8066,-6.78707],[106.80821,-6.7866],[106.80836,-6.78567],[106.80922,-6.78626],[106.81122,-6.78583],[106.81161,-6.78643],[106.81473,-6.78604],[106.81557,-6.78648],[106.81705,-6.78438],[106.82445,-6.78419],[106.8251,-6.7823],[106.84418,-6.7808],[106.87368,-6.7819],[106.87849,-6.78124],[106.88461,-6.78284],[106.88742,-6.78531],[106.89288,-6.78619],[106.89378,-6.78561],[106.89729,-6.78634],[106.89986,-6.78822],[106.90346,-6.7885],[106.91428,-6.78799],[106.91796,-6.78747],[106.92171,-6.78594],[106.91473,-6.7921],[106.9061,-6.79759],[106.90251,-6.79829],[106.8994,-6.80088],[106.89647,-6.80197],[106.89516,-6.80319],[106.89171,-6.804],[106.889,-6.80747],[106.88738,-6.80834],[106.88543,-6.80874],[106.88317,-6.80812],[106.87807,-6.80916],[106.87553,-6.81035],[106.87408,-6.81016],[106.87224,-6.80859],[106.86931,-6.80223],[106.85874,-6.80762],[106.85667,-6.81074],[106.85334,-6.81055],[106.85274,-6.8115],[106.84948,-6.81297],[106.84494,-6.81295],[106.84297,-6.81469],[106.84044,-6.81466],[106.83716,-6.81364],[106.83314,-6.8155],[106.83119,-6.81454],[106.82801,-6.81701],[106.82639,-6.81682],[106.82457,-6.8177],[106.82363,-6.81723],[106.82114,-6.81892],[106.82043,-6.81839],[106.81863,-6.81873],[106.81796,-6.81944],[106.81844,-6.8206],[106.81725,-6.82076],[106.81736,-6.82165],[106.81669,-6.82226],[106.81516,-6.8221],[106.81507,-6.82476]]]}},{"type":"Feature","properties":{"KODE_KEC":"32.71.01","KECAMATAN":"Bogor Selatan","KAB_KOTA":"Kota Bogor","dist_ind":14806.53,"camp_dens":0.0,"toll_pct":0.000214,"sma_grad":4018,"area_km2":30.5021,"Pred_Reko":2},"geometry":{"type":"Polygon","coordinates":[[[106.81046,-6.64642],[106.80958,-6.64626],[106.8086,-6.64866],[106.8058,-6.65217],[106.80443,-6.65125],[106.8054,-6.6487],[106.80339,-6.64771],[106.80271,-6.6483],[106.80257,-6.64785],[106.80175,-6.64806],[106.80065,-6.64635],[106.79942,-6.64673],[106.80044,-6.64532],[106.79516,-6.6437],[106.79526,-6.64796],[106.7945,-6.64876],[106.7938,-6.65172],[106.79222,-6.65374],[106.79058,-6.65314],[106.79038,-6.65499],[106.78917,-6.65718],[106.78476,-6.66037],[106.7807,-6.65704],[106.77962,-6.65658],[106.77685,-6.65683],[106.7716,-6.65371],[106.77469,-6.65095],[106.7778,-6.64956],[106.78117,-6.64583],[106.7828,-6.64506],[106.78536,-6.63909],[106.78536,-6.63621],[106.78612,-6.63548],[106.78619,-6.63398],[106.78837,-6.63177],[106.78882,-6.6298],[106.79048,-6.62755],[106.78898,-6.62531],[106.78764,-6.62507],[106.78755,-6.62443],[106.78627,-6.62475],[106.7866,-6.62351],[106.78571,-6.62204],[106.78637,-6.62143],[106.78446,-6.62111],[106.78458,-6.61874],[106.78365,-6.61832],[106.78441,-6.6163],[106.78192,-6.61345],[106.78189,-6.61215],[106.78711,-6.60873],[106.7896,-6.60942],[106.78919,-6.61135],[106.79045,-6.61129],[106.7903,-6.61316],[106.7912,-6.61492],[106.78979,-6.61553],[106.78884,-6.61684],[106.78921,-6.62088],[106.79277,-6.62051],[106.79336,-6.61918],[106.79517,-6.61901],[106.79518,-6.6178],[106.79644,-6.61684],[106.79501,-6.61534],[106.79559,-6.61491],[106.79478,-6.61342],[106.79454,-6.61083],[106.79311,-6.60824],[106.79438,-6.60576],[106.79656,-6.60707],[106.79779,-6.60699],[106.79946,-6.60881],[106.80082,-6.6088],[106.80084,-6.60951],[106.80222,-6.60972],[106.80268,-6.61106],[106.80371,-6.61177],[106.80466,-6.61057],[106.80514,-6.61124],[106.80545,-6.61078],[106.80952,-6.6157],[106.82045,-6.6249],[106.82363,-6.62868],[106.82656,-6.63447],[106.83491,-6.63998],[106.83527,-6.63957],[106.83918,-6.64323],[106.83876,-6.64417],[106.83743,-6.64477],[106.83787,-6.6456],[106.83954,-6.64726],[106.84148,-6.64787],[106.84249,-6.65],[106.84728,-6.65529],[106.84489,-6.66204],[106.84811,-6.67623],[106.84578,-6.67699],[106.84514,-6.6781],[106.84127,-6.6793],[106.8387,-6.67849],[106.83361,-6.67853],[106.83285,-6.68033],[106.83338,-6.68051],[106.83262,-6.68131],[106.83098,-6.68104],[106.83082,-6.67995],[106.82644,-6.67718],[106.82621,-6.67623],[106.82405,-6.67493],[106.82232,-6.67481],[106.82194,-6.67328],[106.81906,-6.672],[106.81854,-6.66637],[106.81689,-6.66614],[106.81631,-6.66545],[106.81653,-6.66319],[106.81568,-6.66137],[106.81345,-6.66025],[106.81294,-6.65905],[106.81144,-6.65849],[106.81021,-6.65686],[106.80873,-6.65607],[106.8084,-6.65234],[106.81052,-6.64927],[106.81046,-6.64642]]]}},{"type":"Feature","properties":{"KODE_KEC":"32.75.08","KECAMATAN":"Pondokgede","KAB_KOTA":"Kota Bekasi","dist_ind":7950.38,"camp_dens":0.1721,"toll_pct":0.000763,"sma_grad":2567,"area_km2":17.4325,"Pred_Reko":2},"geometry":{"type":"Polygon","coordinates":[[[106.93637,-6.27411],[106.93821,-6.27563],[106.93798,-6.27847],[106.93902,-6.27882],[106.93888,-6.27963],[106.94185,-6.27997],[106.94173,-6.28106],[106.94074,-6.28095],[106.94064,-6.28186],[106.93972,-6.28201],[106.94022,-6.28244],[106.9398,-6.28335],[106.93692,-6.2861],[106.9412,-6.28812],[106.93941,-6.29326],[106.93782,-6.29282],[106.93752,-6.29377],[106.93599,-6.29378],[106.93196,-6.29273],[106.92891,-6.29267],[106.92764,-6.29213],[106.92782,-6.29132],[106.92585,-6.29002],[106.92497,-6.29115],[106.92449,-6.29096],[106.92489,-6.28916],[106.92376,-6.28849],[106.91968,-6.28807],[106.92005,-6.28654],[106.9181,-6.2853],[106.91423,-6.28441],[106.91139,-6.28564],[106.90981,-6.28431],[106.90874,-6.28436],[106.90793,-6.28244],[106.90895,-6.28087],[106.9086,-6.27899],[106.90914,-6.27439],[106.91006,-6.2727],[106.90968,-6.27223],[106.90856,-6.27283],[106.90839,-6.27201],[106.90708,-6.27227],[106.90569,-6.27131],[106.9055,-6.27031],[106.90424,-6.27034],[106.90563,-6.26883],[106.90457,-6.26617],[106.90477,-6.26466],[106.9053,-6.26453],[106.90505,-6.26338],[106.90556,-6.26333],[106.90435,-6.26205],[106.90536,-6.26024],[106.91041,-6.25804],[106.91009,-6.2554],[106.91198,-6.25509],[106.91304,-6.2561],[106.91476,-6.25621],[106.91477,-6.25693],[106.91696,-6.25628],[106.91713,-6.25484],[106.91827,-6.25487],[106.9187,-6.25381],[106.91858,-6.25258],[106.9176,-6.25231],[106.91782,-6.25178],[106.91924,-6.25118],[106.92052,-6.25122],[106.92039,-6.25298],[106.92176,-6.2551],[106.92721,-6.25409],[106.93096,-6.25427],[106.93111,-6.25361],[106.93478,-6.25366],[106.93586,-6.25313],[106.94083,-6.25359],[106.94177,-6.25267],[106.944,-6.2524],[106.94379,-6.24994],[106.95302,-6.24988],[106.95649,-6.25086],[106.95699,-6.25241],[106.95645,-6.25234],[106.95654,-6.2531],[106.95748,-6.25337],[106.95618,-6.25603],[106.95718,-6.25728],[106.95745,-6.25943],[106.95742,-6.2657],[106.95538,-6.26598],[106.95585,-6.27002],[106.95414,-6.26962],[106.95159,-6.27072],[106.94683,-6.27028],[106.94461,-6.26968],[106.94422,-6.26825],[106.94139,-6.26791],[106.93699,-6.27257],[106.93637,-6.27411]]]}},{"type":"Feature","properties":{"KODE_KEC":"32.75.09","KECAMATAN":"Jatiasih","KAB_KOTA":"Kota Bekasi","dist_ind":12705.56,"camp_dens":0.0,"toll_pct":0.000346,"sma_grad":3143,"area_km2":24.2618,"Pred_Reko":2},"geometry":{"type":"Polygon","coordinates":[[[106.96163,-6.33372],[106.96169,-6.33608],[106.96128,-6.33507],[106.96022,-6.3358],[106.95951,-6.33538],[106.95697,-6.33744],[106.9571,-6.33961],[106.95556,-6.33898],[106.95503,-6.34007],[106.95299,-6.34002],[106.95305,-6.34269],[106.95475,-6.34323],[106.95466,-6.34451],[106.95025,-6.34418],[106.95214,-6.34868],[106.95337,-6.34825],[106.95402,-6.34908],[106.95347,-6.35121],[106.95207,-6.3491],[106.95037,-6.35049],[106.95012,-6.3514],[106.95072,-6.3519],[106.95007,-6.35202],[106.93676,-6.35264],[106.93619,-6.35192],[106.93507,-6.35199],[106.93534,-6.35122],[106.93443,-6.34866],[106.93515,-6.34869],[106.93546,-6.34797],[106.93658,-6.34229],[106.9377,-6.34201],[106.93913,-6.33852],[106.93993,-6.33858],[106.94024,-6.33757],[106.94011,-6.336],[106.93913,-6.33592],[106.94112,-6.33131],[106.94114,-6.32907],[106.94006,-6.32576],[106.94219,-6.32542],[106.94187,-6.32389],[106.94223,-6.32254],[106.94295,-6.32238],[106.94287,-6.32188],[106.94143,-6.32163],[106.94125,-6.31876],[106.94047,-6.31852],[106.94138,-6.31545],[106.94018,-6.3143],[106.94224,-6.31428],[106.94022,-6.31254],[106.9413,-6.30824],[106.93826,-6.30701],[106.93787,-6.30802],[106.93659,-6.30775],[106.93725,-6.30375],[106.93932,-6.29796],[106.93885,-6.29611],[106.9395,-6.29266],[106.9412,-6.28812],[106.93692,-6.2861],[106.9398,-6.28335],[106.94022,-6.28244],[106.93972,-6.28201],[106.94064,-6.28186],[106.94074,-6.28095],[106.94173,-6.28106],[106.94185,-6.27997],[106.93888,-6.27963],[106.93902,-6.27882],[106.93798,-6.27847],[106.93821,-6.27563],[106.93603,-6.27393],[106.94139,-6.26791],[106.94422,-6.26825],[106.94461,-6.26968],[106.95159,-6.27072],[106.95414,-6.26962],[106.95585,-6.27002],[106.95538,-6.26598],[106.95649,-6.26579],[106.9565,-6.27422],[106.95519,-6.27914],[106.95389,-6.28066],[106.95405,-6.28219],[106.95319,-6.28278],[106.956,-6.28318],[106.95633,-6.28216],[106.95573,-6.28128],[106.95671,-6.28009],[106.95947,-6.28122],[106.96219,-6.28116],[106.96439,-6.28026],[106.96463,-6.28101],[106.96945,-6.28226],[106.97032,-6.28092],[106.97177,-6.28137],[106.97185,-6.28092],[106.97293,-6.28136],[106.97315,-6.28087],[106.97424,-6.28093],[106.97432,-6.2799],[106.978,-6.28035],[106.97897,-6.28134],[106.97841,-6.28284],[106.97642,-6.28314],[106.97506,-6.2848],[106.97534,-6.28903],[106.97329,-6.28887],[106.97202,-6.29319],[106.97421,-6.29564],[106.97436,-6.29715],[106.97123,-6.29892],[106.9732,-6.29939],[106.9753,-6.30288],[106.97106,-6.30439],[106.97041,-6.30401],[106.97086,-6.3023],[106.96858,-6.30285],[106.96847,-6.30343],[106.96958,-6.30302],[106.96905,-6.30392],[106.9704,-6.30485],[106.96989,-6.30565],[106.96764,-6.3046],[106.96668,-6.30307],[106.96609,-6.30428],[106.96701,-6.30511],[106.96444,-6.30512],[106.96536,-6.30533],[106.96654,-6.30687],[106.96535,-6.30687],[106.96466,-6.30888],[106.96514,-6.31009],[106.96369,-6.31024],[106.96417,-6.30849],[106.96304,-6.30908],[106.96156,-6.30822],[106.96113,-6.30863],[106.96104,-6.30958],[106.96248,-6.31021],[106.96348,-6.31206],[106.96311,-6.31277],[106.9615,-6.31221],[106.96113,-6.31297],[106.96218,-6.31394],[106.96095,-6.31481],[106.96375,-6.31708],[106.96357,-6.31813],[106.96244,-6.31816],[106.96206,-6.32009],[106.96025,-6.32138],[106.96103,-6.32245],[106.96198,-6.32264],[106.96167,-6.32501],[106.96481,-6.32484],[106.9638,-6.32679],[106.96136,-6.32581],[106.96079,-6.3264],[106.9616,-6.32842],[106.96243,-6.32702],[106.96356,-6.32885],[106.96322,-6.3295],[106.96205,-6.32964],[106.96237,-6.33109],[106.96107,-6.33066],[106.96021,-6.3315],[106.96038,-6.33369],[106.96135,-6.33249],[106.9624,-6.33308],[106.96163,-6.33372]]]}},{"type":"Feature","properties":{"KODE_KEC":"32.75.06","KECAMATAN":"Medansatria","KAB_KOTA":"Kota Bekasi","dist_ind":7786.85,"camp_dens":0.0,"toll_pct":0.0,"sma_grad":3347,"area_km2":13.2144,"Pred_Reko":1},"geometry":{"type":"Polygon","coordinates":[[[106.99328,-6.21996],[106.99326,-6.22128],[106.99445,-6.22259],[106.99642,-6.22185],[106.99812,-6.22719],[106.99739,-6.23075],[106.9996,-6.23288],[106.99668,-6.23527],[106.9949,-6.23418],[106.98883,-6.2325],[106.98716,-6.23085],[106.98189,-6.22777],[106.98299,-6.22639],[106.97589,-6.22216],[106.97382,-6.21949],[106.97682,-6.21337],[106.97396,-6.21317],[106.97387,-6.21419],[106.97227,-6.21403],[106.97225,-6.21493],[106.97024,-6.21503],[106.96972,-6.2094],[106.96714,-6.20912],[106.96586,-6.20582],[106.96653,-6.20303],[106.96606,-6.20113],[106.96756,-6.19865],[106.97052,-6.1979],[106.97002,-6.19534],[106.97059,-6.19521],[106.97064,-6.19212],[106.97141,-6.19246],[106.97214,-6.19097],[106.97195,-6.18956],[106.973,-6.18944],[106.97321,-6.18558],[106.97247,-6.18536],[106.97339,-6.17923],[106.97291,-6.17904],[106.973,-6.17497],[106.97909,-6.17556],[106.97903,-6.17256],[106.9948,-6.17244],[106.99889,-6.17427],[106.99895,-6.17958],[106.99886,-6.18025],[106.99805,-6.18021],[106.998,-6.18251],[106.99842,-6.1825],[106.99824,-6.185],[106.99936,-6.18523],[106.99919,-6.18819],[106.99715,-6.18865],[106.99697,-6.1878],[106.99757,-6.18765],[106.99771,-6.18672],[106.99674,-6.18653],[106.9966,-6.18727],[106.99382,-6.187],[106.99384,-6.18778],[106.99498,-6.18804],[106.99564,-6.19083],[106.99626,-6.19108],[106.99519,-6.19457],[106.99616,-6.19515],[106.99435,-6.19897],[106.97993,-6.19679],[106.97892,-6.20412],[106.97932,-6.20869],[106.97888,-6.21314],[106.98106,-6.21486],[106.98155,-6.21619],[106.98287,-6.21613],[106.98272,-6.21568],[106.98493,-6.21598],[106.98486,-6.21653],[106.98982,-6.21737],[106.99004,-6.21855],[106.99328,-6.21996]]]}},{"type":"Feature","properties":{"KODE_KEC":"32.75.07","KECAMATAN":"Bantargebang","KAB_KOTA":"Kota Bekasi","dist_ind":9443.32,"camp_dens":0.0,"toll_pct":0.0,"sma_grad":4608,"area_km2":19.2435,"Pred_Reko":2},"geometry":{"type":"Polygon","coordinates":[[[107.00195,-6.35378],[106.99971,-6.35567],[107.00021,-6.35844],[107.00087,-6.35914],[106.99962,-6.36049],[106.99781,-6.36045],[106.99637,-6.35914],[106.99451,-6.36048],[106.99299,-6.36046],[106.99123,-6.36205],[106.99101,-6.36328],[106.98822,-6.36362],[106.98805,-6.3646],[106.9871,-6.36451],[106.98758,-6.36392],[106.98643,-6.36345],[106.97977,-6.36413],[106.97917,-6.36195],[106.98089,-6.36067],[106.98181,-6.35775],[106.98015,-6.35745],[106.98001,-6.35676],[106.97687,-6.35518],[106.97703,-6.35318],[106.97292,-6.35149],[106.9696,-6.34911],[106.97207,-6.34788],[106.97263,-6.34666],[106.97003,-6.34641],[106.96849,-6.34514],[106.96805,-6.34302],[106.96616,-6.3422],[106.9666,-6.34166],[106.96907,-6.34151],[106.97148,-6.34295],[106.97576,-6.34101],[106.97575,-6.33945],[106.97284,-6.34008],[106.97284,-6.33861],[106.97417,-6.33591],[106.97547,-6.33521],[106.97463,-6.33323],[106.97255,-6.33296],[106.97249,-6.33193],[106.97343,-6.33043],[106.97437,-6.33009],[106.975,-6.33046],[106.97518,-6.33184],[106.97702,-6.33149],[106.97731,-6.32593],[106.97666,-6.32395],[106.97732,-6.32155],[106.97634,-6.31918],[106.98095,-6.31506],[106.97969,-6.31379],[106.97364,-6.312],[106.97286,-6.31087],[106.97231,-6.30568],[106.99789,-6.3064],[106.99671,-6.31105],[106.99455,-6.31132],[106.99299,-6.31363],[106.99268,-6.31529],[106.99167,-6.31653],[106.99214,-6.31739],[106.99084,-6.31837],[106.9897,-6.32235],[106.9882,-6.32193],[106.9877,-6.32108],[106.98717,-6.32148],[106.98768,-6.32487],[106.98684,-6.32616],[106.9856,-6.32638],[106.98559,-6.32701],[106.98882,-6.32813],[106.989,-6.32754],[106.99041,-6.32788],[106.99084,-6.32744],[106.99358,-6.32853],[106.99333,-6.32948],[106.99422,-6.32981],[106.99573,-6.32888],[107.00088,-6.33083],[107.00269,-6.33265],[107.00404,-6.33217],[107.00438,-6.33116],[107.00559,-6.33047],[107.00709,-6.33153],[107.00696,-6.33216],[107.00928,-6.33472],[107.01217,-6.33453],[107.01392,-6.3373],[107.01249,-6.33955],[107.01545,-6.34111],[107.0146,-6.34273],[107.01298,-6.34255],[107.01631,-6.34433],[107.01511,-6.34595],[107.01582,-6.34624],[107.01552,-6.34729],[107.01605,-6.34779],[107.01565,-6.34955],[107.01709,-6.3502],[107.01749,-6.35109],[107.01756,-6.35453],[107.0162,-6.3564],[107.01633,-6.35789],[107.01567,-6.35711],[107.01426,-6.3587],[107.013,-6.35761],[107.01105,-6.35762],[107.00891,-6.35915],[107.0081,-6.35902],[107.00764,-6.3602],[107.00674,-6.36029],[107.00617,-6.36006],[107.00669,-6.35888],[107.00502,-6.35807],[107.00561,-6.35675],[107.00439,-6.35665],[107.00502,-6.3554],[107.00419,-6.35448],[107.00195,-6.35378]]]}},{"type":"Feature","properties":{"KODE_KEC":"32.75.11","KECAMATAN":"Mustikajaya","KAB_KOTA":"Kota Bekasi","dist_ind":7457.12,"camp_dens":0.0,"toll_pct":0.0,"sma_grad":3042,"area_km2":24.7567,"Pred_Reko":1},"geometry":{"type":"Polygon","coordinates":[[[107.03847,-6.30633],[107.0398,-6.30633],[107.04117,-6.30744],[107.04099,-6.30893],[107.03987,-6.3088],[107.03758,-6.31348],[107.03699,-6.31588],[107.03804,-6.31656],[107.03771,-6.31748],[107.037,-6.31733],[107.03655,-6.31922],[107.03725,-6.32135],[107.03448,-6.32249],[107.03397,-6.32362],[107.03251,-6.32322],[107.03036,-6.32545],[107.02896,-6.33014],[107.02342,-6.32917],[107.0208,-6.32778],[107.01972,-6.3285],[107.01941,-6.3304],[107.01732,-6.32966],[107.01651,-6.33039],[107.01564,-6.33443],[107.0152,-6.33435],[107.01392,-6.3373],[107.01217,-6.33453],[107.00928,-6.33472],[107.00696,-6.33216],[107.00709,-6.33153],[107.00559,-6.33047],[107.00438,-6.33116],[107.00404,-6.33217],[107.00269,-6.33265],[107.00088,-6.33083],[106.99573,-6.32888],[106.99422,-6.32981],[106.99333,-6.32948],[106.99358,-6.32853],[106.99084,-6.32744],[106.99041,-6.32788],[106.989,-6.32754],[106.98882,-6.32813],[106.98559,-6.32701],[106.9856,-6.32638],[106.98684,-6.32616],[106.98768,-6.32487],[106.98711,-6.32186],[106.98748,-6.32103],[106.9882,-6.32193],[106.9897,-6.32235],[106.99084,-6.31837],[106.99214,-6.31739],[106.99167,-6.31653],[106.99268,-6.31529],[106.99299,-6.31363],[106.99455,-6.31132],[106.99671,-6.31105],[106.99789,-6.3064],[106.99338,-6.30639],[106.99342,-6.30582],[106.99739,-6.30032],[106.99706,-6.29886],[106.99795,-6.29742],[106.99809,-6.29496],[107.00039,-6.29437],[107.00213,-6.29218],[107.00447,-6.28614],[107.00559,-6.28499],[107.00781,-6.2834],[107.00967,-6.28354],[107.01228,-6.28072],[107.01436,-6.2797],[107.01409,-6.28259],[107.01461,-6.28361],[107.01406,-6.28643],[107.01563,-6.2874],[107.01461,-6.29067],[107.01547,-6.29125],[107.0222,-6.28068],[107.02493,-6.27882],[107.02669,-6.27921],[107.02739,-6.27793],[107.0282,-6.27784],[107.0302,-6.28153],[107.03257,-6.28121],[107.03661,-6.28268],[107.03789,-6.28439],[107.03757,-6.28633],[107.03831,-6.28728],[107.04021,-6.2875],[107.04029,-6.294],[107.04112,-6.29556],[107.03847,-6.30633]]]}},{"type":"Feature","properties":{"KODE_KEC":"32.75.12","KECAMATAN":"Pondokmelati","KAB_KOTA":"Kota Bekasi","dist_ind":12321.01,"camp_dens":0.0,"toll_pct":0.00033,"sma_grad":2573,"area_km2":11.0157,"Pred_Reko":1},"geometry":{"type":"Polygon","coordinates":[[[106.94009,-6.32566],[106.94114,-6.32907],[106.94112,-6.33131],[106.93911,-6.33602],[106.93804,-6.33568],[106.93806,-6.33498],[106.93407,-6.33375],[106.93521,-6.33064],[106.93085,-6.33019],[106.93103,-6.32962],[106.92976,-6.32877],[106.92822,-6.33073],[106.92683,-6.3301],[106.92414,-6.33024],[106.92358,-6.33406],[106.92032,-6.33332],[106.92095,-6.3309],[106.92049,-6.32892],[106.91999,-6.32762],[106.91832,-6.32725],[106.91924,-6.32634],[106.91904,-6.32526],[106.92056,-6.32504],[106.92162,-6.32364],[106.92135,-6.32196],[106.92056,-6.32127],[106.92119,-6.31929],[106.92072,-6.31836],[106.92203,-6.31758],[106.92192,-6.31568],[106.92282,-6.31419],[106.92184,-6.31254],[106.92062,-6.31201],[106.92121,-6.30938],[106.92065,-6.30824],[106.92096,-6.30725],[106.92156,-6.30743],[106.92178,-6.30339],[106.92061,-6.30166],[106.92108,-6.30128],[106.92067,-6.30016],[106.91926,-6.30069],[106.91919,-6.29903],[106.91802,-6.29973],[106.91765,-6.29802],[106.91501,-6.29707],[106.91441,-6.29809],[106.9136,-6.29818],[106.91358,-6.29891],[106.91187,-6.29818],[106.91186,-6.29643],[106.91112,-6.29586],[106.91246,-6.29462],[106.91034,-6.2942],[106.91025,-6.29357],[106.91173,-6.29191],[106.91133,-6.29139],[106.91128,-6.29228],[106.91075,-6.29221],[106.91045,-6.2914],[106.91181,-6.29025],[106.91085,-6.29082],[106.9106,-6.28979],[106.90943,-6.29073],[106.91009,-6.2896],[106.90998,-6.28736],[106.91053,-6.28697],[106.90951,-6.28655],[106.91009,-6.2859],[106.90902,-6.28558],[106.90874,-6.28436],[106.90981,-6.28431],[106.91139,-6.28564],[106.91423,-6.28441],[106.9181,-6.2853],[106.92005,-6.28654],[106.91968,-6.28807],[106.92376,-6.28849],[106.92489,-6.28916],[106.92449,-6.29096],[106.92497,-6.29115],[106.92585,-6.29002],[106.92782,-6.29132],[106.92764,-6.29213],[106.92891,-6.29267],[106.93196,-6.29273],[106.93599,-6.29378],[106.93752,-6.29377],[106.93782,-6.29282],[106.93941,-6.29326],[106.93885,-6.29611],[106.93932,-6.29796],[106.93725,-6.30375],[106.93659,-6.30775],[106.93787,-6.30802],[106.93826,-6.30701],[106.9413,-6.30824],[106.94022,-6.31254],[106.94224,-6.31428],[106.94018,-6.3143],[106.94138,-6.31545],[106.94047,-6.31852],[106.94125,-6.31876],[106.94143,-6.32163],[106.94287,-6.32188],[106.94295,-6.32238],[106.94223,-6.32254],[106.94187,-6.32389],[106.94219,-6.32542],[106.94133,-6.32594],[106.94009,-6.32566]]]}},{"type":"Feature","properties":{"KODE_KEC":"32.75.10","KECAMATAN":"Jatisampurna","KAB_KOTA":"Kota Bekasi","dist_ind":12185.71,"camp_dens":0.0,"toll_pct":0.000214,"sma_grad":1951,"area_km2":20.1933,"Pred_Reko":1},"geometry":{"type":"Polygon","coordinates":[[[106.93442,-6.38316],[106.93148,-6.38361],[106.93063,-6.38546],[106.92936,-6.38625],[106.92749,-6.38652],[106.9266,-6.38546],[106.92595,-6.38834],[106.92533,-6.38798],[106.92542,-6.38628],[106.92476,-6.38612],[106.92331,-6.38866],[106.92328,-6.3899],[106.92182,-6.38887],[106.92221,-6.3902],[106.92087,-6.39293],[106.92286,-6.3943],[106.92158,-6.39475],[106.9212,-6.39701],[106.91948,-6.39584],[106.91461,-6.39514],[106.91346,-6.39635],[106.91053,-6.39625],[106.90888,-6.39758],[106.90633,-6.39655],[106.90538,-6.39731],[106.90338,-6.39736],[106.90322,-6.39813],[106.90007,-6.39852],[106.89783,-6.3967],[106.89855,-6.39447],[106.89963,-6.39492],[106.9027,-6.3939],[106.90438,-6.39161],[106.90353,-6.38821],[106.90449,-6.38718],[106.9039,-6.38647],[106.90506,-6.38438],[106.9039,-6.38026],[106.9082,-6.3767],[106.9076,-6.37593],[106.9083,-6.37556],[106.90861,-6.37459],[106.90791,-6.37396],[106.9086,-6.37302],[106.90779,-6.37247],[106.90789,-6.37109],[106.91034,-6.37013],[106.91067,-6.36788],[106.91197,-6.36737],[106.91247,-6.36838],[106.91265,-6.36738],[106.9141,-6.36637],[106.91489,-6.36323],[106.91615,-6.36302],[106.91473,-6.3617],[106.91546,-6.36045],[106.91428,-6.36019],[106.91445,-6.35916],[106.9136,-6.35884],[106.91481,-6.35827],[106.91541,-6.35675],[106.91713,-6.35652],[106.91542,-6.35497],[106.91731,-6.35299],[106.9165,-6.3514],[106.91782,-6.35044],[106.91612,-6.34889],[106.91724,-6.34788],[106.9159,-6.34633],[106.91721,-6.34629],[106.91729,-6.34381],[106.91948,-6.34354],[106.91855,-6.34237],[106.91971,-6.3413],[106.91819,-6.33957],[106.91958,-6.33866],[106.91908,-6.33718],[106.91968,-6.33667],[106.91972,-6.33364],[106.92358,-6.33406],[106.92414,-6.33024],[106.92683,-6.3301],[106.92822,-6.33073],[106.92976,-6.32877],[106.93103,-6.32962],[106.93085,-6.33019],[106.93521,-6.33064],[106.93407,-6.33375],[106.93806,-6.33498],[106.93804,-6.33568],[106.93933,-6.33623],[106.93966,-6.33563],[106.94011,-6.336],[106.94001,-6.33849],[106.93913,-6.33852],[106.9377,-6.34201],[106.93662,-6.34221],[106.93546,-6.34797],[106.93515,-6.34869],[106.93443,-6.34866],[106.93534,-6.35122],[106.93507,-6.35199],[106.93619,-6.35192],[106.93676,-6.35264],[106.95072,-6.3519],[106.95222,-6.35257],[106.95252,-6.35343],[106.95198,-6.35397],[106.95067,-6.35326],[106.94957,-6.35403],[106.94945,-6.35518],[106.94738,-6.35748],[106.94751,-6.35826],[106.94868,-6.35868],[106.94631,-6.35948],[106.94699,-6.35821],[106.94453,-6.35767],[106.94395,-6.35805],[106.94368,-6.35955],[106.94464,-6.35901],[106.94607,-6.36026],[106.94717,-6.36023],[106.94597,-6.36205],[106.94607,-6.36326],[106.94449,-6.36417],[106.94489,-6.36534],[106.94395,-6.36641],[106.94512,-6.36627],[106.94554,-6.36843],[106.94348,-6.3692],[106.94344,-6.36738],[106.94232,-6.36728],[106.94214,-6.36917],[106.94018,-6.37061],[106.93861,-6.37069],[106.9387,-6.37224],[106.93951,-6.37131],[106.94068,-6.37149],[106.93799,-6.37402],[106.93892,-6.37513],[106.93822,-6.37704],[106.93737,-6.37765],[106.93802,-6.3786],[106.93593,-6.37829],[106.93535,-6.3788],[106.93632,-6.38019],[106.93774,-6.38064],[106.93648,-6.38262],[106.93577,-6.38275],[106.93515,-6.38185],[106.93442,-6.38316]]]}},{"type":"Feature","properties":{"KODE_KEC":"36.02.19","KECAMATAN":"Cibeber","KAB_KOTA":"Lebak","dist_ind":52231.21,"camp_dens":0.0,"toll_pct":0.0,"sma_grad":1024,"area_km2":394.4699,"Pred_Reko":0},"geometry":{"type":"Polygon","coordinates":[[[106.33315,-6.86697],[106.33096,-6.87009],[106.3299,-6.86934],[106.32667,-6.86948],[106.32599,-6.87193],[106.32421,-6.87287],[106.32408,-6.87429],[106.3216,-6.87615],[106.31929,-6.8758],[106.31707,-6.8773],[106.31531,-6.87742],[106.31359,-6.87836],[106.31366,-6.88015],[106.31169,-6.88055],[106.31107,-6.8813],[106.30934,-6.88132],[106.30987,-6.88522],[106.30852,-6.88679],[106.30842,-6.88839],[106.30745,-6.88868],[106.30459,-6.89225],[106.3013,-6.89114],[106.3017,-6.88974],[106.30019,-6.88844],[106.30133,-6.88683],[106.30034,-6.88477],[106.30052,-6.88352],[106.29893,-6.87761],[106.29987,-6.87616],[106.2991,-6.8759],[106.3002,-6.87263],[106.29967,-6.86763],[106.3008,-6.86694],[106.301,-6.86589],[106.29963,-6.86509],[106.29339,-6.86412],[106.29251,-6.86083],[106.29291,-6.85993],[106.29369,-6.86014],[106.29404,-6.85918],[106.29493,-6.85899],[106.29238,-6.85801],[106.29215,-6.85703],[106.29153,-6.85709],[106.29123,-6.85624],[106.28863,-6.85495],[106.28779,-6.85388],[106.28466,-6.85298],[106.28387,-6.85135],[106.28493,-6.85088],[106.28502,-6.85015],[106.28361,-6.84754],[106.28134,-6.84785],[106.28027,-6.84906],[106.27938,-6.85114],[106.27875,-6.85642],[106.27697,-6.85647],[106.27658,-6.85486],[106.27416,-6.85447],[106.27402,-6.84867],[106.27326,-6.84603],[106.27374,-6.84269],[106.27524,-6.84038],[106.27485,-6.83909],[106.27556,-6.83617],[106.27728,-6.83365],[106.27668,-6.83071],[106.27874,-6.8296],[106.27973,-6.82633],[106.28128,-6.82513],[106.28154,-6.82362],[106.28398,-6.82447],[106.28572,-6.82259],[106.28597,-6.82094],[106.2872,-6.82055],[106.28693,-6.81872],[106.28749,-6.81724],[106.28811,-6.81674],[106.28904,-6.81703],[106.28961,-6.81485],[106.29037,-6.81424],[106.29053,-6.81226],[106.29239,-6.81106],[106.29217,-6.80853],[106.2935,-6.8072],[106.29205,-6.80459],[106.29283,-6.804],[106.29443,-6.80444],[106.2958,-6.80188],[106.29687,-6.80201],[106.297,-6.80044],[106.29757,-6.80048],[106.29726,-6.79933],[106.29642,-6.79824],[106.29318,-6.79648],[106.29975,-6.79168],[106.30048,-6.78918],[106.30424,-6.78922],[106.30413,-6.78179],[106.30472,-6.7801],[106.30221,-6.77694],[106.30509,-6.77444],[106.30531,-6.77299],[106.30406,-6.77075],[106.30276,-6.77036],[106.3027,-6.76691],[106.30032,-6.76215],[106.29918,-6.76126],[106.29876,-6.76318],[106.29611,-6.76478],[106.29392,-6.76494],[106.29309,-6.76565],[106.2918,-6.76331],[106.29127,-6.76372],[106.28939,-6.76327],[106.2886,-6.764],[106.28758,-6.76351],[106.287,-6.76452],[106.28321,-6.76681],[106.28072,-6.76526],[106.2757,-6.76654],[106.27028,-6.77021],[106.26917,-6.76888],[106.26622,-6.76763],[106.26503,-6.76599],[106.26278,-6.76572],[106.26038,-6.76973],[106.26034,-6.77198],[106.26093,-6.77213],[106.26035,-6.77326],[106.25916,-6.77033],[106.25653,-6.76864],[106.25573,-6.76602],[106.25442,-6.76424],[106.25249,-6.76401],[106.25767,-6.74476],[106.26222,-6.73242],[106.26114,-6.73188],[106.2629,-6.73154],[106.26323,-6.73092],[106.26166,-6.72891],[106.25913,-6.71889],[106.26165,-6.71754],[106.26195,-6.71593],[106.2632,-6.71642],[106.2625,-6.71424],[106.26333,-6.71262],[106.26294,-6.71128],[106.26424,-6.70972],[106.26402,-6.70864],[106.26555,-6.70815],[106.26635,-6.70655],[106.26696,-6.70657],[106.26828,-6.70498],[106.26991,-6.7051],[106.27009,-6.70328],[106.27081,-6.70351],[106.27142,-6.70262],[106.27064,-6.7008],[106.2711,-6.69941],[106.26984,-6.69826],[106.27035,-6.69664],[106.26839,-6.69349],[106.26887,-6.68867],[106.26789,-6.68747],[106.26902,-6.68571],[106.26831,-6.68323],[106.26901,-6.68043],[106.27592,-6.68032],[106.28488,-6.6853],[106.28739,-6.68768],[106.29211,-6.68968],[106.29346,-6.68822],[106.29482,-6.68784],[106.29585,-6.68844],[106.29764,-6.68681],[106.29953,-6.68781],[106.29908,-6.68694],[106.30039,-6.6853],[106.29786,-6.6826],[106.29744,-6.68067],[106.29809,-6.67941],[106.30014,-6.67919],[106.30184,-6.67997],[106.30231,-6.68418],[106.30385,-6.68557],[106.30506,-6.68526],[106.30692,-6.68604],[106.31077,-6.68323],[106.31244,-6.68292],[106.31355,-6.68518],[106.31613,-6.68744],[106.32144,-6.68692],[106.32752,-6.68353],[106.32978,-6.68351],[106.33097,-6.68207],[106.3344,-6.68014],[106.33933,-6.68008],[106.33991,-6.67922],[106.33889,-6.67787],[106.34065,-6.67832],[106.34134,-6.67708],[106.34686,-6.67805],[106.34948,-6.67782],[106.35773,-6.67379],[106.36284,-6.67479],[106.37022,-6.67819],[106.38764,-6.68954],[106.39605,-6.69255],[106.40123,-6.69785],[106.40314,-6.69814],[106.40991,-6.69732],[106.41415,-6.70303],[106.41865,-6.70652],[106.42129,-6.70948],[106.4232,-6.72574],[106.42813,-6.72799],[106.43439,-6.72952],[106.45147,-6.7283],[106.45373,-6.73052],[106.4634,-6.7369],[106.46595,-6.7441],[106.46599,-6.75008],[106.46677,-6.751],[106.47589,-6.75216],[106.49796,-6.75202],[106.50678,-6.75547],[106.51362,-6.7592],[106.52014,-6.76169],[106.52471,-6.76238],[106.52617,-6.76784],[106.52559,-6.76853],[106.5216,-6.77096],[106.51789,-6.77434],[106.51599,-6.77708],[106.50949,-6.78088],[106.50746,-6.7812],[106.50578,-6.78387],[106.50028,-6.78789],[106.50004,-6.78916],[106.49765,-6.79117],[106.49643,-6.79163],[106.49523,-6.79112],[106.4944,-6.79185],[106.49393,-6.79115],[106.49231,-6.79206],[106.49139,-6.79144],[106.48864,-6.79241],[106.48921,-6.79373],[106.48884,-6.79509],[106.48684,-6.79614],[106.48584,-6.79455],[106.48261,-6.79577],[106.48172,-6.79458],[106.47925,-6.79511],[106.47746,-6.79681],[106.47627,-6.79633],[106.4742,-6.79748],[106.47321,-6.79739],[106.47361,-6.79911],[106.47304,-6.79965],[106.47127,-6.79834],[106.47042,-6.80064],[106.46804,-6.80003],[106.46722,-6.8017],[106.46511,-6.80146],[106.46395,-6.80291],[106.46197,-6.80173],[106.45724,-6.80373],[106.45572,-6.80485],[106.45572,-6.806],[106.45402,-6.80899],[106.45235,-6.80938],[106.45312,-6.81291],[106.45209,-6.8147],[106.44902,-6.81647],[106.44738,-6.81839],[106.44317,-6.81776],[106.44165,-6.81579],[106.44017,-6.8175],[106.44042,-6.81888],[106.43916,-6.81923],[106.43819,-6.81849],[106.43609,-6.81978],[106.43703,-6.82263],[106.4356,-6.82421],[106.43557,-6.8251],[106.4377,-6.82787],[106.43496,-6.83197],[106.4347,-6.83646],[106.43528,-6.83892],[106.43233,-6.84327],[106.43223,-6.84534],[106.43122,-6.84601],[106.43202,-6.8493],[106.42982,-6.85554],[106.43217,-6.85795],[106.43106,-6.859],[106.43108,-6.8621],[106.42848,-6.86496],[106.42476,-6.86563],[106.42304,-6.86391],[106.41977,-6.86282],[106.41871,-6.86023],[106.41733,-6.86013],[106.41563,-6.85863],[106.4149,-6.85699],[106.41518,-6.85513],[106.41318,-6.85213],[106.4091,-6.8529],[106.40541,-6.85529],[106.40296,-6.85566],[106.40283,-6.85428],[106.40185,-6.85328],[106.40333,-6.85097],[106.40305,-6.84943],[106.40422,-6.84825],[106.3966,-6.84551],[106.39406,-6.84384],[106.39284,-6.84757],[106.39093,-6.85044],[106.38424,-6.8576],[106.3845,-6.85825],[106.3835,-6.85904],[106.38301,-6.8612],[106.38205,-6.86128],[106.38232,-6.86296],[106.38041,-6.86351],[106.38093,-6.86496],[106.37915,-6.86535],[106.37769,-6.86775],[106.37595,-6.86898],[106.37645,-6.87033],[106.37532,-6.87035],[106.37487,-6.87272],[106.3726,-6.87215],[106.37166,-6.87304],[106.37042,-6.873],[106.36712,-6.87508],[106.36766,-6.87546],[106.36713,-6.87595],[106.36483,-6.87467],[106.36398,-6.8754],[106.36307,-6.87488],[106.36211,-6.87623],[106.36109,-6.87449],[106.35875,-6.87297],[106.35765,-6.8695],[106.35663,-6.8692],[106.35648,-6.86824],[106.35519,-6.86748],[106.35528,-6.86651],[106.35394,-6.86614],[106.35322,-6.86427],[106.35089,-6.86318],[106.34982,-6.86464],[106.34807,-6.86481],[106.34491,-6.86365],[106.34029,-6.86398],[106.33951,-6.86553],[106.33673,-6.86592],[106.33578,-6.86807],[106.33315,-6.86697]]]}},{"type":"Feature","properties":{"KODE_KEC":"36.02.22","KECAMATAN":"Sobang","KAB_KOTA":"Lebak","dist_ind":39874.37,"camp_dens":0.0,"toll_pct":0.0,"sma_grad":2904,"area_km2":109.6352,"Pred_Reko":0},"geometry":{"type":"Polygon","coordinates":[[[106.37575,-6.63101],[106.37932,-6.63734],[106.38414,-6.64137],[106.38523,-6.64302],[106.39038,-6.65406],[106.39311,-6.65839],[106.39607,-6.66226],[106.40027,-6.66579],[106.40229,-6.66907],[106.40577,-6.68405],[106.40643,-6.69086],[106.40991,-6.69732],[106.40314,-6.69814],[106.40123,-6.69785],[106.39605,-6.69255],[106.38764,-6.68954],[106.36875,-6.67739],[106.36284,-6.67479],[106.3587,-6.67371],[106.34967,-6.67779],[106.34686,-6.67805],[106.34213,-6.67701],[106.34129,-6.67713],[106.34065,-6.67832],[106.33893,-6.67784],[106.33991,-6.67922],[106.33946,-6.68002],[106.3344,-6.68014],[106.33097,-6.68207],[106.32978,-6.68351],[106.32752,-6.68353],[106.32144,-6.68692],[106.31972,-6.68713],[106.31613,-6.68744],[106.31355,-6.68518],[106.31243,-6.68292],[106.31077,-6.68323],[106.30692,-6.68604],[106.30506,-6.68526],[106.30385,-6.68557],[106.30231,-6.68418],[106.30184,-6.67997],[106.30014,-6.67919],[106.29809,-6.67941],[106.29744,-6.68067],[106.29786,-6.6826],[106.30039,-6.6853],[106.29908,-6.68694],[106.29953,-6.68781],[106.29764,-6.68681],[106.29585,-6.68844],[106.29482,-6.68784],[106.29346,-6.68822],[106.29211,-6.68968],[106.28739,-6.68768],[106.28488,-6.6853],[106.27592,-6.68032],[106.26901,-6.68043],[106.26916,-6.67763],[106.27064,-6.67614],[106.27016,-6.67489],[106.27095,-6.67291],[106.26999,-6.67092],[106.27046,-6.67011],[106.26973,-6.66854],[106.26832,-6.66742],[106.26896,-6.66634],[106.26795,-6.6654],[106.26754,-6.66213],[106.26529,-6.66008],[106.26726,-6.65675],[106.27016,-6.65662],[106.26937,-6.64983],[106.27022,-6.64672],[106.26816,-6.64464],[106.26802,-6.64033],[106.26384,-6.63565],[106.26236,-6.63243],[106.25964,-6.62988],[106.25759,-6.62604],[106.26154,-6.62186],[106.2655,-6.62047],[106.26759,-6.61706],[106.26735,-6.61486],[106.26562,-6.61492],[106.26323,-6.61317],[106.26292,-6.61075],[106.26497,-6.60919],[106.26659,-6.60989],[106.26834,-6.60965],[106.26924,-6.60623],[106.27376,-6.60875],[106.27403,-6.6084],[106.27371,-6.60058],[106.27268,-6.59612],[106.27344,-6.59455],[106.27631,-6.592],[106.27913,-6.59152],[106.28132,-6.59223],[106.28253,-6.5915],[106.28351,-6.59202],[106.28772,-6.58902],[106.28948,-6.5887],[106.2888,-6.59225],[106.29098,-6.59563],[106.29475,-6.59864],[106.29421,-6.59931],[106.29525,-6.60067],[106.29444,-6.60108],[106.29364,-6.60367],[106.29511,-6.60512],[106.29789,-6.60289],[106.30206,-6.60187],[106.30696,-6.6041],[106.30803,-6.60548],[106.30909,-6.60515],[106.31036,-6.6067],[106.3134,-6.60811],[106.31441,-6.60963],[106.31914,-6.61096],[106.32019,-6.61254],[106.3224,-6.6121],[106.32503,-6.61273],[106.32592,-6.61404],[106.3253,-6.6147],[106.32556,-6.6156],[106.32676,-6.61581],[106.32717,-6.61515],[106.32863,-6.61602],[106.32998,-6.61523],[106.33169,-6.61646],[106.33567,-6.61386],[106.33742,-6.61472],[106.33834,-6.61608],[106.33934,-6.61501],[106.34026,-6.61591],[106.34112,-6.61571],[106.34124,-6.61665],[106.34362,-6.61641],[106.34347,-6.61787],[106.34722,-6.61909],[106.34822,-6.61834],[106.35334,-6.61945],[106.35596,-6.61895],[106.35952,-6.6202],[106.36229,-6.62034],[106.36373,-6.62208],[106.37226,-6.62499],[106.37338,-6.62794],[106.37554,-6.62935],[106.37575,-6.63101]]]}},{"type":"Feature","properties":{"KODE_KEC":"36.02.23","KECAMATAN":"Curug Bitung","KAB_KOTA":"Lebak","dist_ind":14910.57,"camp_dens":0.0,"toll_pct":0.0,"sma_grad":1334,"area_km2":87.5444,"Pred_Reko":0},"geometry":{"type":"Polygon","coordinates":[[[106.41045,-6.47677],[106.40597,-6.48151],[106.40646,-6.49527],[106.40617,-6.49813],[106.40491,-6.50101],[106.40481,-6.51343],[106.40361,-6.51526],[106.40523,-6.51996],[106.39938,-6.52135],[106.38473,-6.5215],[106.38312,-6.52039],[106.38229,-6.51833],[106.38088,-6.51758],[106.37941,-6.51393],[106.37544,-6.51033],[106.3742,-6.50511],[106.37467,-6.50351],[106.37624,-6.50297],[106.37738,-6.50066],[106.37636,-6.49875],[106.37619,-6.49672],[106.37697,-6.49633],[106.37736,-6.49439],[106.37582,-6.49019],[106.37715,-6.48757],[106.37595,-6.48445],[106.37714,-6.48303],[106.37887,-6.48236],[106.38057,-6.4792],[106.38295,-6.47699],[106.38329,-6.47518],[106.38615,-6.47388],[106.38661,-6.47202],[106.3854,-6.47156],[106.38553,-6.46983],[106.38647,-6.47032],[106.38723,-6.46973],[106.38745,-6.46838],[106.38953,-6.46594],[106.38968,-6.46354],[106.38819,-6.46162],[106.38783,-6.45762],[106.38863,-6.45599],[106.38696,-6.45549],[106.38606,-6.45384],[106.38051,-6.45439],[106.37861,-6.45193],[106.37668,-6.45143],[106.37764,-6.44855],[106.37575,-6.44773],[106.37433,-6.44588],[106.37221,-6.44595],[106.37017,-6.44387],[106.36894,-6.4436],[106.36659,-6.44168],[106.36548,-6.44228],[106.36403,-6.44127],[106.36264,-6.44116],[106.36204,-6.44032],[106.36236,-6.43948],[106.36167,-6.43905],[106.36169,-6.43786],[106.36267,-6.43758],[106.3628,-6.43694],[106.36203,-6.43538],[106.36408,-6.43525],[106.36365,-6.4346],[106.36425,-6.43402],[106.36391,-6.43316],[106.36489,-6.43258],[106.36472,-6.43036],[106.36581,-6.43023],[106.36719,-6.428],[106.36809,-6.42775],[106.36559,-6.42483],[106.36685,-6.42284],[106.36856,-6.42216],[106.36767,-6.42055],[106.36616,-6.42101],[106.36627,-6.4195],[106.36567,-6.41888],[106.363,-6.41856],[106.36309,-6.41716],[106.36246,-6.41643],[106.36276,-6.4118],[106.36093,-6.41083],[106.36077,-6.40782],[106.35922,-6.40719],[106.35793,-6.40894],[106.35718,-6.40738],[106.35519,-6.40678],[106.35259,-6.40873],[106.35282,-6.40994],[106.35228,-6.41018],[106.35119,-6.40765],[106.34958,-6.40792],[106.34796,-6.40686],[106.34548,-6.40802],[106.34489,-6.4074],[106.34756,-6.40593],[106.34563,-6.40474],[106.34571,-6.404],[106.34971,-6.40362],[106.34924,-6.40282],[106.34809,-6.403],[106.34725,-6.40181],[106.34822,-6.40121],[106.34852,-6.39936],[106.34992,-6.39772],[106.35201,-6.39741],[106.35018,-6.3956],[106.35398,-6.39611],[106.35467,-6.39559],[106.35476,-6.39495],[106.35389,-6.39516],[106.35342,-6.39432],[106.35394,-6.39263],[106.35558,-6.39247],[106.35501,-6.39395],[106.35762,-6.39528],[106.35775,-6.39419],[106.35922,-6.39444],[106.35949,-6.39326],[106.36045,-6.3932],[106.36079,-6.3921],[106.36286,-6.39233],[106.36279,-6.39084],[106.36481,-6.38984],[106.36617,-6.38831],[106.37055,-6.38766],[106.37092,-6.38517],[106.37018,-6.38348],[106.37074,-6.3806],[106.37232,-6.37999],[106.37274,-6.37909],[106.37682,-6.37821],[106.37882,-6.37479],[106.381,-6.37281],[106.38052,-6.37071],[106.38113,-6.36982],[106.38096,-6.36639],[106.38118,-6.36494],[106.38244,-6.36323],[106.38154,-6.35966],[106.38782,-6.36036],[106.38786,-6.36169],[106.39228,-6.36289],[106.39317,-6.36272],[106.39343,-6.36166],[106.39428,-6.36203],[106.39302,-6.36426],[106.39352,-6.36557],[106.39272,-6.37037],[106.39033,-6.37201],[106.38722,-6.37653],[106.38795,-6.37766],[106.38842,-6.38302],[106.39015,-6.38709],[106.39209,-6.38808],[106.39431,-6.38808],[106.39563,-6.3891],[106.39501,-6.39008],[106.39626,-6.38975],[106.39718,-6.39043],[106.39682,-6.39393],[106.39827,-6.39574],[106.40043,-6.39534],[106.40267,-6.39379],[106.40405,-6.3955],[106.40916,-6.39573],[106.40981,-6.39374],[106.41189,-6.39359],[106.41257,-6.39187],[106.41514,-6.39367],[106.41606,-6.3928],[106.42039,-6.39419],[106.43328,-6.39025],[106.43446,-6.38958],[106.43636,-6.38694],[106.43796,-6.38806],[106.43539,-6.39017],[106.43737,-6.3911],[106.43842,-6.39422],[106.43704,-6.39405],[106.4361,-6.39261],[106.43461,-6.3923],[106.43395,-6.39286],[106.43421,-6.39417],[106.43685,-6.39512],[106.43995,-6.39767],[106.44166,-6.39615],[106.44226,-6.39694],[106.44149,-6.3985],[106.43818,-6.39959],[106.4393,-6.40448],[106.44165,-6.4055],[106.44394,-6.40484],[106.4443,-6.40804],[106.44714,-6.41073],[106.44953,-6.40892],[106.45022,-6.40701],[106.45103,-6.40707],[106.45158,-6.40942],[106.44999,-6.41308],[106.45393,-6.41396],[106.45402,-6.41875],[106.44713,-6.41906],[106.44576,-6.41956],[106.44449,-6.42154],[106.44463,-6.42241],[106.44612,-6.42319],[106.44964,-6.42132],[106.45076,-6.42391],[106.45346,-6.42513],[106.45467,-6.42692],[106.45361,-6.42747],[106.45167,-6.42617],[106.45001,-6.42686],[106.45041,-6.4279],[106.45289,-6.42848],[106.4514,-6.42978],[106.44855,-6.42982],[106.44799,-6.43036],[106.4484,-6.43143],[106.45026,-6.43276],[106.45024,-6.43414],[106.44864,-6.43545],[106.44633,-6.43543],[106.44637,-6.43695],[106.44385,-6.43835],[106.44361,-6.44106],[106.441,-6.44133],[106.4379,-6.44434],[106.43862,-6.44556],[106.4404,-6.44423],[106.44239,-6.4452],[106.44221,-6.44606],[106.44034,-6.44739],[106.44053,-6.44951],[106.43794,-6.44943],[106.43539,-6.44836],[106.43198,-6.44847],[106.42254,-6.44955],[106.40691,-6.45395],[106.40127,-6.45293],[106.40194,-6.45441],[106.40126,-6.4556],[106.4028,-6.45518],[106.40308,-6.45567],[106.40212,-6.45599],[106.40356,-6.45632],[106.40349,-6.45719],[106.40496,-6.45676],[106.4047,-6.45906],[106.40749,-6.46029],[106.41179,-6.46774],[106.41129,-6.47513],[106.41045,-6.47677]]]}},{"type":"Feature","properties":{"KODE_KEC":"36.02.20","KECAMATAN":"Cilograng","KAB_KOTA":"Lebak","dist_ind":68475.9,"camp_dens":0.0,"toll_pct":0.0,"sma_grad":4446,"area_km2":102.3866,"Pred_Reko":0},"geometry":{"type":"MultiPolygon","coordinates":[[[[106.34952,-6.99684],[106.34986,-6.99685],[106.34942,-6.99701],[106.34952,-6.99684]]],[[[106.36143,-6.99473],[106.36172,-6.9949],[106.36143,-6.99514],[106.36143,-6.99473]]],[[[106.37471,-6.9947],[106.37483,-6.9948],[106.37468,-6.99483],[106.37471,-6.9947]]],[[[106.37021,-6.99218],[106.3698,-6.99206],[106.36994,-6.99185],[106.37021,-6.99218]]],[[[106.38678,-6.99069],[106.3858,-6.99086],[106.38482,-6.98849],[106.38154,-6.98917],[106.38065,-6.99013],[106.38117,-6.99127],[106.38071,-6.99138],[106.38096,-6.99487],[106.38042,-6.99498],[106.3804,-6.99415],[106.37963,-6.99396],[106.37842,-6.99453],[106.37866,-6.99485],[106.37847,-6.99524],[106.37638,-6.99399],[106.37464,-6.99451],[106.37529,-6.99325],[106.37442,-6.99296],[106.37516,-6.99209],[106.37392,-6.99],[106.37323,-6.99059],[106.37266,-6.9897],[106.37089,-6.99021],[106.36967,-6.99189],[106.36797,-6.99258],[106.36819,-6.99321],[106.36755,-6.99381],[106.36637,-6.99278],[106.36617,-6.9934],[106.3655,-6.99266],[106.36439,-6.99291],[106.36462,-6.99224],[106.36408,-6.99276],[106.36389,-6.99111],[106.36312,-6.99088],[106.36068,-6.99258],[106.36129,-6.99549],[106.35885,-6.99762],[106.35793,-6.99752],[106.35853,-6.99777],[106.35801,-6.9982],[106.35715,-6.99819],[106.35693,-6.99758],[106.35645,-6.99864],[106.3546,-6.99944],[106.35636,-6.99741],[106.35633,-6.99654],[106.35346,-6.99417],[106.35204,-6.99388],[106.35188,-6.99432],[106.35193,-6.99396],[106.35183,-6.9939],[106.35161,-6.99453],[106.34721,-6.99676],[106.34745,-6.99344],[106.34857,-6.992],[106.3505,-6.98572],[106.35216,-6.98339],[106.35297,-6.98348],[106.3526,-6.98223],[106.35407,-6.98166],[106.35381,-6.98076],[106.35259,-6.98013],[106.35271,-6.97943],[106.35078,-6.98043],[106.35021,-6.97887],[106.3505,-6.97794],[106.35101,-6.97807],[106.35069,-6.97641],[106.35226,-6.97337],[106.35106,-6.97293],[106.35096,-6.97409],[106.35007,-6.97373],[106.34934,-6.97481],[106.34917,-6.97294],[106.34679,-6.97302],[106.34455,-6.9716],[106.34435,-6.97071],[106.34219,-6.97099],[106.3414,-6.97022],[106.34056,-6.9707],[106.33817,-6.97006],[106.33657,-6.96763],[106.33482,-6.96687],[106.33527,-6.96547],[106.33488,-6.9645],[106.33273,-6.96563],[106.33204,-6.96447],[106.32947,-6.96508],[106.32806,-6.9646],[106.32786,-6.96085],[106.3293,-6.96062],[106.32934,-6.95702],[106.33089,-6.95462],[106.32711,-6.95316],[106.32587,-6.95121],[106.32204,-6.9525],[106.32143,-6.95191],[106.3196,-6.9524],[106.31943,-6.94988],[106.31879,-6.94931],[106.31972,-6.94665],[106.31909,-6.9428],[106.31753,-6.94137],[106.31751,-6.93964],[106.31204,-6.93595],[106.31206,-6.93537],[106.31356,-6.93352],[106.31329,-6.93245],[106.31765,-6.93116],[106.32356,-6.93316],[106.32775,-6.93359],[106.32729,-6.93074],[106.32572,-6.92896],[106.32684,-6.92747],[106.32953,-6.92873],[106.33086,-6.92846],[106.32708,-6.9252],[106.32531,-6.92504],[106.32584,-6.92408],[106.32879,-6.92567],[106.32928,-6.92532],[106.32972,-6.92613],[106.33368,-6.9267],[106.33707,-6.92812],[106.33758,-6.92947],[106.3388,-6.92997],[106.34021,-6.93173],[106.34244,-6.93128],[106.34313,-6.93018],[106.34272,-6.92872],[106.34386,-6.9288],[106.34429,-6.92703],[106.34667,-6.92654],[106.34676,-6.92603],[106.34497,-6.92494],[106.34408,-6.9231],[106.34302,-6.92305],[106.3421,-6.92192],[106.33864,-6.9202],[106.33834,-6.91936],[106.33682,-6.91855],[106.33681,-6.91728],[106.33185,-6.91931],[106.33178,-6.91862],[106.33124,-6.91891],[106.33019,-6.91778],[106.32977,-6.91556],[106.32791,-6.91539],[106.32762,-6.91327],[106.32319,-6.91272],[106.32165,-6.91064],[106.32056,-6.91032],[106.321,-6.90688],[106.32031,-6.9057],[106.3212,-6.90334],[106.32309,-6.90294],[106.32449,-6.9039],[106.32536,-6.90272],[106.32708,-6.9032],[106.32909,-6.90212],[106.33029,-6.90256],[106.33149,-6.90198],[106.33283,-6.90219],[106.33517,-6.90089],[106.33552,-6.90013],[106.33453,-6.89883],[106.33651,-6.89533],[106.33826,-6.89429],[106.33689,-6.88942],[106.33943,-6.88652],[106.34044,-6.88662],[106.34171,-6.88509],[106.34251,-6.8855],[106.34331,-6.88498],[106.34474,-6.88174],[106.34804,-6.88093],[106.34949,-6.8798],[106.3511,-6.88004],[106.35224,-6.87908],[106.35304,-6.87916],[106.35169,-6.8759],[106.35237,-6.87522],[106.35199,-6.87453],[106.35396,-6.87389],[106.35441,-6.87226],[106.35604,-6.87219],[106.35707,-6.8695],[106.35765,-6.8695],[106.35875,-6.87297],[106.36109,-6.87449],[106.36211,-6.87623],[106.36307,-6.87488],[106.36398,-6.8754],[106.36483,-6.87467],[106.36713,-6.87595],[106.36766,-6.87546],[106.36712,-6.87508],[106.3726,-6.87215],[106.37487,-6.87272],[106.37532,-6.87035],[106.37645,-6.87033],[106.37595,-6.86898],[106.37769,-6.86775],[106.37915,-6.86535],[106.38093,-6.86496],[106.38041,-6.86351],[106.38232,-6.86296],[106.38205,-6.86128],[106.38301,-6.8612],[106.3835,-6.85904],[106.3845,-6.85825],[106.38424,-6.8576],[106.39093,-6.85044],[106.39284,-6.84757],[106.39406,-6.84384],[106.3966,-6.84551],[106.40422,-6.84825],[106.40305,-6.84943],[106.40333,-6.85097],[106.40185,-6.85328],[106.40283,-6.85428],[106.40302,-6.85569],[106.40541,-6.85529],[106.4091,-6.8529],[106.41318,-6.85213],[106.41518,-6.85513],[106.4149,-6.85699],[106.41566,-6.85868],[106.41733,-6.86013],[106.41871,-6.86023],[106.41987,-6.86289],[106.42315,-6.86399],[106.42476,-6.86563],[106.42566,-6.86832],[106.42421,-6.87032],[106.42213,-6.87061],[106.42149,-6.87244],[106.4192,-6.8742],[106.41987,-6.87709],[106.41942,-6.88037],[106.41374,-6.88234],[106.41256,-6.88454],[106.40977,-6.88423],[106.40602,-6.88655],[106.40602,-6.88874],[106.40383,-6.89103],[106.40331,-6.89382],[106.40179,-6.89639],[106.40001,-6.89786],[106.39736,-6.89801],[106.3929,-6.90064],[106.3934,-6.90258],[106.39218,-6.90464],[106.3955,-6.90794],[106.39725,-6.90882],[106.39717,-6.91115],[106.39849,-6.91369],[106.39797,-6.9184],[106.40004,-6.91994],[106.39967,-6.92207],[106.40029,-6.9236],[106.40019,-6.92421],[106.39861,-6.9244],[106.39923,-6.92657],[106.39792,-6.92902],[106.39582,-6.92929],[106.39394,-6.93195],[106.39117,-6.93223],[106.39071,-6.93416],[106.39143,-6.93948],[106.38966,-6.94217],[106.39133,-6.94412],[106.39164,-6.94612],[106.39353,-6.94766],[106.39383,-6.94916],[106.39525,-6.95108],[106.39498,-6.95238],[106.39575,-6.95406],[106.39479,-6.95635],[106.39546,-6.95975],[106.39326,-6.95902],[106.39237,-6.96035],[106.39575,-6.96325],[106.39438,-6.9645],[106.39359,-6.9683],[106.39361,-6.97367],[106.39666,-6.97466],[106.39712,-6.97846],[106.39595,-6.97674],[106.39659,-6.97892],[106.39562,-6.97979],[106.395,-6.98206],[106.39335,-6.98287],[106.39298,-6.98421],[106.39097,-6.98604],[106.38778,-6.98777],[106.38721,-6.9895],[106.38682,-6.98927],[106.38678,-6.99069]]],[[[106.37614,-6.99571],[106.37587,-6.99562],[106.37613,-6.99554],[106.37614,-6.99571]]],[[[106.37608,-6.99536],[106.37581,-6.99532],[106.376,-6.99526],[106.37608,-6.99536]]],[[[106.37596,-6.99482],[106.37559,-6.99493],[106.37576,-6.99465],[106.37596,-6.99482]]],[[[106.37637,-6.99463],[106.37627,-6.99483],[106.37606,-6.99473],[106.37637,-6.99463]]],[[[106.37496,-6.99455],[106.37505,-6.99465],[106.37495,-6.99462],[106.37496,-6.99455]]]]}},{"type":"Feature","properties":{"KODE_KEC":"36.02.25","KECAMATAN":"Lebakgedong","KAB_KOTA":"Lebak","dist_ind":36047.41,"camp_dens":0.0,"toll_pct":0.0,"sma_grad":3240,"area_km2":90.4105,"Pred_Reko":0},"geometry":{"type":"Polygon","coordinates":[[[106.42647,-6.60643],[106.42884,-6.61881],[106.43152,-6.62327],[106.4304,-6.62476],[106.42999,-6.64398],[106.43114,-6.64794],[106.43157,-6.65317],[106.42904,-6.67306],[106.42928,-6.68105],[106.43085,-6.68613],[106.436,-6.69478],[106.44015,-6.69904],[106.4462,-6.703],[106.44845,-6.70556],[106.44999,-6.70857],[106.45162,-6.71387],[106.45051,-6.7247],[106.45147,-6.7283],[106.43439,-6.72952],[106.42813,-6.72799],[106.42293,-6.72541],[106.42129,-6.70948],[106.41865,-6.70652],[106.41415,-6.70303],[106.40704,-6.69253],[106.40605,-6.68929],[106.40577,-6.68405],[106.40357,-6.67292],[106.40107,-6.66693],[106.39559,-6.66176],[106.39133,-6.6558],[106.38548,-6.64342],[106.38414,-6.64137],[106.37932,-6.63734],[106.37626,-6.63248],[106.37554,-6.62935],[106.37338,-6.62794],[106.37226,-6.62499],[106.36373,-6.62208],[106.36229,-6.62034],[106.36152,-6.61847],[106.36163,-6.61688],[106.36346,-6.6126],[106.36348,-6.60545],[106.36186,-6.60202],[106.36191,-6.59926],[106.36048,-6.59865],[106.35963,-6.5971],[106.35913,-6.59537],[106.35953,-6.59445],[106.35736,-6.59261],[106.35684,-6.59074],[106.35589,-6.59039],[106.35491,-6.58856],[106.35373,-6.58776],[106.3534,-6.58372],[106.3541,-6.58269],[106.35392,-6.58105],[106.36293,-6.58012],[106.36306,-6.58164],[106.36239,-6.58299],[106.36283,-6.58408],[106.36426,-6.58474],[106.36393,-6.58617],[106.36751,-6.58544],[106.36866,-6.58319],[106.37029,-6.58263],[106.36952,-6.5815],[106.37361,-6.58195],[106.37758,-6.58087],[106.37963,-6.58112],[106.38128,-6.58006],[106.38103,-6.57858],[106.38208,-6.57749],[106.38127,-6.57646],[106.38119,-6.57402],[106.38322,-6.57234],[106.38084,-6.56943],[106.38015,-6.5671],[106.38056,-6.56578],[106.38434,-6.56424],[106.3867,-6.56607],[106.39218,-6.56558],[106.39456,-6.56355],[106.40014,-6.56259],[106.40094,-6.55922],[106.40188,-6.55799],[106.40235,-6.55814],[106.40208,-6.55699],[106.40553,-6.55917],[106.41701,-6.55918],[106.41677,-6.56111],[106.41799,-6.56385],[106.4205,-6.56619],[106.42392,-6.56715],[106.42528,-6.56837],[106.4295,-6.57759],[106.43001,-6.58005],[106.42902,-6.58931],[106.42963,-6.59415],[106.42647,-6.60643]]]}},{"type":"Feature","properties":{"KODE_KEC":"36.71.08","KECAMATAN":"Periuk","KAB_KOTA":"Kota Tangerang","dist_ind":6745.67,"camp_dens":0.0,"toll_pct":0.0,"sma_grad":3328,"area_km2":11.4631,"Pred_Reko":1},"geometry":{"type":"Polygon","coordinates":[[[106.60094,-6.17471],[106.60253,-6.17899],[106.60081,-6.1804],[106.59991,-6.18797],[106.59903,-6.18785],[106.59864,-6.18875],[106.5973,-6.18917],[106.59182,-6.18898],[106.59043,-6.19032],[106.58954,-6.18998],[106.59151,-6.18588],[106.58724,-6.18575],[106.58718,-6.1831],[106.58776,-6.18246],[106.58576,-6.18103],[106.58598,-6.17579],[106.58545,-6.17526],[106.58331,-6.17559],[106.58251,-6.17973],[106.57672,-6.17824],[106.57444,-6.18646],[106.57266,-6.18482],[106.57101,-6.18425],[106.56704,-6.17619],[106.56856,-6.1749],[106.57219,-6.17485],[106.57336,-6.17388],[106.57536,-6.17389],[106.57686,-6.1725],[106.57905,-6.17218],[106.57864,-6.17004],[106.58002,-6.16871],[106.58064,-6.16697],[106.58261,-6.1669],[106.58306,-6.16277],[106.58367,-6.16221],[106.58732,-6.16198],[106.59204,-6.15852],[106.59106,-6.15837],[106.59189,-6.15675],[106.59138,-6.15643],[106.59038,-6.14822],[106.59245,-6.1483],[106.59244,-6.14772],[106.61337,-6.14778],[106.61242,-6.15262],[106.6133,-6.15576],[106.61506,-6.15776],[106.61362,-6.15792],[106.61425,-6.15917],[106.61265,-6.16183],[106.60895,-6.16167],[106.60882,-6.16281],[106.60932,-6.16309],[106.60888,-6.16449],[106.60753,-6.16477],[106.60646,-6.16766],[106.60349,-6.17083],[106.60406,-6.17141],[106.60331,-6.17119],[106.60261,-6.17259],[106.60165,-6.17276],[106.60094,-6.17471]]]}},{"type":"Feature","properties":{"KODE_KEC":"36.71.09","KECAMATAN":"Cibodas","KAB_KOTA":"Kota Tangerang","dist_ind":8203.39,"camp_dens":0.0,"toll_pct":0.000441,"sma_grad":3382,"area_km2":8.9794,"Pred_Reko":2},"geometry":{"type":"Polygon","coordinates":[[[106.61996,-6.21166],[106.62033,-6.21286],[106.6244,-6.21389],[106.62676,-6.21532],[106.63059,-6.21897],[106.62966,-6.22435],[106.63041,-6.22549],[106.62803,-6.22855],[106.62557,-6.22726],[106.61879,-6.22755],[106.6176,-6.22495],[106.61522,-6.22514],[106.61387,-6.22692],[106.61163,-6.22715],[106.61077,-6.225],[106.61373,-6.22351],[106.61385,-6.22025],[106.60929,-6.22013],[106.61253,-6.2159],[106.6093,-6.2148],[106.60575,-6.21475],[106.60511,-6.21357],[106.60251,-6.21304],[106.6048,-6.20842],[106.60204,-6.2061],[106.6011,-6.20554],[106.6,-6.20719],[106.59707,-6.20715],[106.59655,-6.20585],[106.5957,-6.20588],[106.59573,-6.20491],[106.59372,-6.20468],[106.59258,-6.20278],[106.59148,-6.20289],[106.58944,-6.20188],[106.58998,-6.20118],[106.58855,-6.19917],[106.58624,-6.19788],[106.58719,-6.19352],[106.59182,-6.18898],[106.5973,-6.18917],[106.59864,-6.18875],[106.59903,-6.18785],[106.59991,-6.18797],[106.60081,-6.1804],[106.60184,-6.17921],[106.60411,-6.18009],[106.60392,-6.18073],[106.60556,-6.18203],[106.60552,-6.1838],[106.60753,-6.18682],[106.60689,-6.18751],[106.60708,-6.18965],[106.60884,-6.19067],[106.60841,-6.19193],[106.60893,-6.1932],[106.60808,-6.19329],[106.60818,-6.19544],[106.61022,-6.19585],[106.61064,-6.19654],[106.60963,-6.19791],[106.61051,-6.19885],[106.61132,-6.20163],[106.612,-6.20186],[106.61137,-6.20486],[106.6127,-6.20857],[106.61409,-6.20945],[106.61474,-6.21099],[106.6161,-6.21038],[106.61996,-6.21166]]]}},{"type":"Feature","properties":{"KODE_KEC":"36.71.06","KECAMATAN":"Ciledug","KAB_KOTA":"Kota Tangerang","dist_ind":11058.75,"camp_dens":0.0,"toll_pct":0.0,"sma_grad":5236,"area_km2":8.6226,"Pred_Reko":2},"geometry":{"type":"Polygon","coordinates":[[[106.71875,-6.24492],[106.71788,-6.24739],[106.71949,-6.24806],[106.71946,-6.24936],[106.72049,-6.25097],[106.71448,-6.25152],[106.70587,-6.25094],[106.70403,-6.25356],[106.70401,-6.2561],[106.70262,-6.25477],[106.69939,-6.25343],[106.69831,-6.25166],[106.696,-6.25134],[106.69722,-6.24433],[106.69078,-6.24354],[106.6889,-6.23882],[106.6877,-6.23929],[106.6871,-6.23857],[106.68735,-6.23723],[106.68891,-6.23562],[106.6882,-6.23405],[106.68979,-6.2328],[106.68976,-6.23358],[106.69082,-6.23347],[106.69164,-6.23153],[106.69355,-6.23141],[106.69435,-6.23018],[106.69323,-6.22982],[106.69521,-6.22672],[106.69705,-6.22772],[106.69826,-6.22715],[106.6988,-6.22606],[106.69992,-6.22622],[106.70028,-6.22786],[106.70118,-6.22787],[106.70232,-6.22461],[106.70309,-6.2241],[106.7039,-6.22541],[106.71089,-6.22483],[106.71505,-6.22722],[106.71853,-6.22776],[106.72337,-6.22966],[106.72232,-6.23079],[106.71904,-6.23817],[106.71875,-6.24492]]]}},{"type":"Feature","properties":{"KODE_KEC":"36.71.07","KECAMATAN":"Karawaci","KAB_KOTA":"Kota Tangerang","dist_ind":9238.14,"camp_dens":0.3796,"toll_pct":0.0,"sma_grad":2298,"area_km2":13.1723,"Pred_Reko":1},"geometry":{"type":"Polygon","coordinates":[[[106.61455,-6.21085],[106.61409,-6.20945],[106.61271,-6.20859],[106.61177,-6.2067],[106.61137,-6.20486],[106.612,-6.20186],[106.61132,-6.20163],[106.61051,-6.19885],[106.60963,-6.19791],[106.61057,-6.19637],[106.60815,-6.19539],[106.60808,-6.19329],[106.60893,-6.1932],[106.60841,-6.19193],[106.60886,-6.19078],[106.60708,-6.18965],[106.60689,-6.18751],[106.60753,-6.18682],[106.60552,-6.1838],[106.60556,-6.18203],[106.60392,-6.18073],[106.60419,-6.18015],[106.60187,-6.17923],[106.60253,-6.17899],[106.60199,-6.17812],[106.60217,-6.17659],[106.60094,-6.17471],[106.60165,-6.17276],[106.60261,-6.17259],[106.60331,-6.17119],[106.60406,-6.17141],[106.60349,-6.17083],[106.60646,-6.16766],[106.60753,-6.16477],[106.60888,-6.16449],[106.60932,-6.16309],[106.60882,-6.16281],[106.60895,-6.16167],[106.61265,-6.16183],[106.61425,-6.15917],[106.61364,-6.15789],[106.61506,-6.15776],[106.61638,-6.15877],[106.61762,-6.1588],[106.61937,-6.15761],[106.62177,-6.1546],[106.62327,-6.15407],[106.62724,-6.15835],[106.63386,-6.16759],[106.6328,-6.16866],[106.62845,-6.16903],[106.62877,-6.17555],[106.62794,-6.17881],[106.62998,-6.18191],[106.63031,-6.18674],[106.63392,-6.18831],[106.63419,-6.1891],[106.63212,-6.19104],[106.62755,-6.19095],[106.6262,-6.19196],[106.62633,-6.19846],[106.62347,-6.20247],[106.62196,-6.20589],[106.62357,-6.21086],[106.61998,-6.21163],[106.6161,-6.21038],[106.61553,-6.21101],[106.61455,-6.21085]]]}},{"type":"Feature","properties":{"KODE_KEC":"36.71.01","KECAMATAN":"Tangerang","KAB_KOTA":"Kota Tangerang","dist_ind":11791.25,"camp_dens":0.394,"toll_pct":0.000335,"sma_grad":4503,"area_km2":15.2265,"Pred_Reko":2},"geometry":{"type":"Polygon","coordinates":[[[106.64823,-6.18658],[106.64898,-6.18879],[106.64865,-6.19329],[106.64948,-6.19427],[106.64745,-6.19499],[106.64741,-6.19706],[106.64835,-6.19776],[106.64847,-6.20203],[106.64691,-6.20203],[106.6466,-6.20283],[106.64851,-6.20502],[106.64763,-6.2069],[106.64625,-6.20697],[106.64661,-6.21211],[106.64729,-6.21382],[106.63449,-6.21439],[106.62817,-6.21498],[106.62717,-6.21567],[106.6244,-6.21389],[106.61994,-6.21257],[106.62011,-6.21153],[106.62367,-6.21069],[106.62196,-6.20589],[106.62347,-6.20247],[106.62633,-6.19846],[106.62632,-6.19175],[106.62755,-6.19095],[106.63212,-6.19104],[106.63419,-6.1891],[106.63392,-6.18831],[106.63031,-6.18674],[106.62998,-6.18191],[106.62796,-6.17912],[106.62877,-6.17555],[106.62845,-6.16903],[106.6328,-6.16866],[106.63386,-6.16759],[106.6357,-6.16783],[106.65931,-6.16386],[106.65952,-6.16552],[106.6608,-6.16689],[106.65984,-6.16732],[106.66026,-6.1698],[106.65933,-6.17009],[106.65973,-6.17384],[106.66029,-6.17375],[106.66052,-6.17524],[106.65845,-6.17644],[106.65934,-6.17705],[106.65977,-6.17642],[106.66039,-6.17671],[106.66021,-6.17845],[106.66115,-6.17945],[106.6622,-6.17945],[106.66219,-6.18297],[106.65893,-6.18399],[106.65828,-6.18315],[106.65697,-6.18344],[106.65516,-6.18612],[106.6522,-6.18554],[106.65271,-6.18658],[106.64981,-6.18654],[106.64964,-6.18611],[106.64823,-6.18658]]]}},{"type":"Feature","properties":{"KODE_KEC":"36.71.04","KECAMATAN":"Benda","KAB_KOTA":"Kota Tangerang","dist_ind":15516.47,"camp_dens":0.0,"toll_pct":0.000762,"sma_grad":3565,"area_km2":25.0438,"Pred_Reko":2},"geometry":{"type":"Polygon","coordinates":[[[106.6867,-6.144],[106.6873,-6.14399],[106.6877,-6.15348],[106.6869,-6.15459],[106.6844,-6.15486],[106.67055,-6.15451],[106.66632,-6.15279],[106.65758,-6.14699],[106.65004,-6.14813],[106.64953,-6.14273],[106.63359,-6.14921],[106.63273,-6.14894],[106.63448,-6.11679],[106.63793,-6.11488],[106.6398,-6.11506],[106.64039,-6.11381],[106.64133,-6.11409],[106.64238,-6.11339],[106.64257,-6.1161],[106.64135,-6.12263],[106.64679,-6.12234],[106.64782,-6.12151],[106.65543,-6.11943],[106.67256,-6.11946],[106.67294,-6.1167],[106.67232,-6.11569],[106.67301,-6.11254],[106.67191,-6.11091],[106.67056,-6.11064],[106.67089,-6.10959],[106.67245,-6.10944],[106.67121,-6.10592],[106.67164,-6.10391],[106.67285,-6.10384],[106.67281,-6.10293],[106.67556,-6.10209],[106.67577,-6.09861],[106.68799,-6.09707],[106.68852,-6.10017],[106.68915,-6.10025],[106.68945,-6.10182],[106.68819,-6.1032],[106.68878,-6.10439],[106.68874,-6.10809],[106.68928,-6.10874],[106.69125,-6.10888],[106.69143,-6.10715],[106.69301,-6.10628],[106.69475,-6.10721],[106.69528,-6.10958],[106.69643,-6.11084],[106.69689,-6.11059],[106.69586,-6.112],[106.69563,-6.11389],[106.69399,-6.11342],[106.69125,-6.11372],[106.69025,-6.11695],[106.68998,-6.12109],[106.68794,-6.12461],[106.68648,-6.12519],[106.68581,-6.12843],[106.68675,-6.13677],[106.6867,-6.144]]]}},{"type":"Feature","properties":{"KODE_KEC":"36.71.05","KECAMATAN":"Cipondoh","KAB_KOTA":"Kota Tangerang","dist_ind":16450.83,"camp_dens":0.0,"toll_pct":0.000128,"sma_grad":4387,"area_km2":17.6913,"Pred_Reko":2},"geometry":{"type":"Polygon","coordinates":[[[106.69587,-6.1752],[106.72152,-6.18478],[106.72441,-6.18532],[106.72414,-6.18589],[106.72262,-6.18562],[106.72137,-6.18706],[106.71795,-6.18776],[106.71603,-6.19018],[106.71489,-6.18993],[106.71483,-6.19162],[106.71381,-6.1911],[106.71291,-6.19208],[106.71259,-6.19537],[106.71119,-6.19583],[106.71023,-6.19738],[106.70862,-6.1966],[106.7077,-6.19684],[106.70752,-6.19541],[106.70478,-6.19621],[106.70349,-6.19502],[106.70278,-6.19626],[106.70225,-6.19562],[106.7002,-6.19553],[106.70043,-6.19794],[106.7021,-6.19822],[106.70028,-6.19954],[106.69866,-6.20202],[106.69774,-6.2003],[106.69515,-6.20129],[106.69412,-6.19856],[106.69262,-6.19967],[106.68846,-6.20088],[106.68727,-6.19969],[106.68652,-6.20029],[106.68649,-6.20142],[106.68349,-6.20113],[106.68294,-6.20208],[106.68202,-6.20193],[106.6818,-6.20313],[106.67961,-6.20341],[106.67754,-6.2018],[106.67782,-6.19985],[106.6769,-6.19862],[106.67733,-6.19669],[106.67518,-6.19441],[106.67463,-6.19514],[106.67134,-6.19487],[106.67009,-6.19733],[106.66897,-6.19771],[106.66869,-6.19713],[106.66761,-6.1972],[106.66667,-6.19813],[106.66429,-6.19731],[106.65824,-6.19735],[106.65728,-6.19642],[106.6542,-6.19637],[106.65387,-6.19518],[106.65064,-6.19485],[106.64868,-6.19345],[106.64898,-6.18879],[106.64822,-6.18637],[106.65271,-6.18658],[106.6522,-6.18554],[106.65516,-6.18612],[106.65697,-6.18344],[106.65828,-6.18315],[106.65864,-6.18396],[106.66048,-6.18384],[106.6605,-6.18323],[106.66219,-6.18297],[106.66245,-6.18234],[106.6622,-6.17945],[106.66115,-6.17945],[106.66021,-6.17845],[106.66039,-6.17671],[106.65977,-6.17642],[106.65934,-6.17705],[106.65845,-6.17644],[106.66052,-6.17524],[106.66029,-6.17375],[106.65973,-6.17384],[106.65933,-6.17009],[106.66026,-6.1698],[106.65984,-6.16732],[106.6608,-6.16689],[106.65952,-6.16552],[106.65931,-6.16386],[106.67096,-6.16359],[106.67084,-6.16512],[106.67024,-6.16515],[106.67005,-6.16597],[106.67097,-6.16858],[106.67095,-6.17148],[106.67035,-6.17158],[106.66896,-6.1744],[106.66906,-6.17529],[106.67017,-6.17612],[106.66977,-6.18138],[106.67235,-6.18149],[106.67385,-6.17983],[106.67412,-6.17856],[106.67668,-6.17903],[106.67686,-6.17831],[106.67767,-6.17856],[106.67876,-6.17394],[106.6842,-6.17574],[106.68491,-6.17437],[106.6846,-6.17267],[106.68524,-6.17203],[106.69123,-6.17351],[106.69118,-6.17491],[106.69452,-6.17575],[106.69587,-6.1752]]]}},{"type":"Feature","properties":{"KODE_KEC":"36.71.02","KECAMATAN":"Jatiuwung","KAB_KOTA":"Kota Tangerang","dist_ind":4953.87,"camp_dens":0.0,"toll_pct":0.0,"sma_grad":3528,"area_km2":14.5228,"Pred_Reko":2},"geometry":{"type":"Polygon","coordinates":[[[106.58015,-6.21627],[106.57323,-6.21554],[106.57334,-6.21432],[106.57133,-6.21411],[106.57149,-6.2121],[106.57085,-6.21205],[106.57073,-6.21332],[106.56953,-6.21324],[106.56955,-6.2128],[106.5649,-6.21124],[106.56659,-6.20831],[106.56908,-6.20627],[106.5631,-6.20408],[106.55807,-6.20146],[106.55787,-6.20076],[106.5542,-6.19944],[106.55262,-6.19949],[106.55277,-6.19836],[106.55393,-6.19777],[106.55322,-6.19673],[106.55399,-6.19034],[106.55145,-6.19004],[106.55188,-6.18812],[106.55338,-6.18813],[106.55261,-6.18755],[106.55265,-6.18479],[106.55315,-6.18508],[106.55385,-6.1837],[106.55457,-6.1845],[106.56094,-6.18161],[106.56058,-6.18055],[106.56116,-6.18014],[106.56158,-6.18078],[106.56364,-6.17942],[106.56488,-6.17978],[106.56473,-6.17811],[106.56537,-6.17822],[106.56562,-6.17691],[106.56704,-6.17619],[106.57101,-6.18425],[106.57266,-6.18482],[106.57444,-6.18646],[106.57672,-6.17824],[106.58251,-6.17973],[106.58331,-6.17559],[106.58531,-6.1752],[106.58598,-6.17579],[106.58576,-6.18103],[106.58776,-6.18246],[106.58718,-6.1831],[106.58724,-6.18575],[106.59151,-6.18588],[106.58954,-6.18998],[106.59043,-6.19032],[106.58719,-6.19352],[106.58624,-6.19788],[106.58855,-6.19917],[106.58998,-6.20118],[106.58944,-6.20188],[106.59148,-6.20289],[106.59258,-6.20278],[106.59372,-6.20468],[106.59573,-6.20491],[106.59561,-6.20733],[106.59461,-6.20831],[106.59472,-6.21088],[106.59373,-6.21355],[106.59475,-6.21458],[106.59361,-6.21811],[106.59237,-6.21999],[106.58863,-6.22257],[106.58801,-6.22157],[106.58292,-6.22068],[106.58015,-6.21627]]]}},{"type":"Feature","properties":{"KODE_KEC":"36.71.03","KECAMATAN":"Batuceper","KAB_KOTA":"Kota Tangerang","dist_ind":15153.32,"camp_dens":0.0,"toll_pct":0.000454,"sma_grad":3452,"area_km2":8.5269,"Pred_Reko":2},"geometry":{"type":"Polygon","coordinates":[[[106.68804,-6.15993],[106.69093,-6.15994],[106.69092,-6.16101],[106.68931,-6.16396],[106.6893,-6.16698],[106.68866,-6.16697],[106.68811,-6.16843],[106.68701,-6.16862],[106.68681,-6.17235],[106.68524,-6.17203],[106.6846,-6.17267],[106.68491,-6.17437],[106.6842,-6.17574],[106.67876,-6.17394],[106.67767,-6.17856],[106.67686,-6.17831],[106.67668,-6.17903],[106.67412,-6.17856],[106.67385,-6.17983],[106.67235,-6.18149],[106.66977,-6.18138],[106.67017,-6.17612],[106.66906,-6.17529],[106.66896,-6.1744],[106.67035,-6.17158],[106.67095,-6.17148],[106.67097,-6.16858],[106.67005,-6.16597],[106.67024,-6.16515],[106.67084,-6.16512],[106.67096,-6.16359],[106.65682,-6.16402],[106.6501,-6.16531],[106.65049,-6.15819],[106.65017,-6.15463],[106.64914,-6.15475],[106.6488,-6.14862],[106.6572,-6.14693],[106.66632,-6.15279],[106.6709,-6.1546],[106.68397,-6.15487],[106.68776,-6.15428],[106.68804,-6.15993]]]}},{"type":"Feature","properties":{"KODE_KEC":"36.71.11","KECAMATAN":"Pinang","KAB_KOTA":"Kota Tangerang","dist_ind":13308.65,"camp_dens":0.0449,"toll_pct":0.001485,"sma_grad":3671,"area_km2":22.2708,"Pred_Reko":2},"geometry":{"type":"Polygon","coordinates":[[[106.65019,-6.23003],[106.63832,-6.22989],[106.63199,-6.22658],[106.62966,-6.22435],[106.63059,-6.21897],[106.62717,-6.21567],[106.62817,-6.21498],[106.63449,-6.21439],[106.64729,-6.21382],[106.64661,-6.21211],[106.64625,-6.20697],[106.64763,-6.2069],[106.64851,-6.20502],[106.6466,-6.20283],[106.64691,-6.20203],[106.64847,-6.20203],[106.64835,-6.19776],[106.64741,-6.19706],[106.64747,-6.19488],[106.64948,-6.19427],[106.65387,-6.19518],[106.65409,-6.19633],[106.65728,-6.19642],[106.65814,-6.19734],[106.66429,-6.19731],[106.66667,-6.19813],[106.66761,-6.1972],[106.66869,-6.19713],[106.66897,-6.19771],[106.67009,-6.19733],[106.67134,-6.19487],[106.67463,-6.19514],[106.67518,-6.19441],[106.67733,-6.19669],[106.6769,-6.19862],[106.67782,-6.19985],[106.67764,-6.20198],[106.68031,-6.20352],[106.68042,-6.20305],[106.6818,-6.20313],[106.68202,-6.20193],[106.68294,-6.20208],[106.68349,-6.20113],[106.68649,-6.20142],[106.68652,-6.20029],[106.68727,-6.19969],[106.68846,-6.20088],[106.69262,-6.19967],[106.69412,-6.19856],[106.69515,-6.20129],[106.69425,-6.2037],[106.69463,-6.20529],[106.69299,-6.20581],[106.69404,-6.20714],[106.69484,-6.20696],[106.69573,-6.21083],[106.69717,-6.21154],[106.69643,-6.21213],[106.69671,-6.21703],[106.69566,-6.21834],[106.69305,-6.2181],[106.69323,-6.21966],[106.69487,-6.22188],[106.69584,-6.22204],[106.69681,-6.22396],[106.69323,-6.22982],[106.69435,-6.23018],[106.69355,-6.23141],[106.69008,-6.23168],[106.68794,-6.23019],[106.68295,-6.22982],[106.68179,-6.23005],[106.68148,-6.2311],[106.66154,-6.2313],[106.65019,-6.23003]]]}},{"type":"Feature","properties":{"KODE_KEC":"36.71.12","KECAMATAN":"Karang Tengah","KAB_KOTA":"Kota Tangerang","dist_ind":14214.72,"camp_dens":0.0,"toll_pct":0.000636,"sma_grad":2768,"area_km2":10.1531,"Pred_Reko":2},"geometry":{"type":"Polygon","coordinates":[[[106.70309,-6.2241],[106.70118,-6.22787],[106.70028,-6.22786],[106.69992,-6.22622],[106.6988,-6.22606],[106.69826,-6.22715],[106.69705,-6.22772],[106.69521,-6.22672],[106.69679,-6.2238],[106.69584,-6.22204],[106.69487,-6.22188],[106.69343,-6.21997],[106.69304,-6.21816],[106.69566,-6.21834],[106.69671,-6.21703],[106.69643,-6.21213],[106.69717,-6.21154],[106.69573,-6.21083],[106.69484,-6.20696],[106.69404,-6.20714],[106.69299,-6.20581],[106.69461,-6.20536],[106.69421,-6.20452],[106.69469,-6.20149],[106.69774,-6.2003],[106.69827,-6.20058],[106.6982,-6.20173],[106.6988,-6.20191],[106.70028,-6.19954],[106.7021,-6.19822],[106.70043,-6.19794],[106.7002,-6.19553],[106.70225,-6.19562],[106.70278,-6.19626],[106.70349,-6.19502],[106.70478,-6.19621],[106.70752,-6.19541],[106.7077,-6.19684],[106.70862,-6.1966],[106.71016,-6.1974],[106.71117,-6.19584],[106.71211,-6.19595],[106.7129,-6.19486],[106.71257,-6.19318],[106.71344,-6.19177],[106.71803,-6.19276],[106.71963,-6.19191],[106.72023,-6.19246],[106.72198,-6.19146],[106.72413,-6.19179],[106.72471,-6.1941],[106.72387,-6.19619],[106.72447,-6.19662],[106.72339,-6.19907],[106.72453,-6.20227],[106.72438,-6.20786],[106.72357,-6.20853],[106.72309,-6.21231],[106.71991,-6.21217],[106.71884,-6.21856],[106.7183,-6.2186],[106.71783,-6.22019],[106.71809,-6.22304],[106.71987,-6.22309],[106.72017,-6.22423],[106.72183,-6.2251],[106.7227,-6.22648],[106.72362,-6.22651],[106.72337,-6.22966],[106.71853,-6.22776],[106.71505,-6.22722],[106.71089,-6.22483],[106.7039,-6.22541],[106.70309,-6.2241]]]}},{"type":"Feature","properties":{"KODE_KEC":"36.71.10","KECAMATAN":"Neglasari","KAB_KOTA":"Kota Tangerang","dist_ind":11335.43,"camp_dens":0.0,"toll_pct":0.0,"sma_grad":5001,"area_km2":14.1791,"Pred_Reko":2},"geometry":{"type":"Polygon","coordinates":[[[106.6501,-6.16531],[106.6357,-6.16783],[106.63386,-6.16759],[106.62377,-6.15433],[106.62229,-6.15423],[106.61928,-6.15769],[106.61684,-6.1589],[106.61344,-6.15599],[106.61242,-6.15262],[106.61342,-6.14606],[106.61576,-6.14092],[106.61158,-6.13715],[106.61083,-6.13577],[106.61095,-6.13469],[106.61321,-6.13309],[106.61413,-6.13124],[106.61401,-6.1261],[106.61572,-6.12528],[106.61763,-6.12294],[106.62056,-6.12271],[106.62307,-6.12069],[106.62643,-6.1207],[106.62857,-6.11996],[106.63044,-6.12121],[106.63209,-6.12023],[106.63136,-6.11724],[106.63258,-6.1158],[106.63276,-6.11223],[106.6358,-6.10611],[106.6375,-6.10561],[106.63728,-6.10612],[106.6387,-6.10608],[106.6428,-6.10859],[106.64197,-6.11066],[106.64238,-6.11339],[106.64133,-6.11409],[106.64039,-6.11381],[106.6398,-6.11506],[106.63793,-6.11488],[106.63448,-6.11679],[106.63273,-6.14894],[106.63359,-6.14921],[106.64953,-6.14273],[106.65004,-6.14813],[106.6488,-6.14862],[106.64914,-6.15475],[106.65017,-6.15463],[106.65049,-6.15819],[106.6501,-6.16531]]]}},{"type":"Feature","properties":{"KODE_KEC":"36.71.13","KECAMATAN":"Larangan","KAB_KOTA":"Kota Tangerang","dist_ind":12152.83,"camp_dens":0.0,"toll_pct":0.0,"sma_grad":4471,"area_km2":8.5005,"Pred_Reko":2},"geometry":{"type":"Polygon","coordinates":[[[106.74401,-6.23637],[106.74683,-6.23639],[106.74862,-6.24072],[106.74729,-6.2426],[106.74687,-6.24481],[106.74666,-6.24731],[106.74819,-6.24956],[106.74723,-6.25147],[106.7383,-6.25099],[106.73779,-6.2524],[106.72917,-6.25295],[106.72494,-6.25255],[106.72345,-6.25088],[106.72049,-6.25097],[106.71946,-6.24936],[106.71949,-6.24806],[106.71788,-6.24739],[106.71914,-6.24381],[106.71904,-6.23817],[106.72359,-6.22852],[106.72362,-6.22651],[106.7227,-6.22648],[106.72039,-6.22424],[106.73741,-6.22377],[106.73774,-6.22537],[106.73956,-6.22537],[106.73978,-6.2262],[106.7404,-6.22623],[106.74033,-6.22766],[106.74331,-6.22756],[106.74326,-6.22877],[106.74442,-6.22903],[106.7439,-6.2305],[106.74545,-6.23083],[106.7454,-6.2318],[106.74448,-6.23229],[106.74479,-6.23383],[106.74401,-6.23637]]]}},{"type":"Feature","properties":{"KODE_KEC":"32.03.31","KECAMATAN":"Haurwangi","KAB_KOTA":"Cianjur","dist_ind":31074.33,"camp_dens":0.0,"toll_pct":0.0,"sma_grad":2604,"area_km2":45.9747,"Pred_Reko":0},"geometry":{"type":"Polygon","coordinates":[[[107.32502,-6.84183],[107.32527,-6.84428],[107.32735,-6.84639],[107.32744,-6.84768],[107.32682,-6.84891],[107.32435,-6.84913],[107.32386,-6.85088],[107.32592,-6.85296],[107.3278,-6.85187],[107.32914,-6.85203],[107.32898,-6.85431],[107.32974,-6.85624],[107.33092,-6.85624],[107.33212,-6.85398],[107.33446,-6.85309],[107.33587,-6.85422],[107.33645,-6.85701],[107.338,-6.85763],[107.34071,-6.85473],[107.34123,-6.85088],[107.34286,-6.84896],[107.34399,-6.84962],[107.34265,-6.85259],[107.34289,-6.85338],[107.34788,-6.85242],[107.34945,-6.85351],[107.35001,-6.85655],[107.34686,-6.86097],[107.34933,-6.86582],[107.34734,-6.86766],[107.34702,-6.87042],[107.34385,-6.87148],[107.34373,-6.87357],[107.34136,-6.87494],[107.34175,-6.87715],[107.34306,-6.87895],[107.3415,-6.8814],[107.34177,-6.88389],[107.34114,-6.88574],[107.33801,-6.88682],[107.33307,-6.88695],[107.33089,-6.88851],[107.32907,-6.88739],[107.32666,-6.88711],[107.32324,-6.88788],[107.31589,-6.89485],[107.31435,-6.89747],[107.31031,-6.89525],[107.30664,-6.89489],[107.30491,-6.89394],[107.30214,-6.89417],[107.29871,-6.89247],[107.29775,-6.89133],[107.29698,-6.88546],[107.2962,-6.88549],[107.2963,-6.88481],[107.29473,-6.88336],[107.29473,-6.8807],[107.29349,-6.87919],[107.2904,-6.87905],[107.28358,-6.87668],[107.28584,-6.87505],[107.29315,-6.87274],[107.29408,-6.87146],[107.29536,-6.87134],[107.29536,-6.86766],[107.2941,-6.86604],[107.29449,-6.86247],[107.29398,-6.86104],[107.29634,-6.85867],[107.29174,-6.85452],[107.29132,-6.84941],[107.28796,-6.84317],[107.28824,-6.84111],[107.28758,-6.84074],[107.28696,-6.83686],[107.28647,-6.83686],[107.28741,-6.83219],[107.28942,-6.83078],[107.28233,-6.82658],[107.28265,-6.82222],[107.28333,-6.82205],[107.28265,-6.822],[107.28254,-6.81952],[107.28438,-6.81838],[107.2841,-6.81717],[107.28249,-6.81703],[107.28315,-6.81611],[107.28304,-6.81473],[107.28569,-6.81435],[107.28575,-6.81174],[107.2869,-6.81033],[107.28733,-6.80844],[107.28966,-6.80746],[107.29084,-6.80531],[107.29208,-6.80515],[107.29284,-6.80419],[107.29248,-6.80328],[107.295,-6.80208],[107.29527,-6.79989],[107.29773,-6.79734],[107.29864,-6.79748],[107.30079,-6.79157],[107.3016,-6.7934],[107.30387,-6.79511],[107.30808,-6.79678],[107.31092,-6.79914],[107.31416,-6.80071],[107.31409,-6.80348],[107.31548,-6.80564],[107.3149,-6.80815],[107.31922,-6.81185],[107.32008,-6.8141],[107.31809,-6.81796],[107.31621,-6.81973],[107.31616,-6.82254],[107.31728,-6.82353],[107.32264,-6.82486],[107.32338,-6.82998],[107.32234,-6.83893],[107.32272,-6.84011],[107.32502,-6.84183]]]}},{"type":"Feature","properties":{"KODE_KEC":"32.71.04","KECAMATAN":"Bogor Barat","KAB_KOTA":"Kota Bogor","dist_ind":11659.78,"camp_dens":0.1716,"toll_pct":0.0,"sma_grad":4875,"area_km2":23.3155,"Pred_Reko":2},"geometry":{"type":"Polygon","coordinates":[[[106.76281,-6.58303],[106.76056,-6.58233],[106.7602,-6.58132],[106.75822,-6.58008],[106.75805,-6.57914],[106.75653,-6.57859],[106.75617,-6.57726],[106.75316,-6.57607],[106.75134,-6.57341],[106.74944,-6.5723],[106.74645,-6.5728],[106.74607,-6.5746],[106.74454,-6.57551],[106.74453,-6.57627],[106.74334,-6.57555],[106.74125,-6.57549],[106.74105,-6.57351],[106.73916,-6.57253],[106.73847,-6.57108],[106.74129,-6.57012],[106.742,-6.56829],[106.74016,-6.56813],[106.74045,-6.56692],[106.73964,-6.56715],[106.73917,-6.56545],[106.73772,-6.56563],[106.73716,-6.56719],[106.73558,-6.56553],[106.73484,-6.5599],[106.7355,-6.55959],[106.73546,-6.55465],[106.73614,-6.55415],[106.73778,-6.55485],[106.73647,-6.55278],[106.73746,-6.55192],[106.7373,-6.54966],[106.73906,-6.54797],[106.73893,-6.54573],[106.73989,-6.54601],[106.7401,-6.54439],[106.73919,-6.54421],[106.7403,-6.54216],[106.74395,-6.54377],[106.74687,-6.54369],[106.74709,-6.54512],[106.74823,-6.54611],[106.74797,-6.54782],[106.74967,-6.54715],[106.75061,-6.54998],[106.75204,-6.55106],[106.75328,-6.55081],[106.75415,-6.5486],[106.75581,-6.54758],[106.75867,-6.54822],[106.7607,-6.54998],[106.76278,-6.54946],[106.76289,-6.54675],[106.76442,-6.54549],[106.76515,-6.54365],[106.76419,-6.54225],[106.76313,-6.53608],[106.76148,-6.53415],[106.76314,-6.53377],[106.76404,-6.53217],[106.76553,-6.53594],[106.76424,-6.53861],[106.76505,-6.53987],[106.76792,-6.54102],[106.76943,-6.54612],[106.77066,-6.54693],[106.77236,-6.55089],[106.77347,-6.55117],[106.77367,-6.55363],[106.77553,-6.55709],[106.77513,-6.55819],[106.7757,-6.56272],[106.777,-6.56446],[106.77884,-6.56517],[106.7799,-6.56945],[106.78417,-6.57673],[106.78469,-6.57512],[106.78334,-6.57421],[106.78328,-6.57327],[106.78802,-6.5733],[106.78778,-6.58943],[106.78609,-6.59032],[106.78474,-6.58776],[106.78316,-6.58653],[106.78202,-6.58887],[106.78115,-6.58838],[106.77976,-6.59067],[106.78128,-6.59292],[106.78355,-6.59201],[106.78474,-6.59226],[106.78263,-6.59508],[106.78319,-6.59606],[106.78248,-6.59797],[106.78288,-6.59892],[106.78432,-6.59939],[106.7858,-6.59819],[106.78753,-6.59835],[106.7886,-6.59942],[106.78782,-6.60005],[106.78834,-6.60092],[106.79162,-6.60222],[106.79076,-6.60443],[106.79249,-6.60432],[106.79241,-6.60751],[106.79452,-6.61077],[106.79478,-6.61342],[106.79559,-6.61491],[106.79501,-6.61534],[106.79644,-6.61682],[106.79518,-6.6178],[106.79517,-6.61901],[106.79336,-6.61918],[106.79227,-6.62072],[106.7913,-6.62037],[106.79097,-6.62108],[106.78921,-6.62088],[106.78884,-6.61684],[106.78979,-6.61553],[106.7912,-6.61492],[106.7903,-6.61316],[106.79045,-6.61129],[106.78919,-6.61135],[106.7896,-6.60942],[106.78711,-6.60873],[106.78189,-6.61215],[106.78189,-6.61101],[106.7794,-6.61075],[106.77972,-6.60839],[106.77868,-6.6079],[106.77866,-6.60715],[106.77671,-6.60609],[106.77552,-6.60623],[106.77542,-6.6039],[106.77468,-6.6033],[106.77452,-6.60196],[106.77293,-6.60156],[106.77122,-6.60199],[106.77004,-6.60032],[106.76992,-6.59905],[106.76834,-6.59867],[106.76803,-6.59596],[106.76654,-6.5948],[106.76628,-6.59187],[106.76515,-6.59037],[106.76471,-6.58825],[106.76371,-6.58734],[106.76452,-6.58696],[106.76282,-6.58464],[106.76281,-6.58303]]]}},{"type":"Feature","properties":{"KODE_KEC":"32.71.05","KECAMATAN":"Bogor Utara","KAB_KOTA":"Kota Bogor","dist_ind":7078.97,"camp_dens":0.0551,"toll_pct":0.000345,"sma_grad":2219,"area_km2":18.1374,"Pred_Reko":1},"geometry":{"type":"Polygon","coordinates":[[[106.83588,-6.57506],[106.83794,-6.57986],[106.83234,-6.59629],[106.82515,-6.59629],[106.82527,-6.59973],[106.82721,-6.60077],[106.82747,-6.60423],[106.82638,-6.60519],[106.82449,-6.60501],[106.82393,-6.60554],[106.81893,-6.60499],[106.81761,-6.59808],[106.81566,-6.59833],[106.8163,-6.59422],[106.81558,-6.59307],[106.81563,-6.59139],[106.80896,-6.59169],[106.80923,-6.58979],[106.81108,-6.58858],[106.81159,-6.58747],[106.81182,-6.58602],[106.81077,-6.583],[106.81121,-6.58223],[106.80889,-6.58202],[106.80852,-6.58111],[106.80676,-6.58085],[106.80548,-6.58161],[106.80332,-6.58169],[106.80097,-6.5835],[106.79962,-6.58331],[106.79792,-6.58138],[106.80085,-6.57929],[106.80219,-6.57587],[106.80412,-6.57512],[106.80757,-6.57069],[106.80717,-6.56908],[106.80815,-6.56721],[106.80752,-6.56332],[106.80989,-6.55981],[106.80829,-6.55635],[106.806,-6.5551],[106.80544,-6.55176],[106.80192,-6.55015],[106.80114,-6.54666],[106.80244,-6.54318],[106.80034,-6.542],[106.8004,-6.54067],[106.80134,-6.53951],[106.80299,-6.53822],[106.80435,-6.54073],[106.80591,-6.54104],[106.80581,-6.54526],[106.80754,-6.5463],[106.80893,-6.54543],[106.80938,-6.54647],[106.81004,-6.54644],[106.81141,-6.53878],[106.81752,-6.53876],[106.81887,-6.53814],[106.81829,-6.54236],[106.82291,-6.54275],[106.82327,-6.54356],[106.82354,-6.54255],[106.82408,-6.54252],[106.82449,-6.54452],[106.82312,-6.54519],[106.82357,-6.54689],[106.82394,-6.54719],[106.82544,-6.54512],[106.82597,-6.54775],[106.82929,-6.55035],[106.83019,-6.55462],[106.82977,-6.55637],[106.83061,-6.55788],[106.83012,-6.5608],[106.83203,-6.56309],[106.83273,-6.56528],[106.83473,-6.56743],[106.83588,-6.57506]]]}},{"type":"Feature","properties":{"KODE_KEC":"32.71.02","KECAMATAN":"Bogor Timur","KAB_KOTA":"Kota Bogor","dist_ind":11843.51,"camp_dens":0.0,"toll_pct":9.3e-05,"sma_grad":3887,"area_km2":10.464,"Pred_Reko":2},"geometry":{"type":"Polygon","coordinates":[[[106.84741,-6.64363],[106.84856,-6.64903],[106.84728,-6.65529],[106.84249,-6.65],[106.84148,-6.64787],[106.83954,-6.64726],[106.83787,-6.6456],[106.83743,-6.64477],[106.83876,-6.64417],[106.83918,-6.64323],[106.83527,-6.63957],[106.83491,-6.63998],[106.82669,-6.63459],[106.82363,-6.62868],[106.82098,-6.62543],[106.80903,-6.61517],[106.80484,-6.60959],[106.80664,-6.60923],[106.80716,-6.60832],[106.80228,-6.60226],[106.80532,-6.60167],[106.80686,-6.60441],[106.81592,-6.59817],[106.81756,-6.59799],[106.81893,-6.60499],[106.82358,-6.60556],[106.82449,-6.60501],[106.82638,-6.60519],[106.82771,-6.6034],[106.82708,-6.60258],[106.82718,-6.60073],[106.82527,-6.59973],[106.82515,-6.59629],[106.83234,-6.59629],[106.83121,-6.60256],[106.83239,-6.61533],[106.83894,-6.63153],[106.84741,-6.64363]]]}},{"type":"Feature","properties":{"KODE_KEC":"32.71.03","KECAMATAN":"Bogor Tengah","KAB_KOTA":"Kota Bogor","dist_ind":10448.36,"camp_dens":1.1952,"toll_pct":0.0,"sma_grad":2159,"area_km2":8.3667,"Pred_Reko":0},"geometry":{"type":"Polygon","coordinates":[[[106.80532,-6.60167],[106.80228,-6.60226],[106.80716,-6.60832],[106.80664,-6.60923],[106.80484,-6.60959],[106.80577,-6.6108],[106.80514,-6.61124],[106.80466,-6.61057],[106.80378,-6.61179],[106.80268,-6.61106],[106.80222,-6.60972],[106.80084,-6.60951],[106.80082,-6.6088],[106.79946,-6.60881],[106.79779,-6.60699],[106.79656,-6.60707],[106.79438,-6.60576],[106.79319,-6.6082],[106.7927,-6.60802],[106.79248,-6.6043],[106.79075,-6.60439],[106.79162,-6.60222],[106.78834,-6.60092],[106.78782,-6.60005],[106.78861,-6.59945],[106.78781,-6.59849],[106.78589,-6.59817],[106.7842,-6.5994],[106.78265,-6.59861],[106.78319,-6.59611],[106.78265,-6.59503],[106.78474,-6.59226],[106.78364,-6.59199],[106.78127,-6.59291],[106.78001,-6.59154],[106.77976,-6.5901],[106.78115,-6.58838],[106.78202,-6.58887],[106.78316,-6.58653],[106.78474,-6.58776],[106.78609,-6.59032],[106.78778,-6.58943],[106.78795,-6.5726],[106.78866,-6.57293],[106.78881,-6.57505],[106.79226,-6.575],[106.79135,-6.57883],[106.79254,-6.58149],[106.79194,-6.58314],[106.7947,-6.5816],[106.79537,-6.57922],[106.79665,-6.57883],[106.79939,-6.57988],[106.79791,-6.58133],[106.79962,-6.58331],[106.80171,-6.58336],[106.80332,-6.58169],[106.80548,-6.58161],[106.80676,-6.58085],[106.80852,-6.58111],[106.80889,-6.58202],[106.81121,-6.58223],[106.81077,-6.583],[106.81182,-6.58602],[106.81159,-6.58747],[106.81108,-6.58858],[106.80923,-6.58979],[106.80896,-6.59169],[106.81563,-6.59139],[106.81559,-6.59314],[106.8163,-6.59417],[106.81582,-6.59784],[106.80686,-6.60441],[106.80532,-6.60167]]]}},{"type":"Feature","properties":{"KODE_KEC":"32.71.06","KECAMATAN":"Tanah Sareal","KAB_KOTA":"Kota Bogor","dist_ind":8347.36,"camp_dens":0.1942,"toll_pct":0.000675,"sma_grad":3993,"area_km2":20.6001,"Pred_Reko":2},"geometry":{"type":"Polygon","coordinates":[[[106.78866,-6.57293],[106.78328,-6.57327],[106.78334,-6.57421],[106.78469,-6.57512],[106.78393,-6.5765],[106.7799,-6.56945],[106.77884,-6.56517],[106.777,-6.56446],[106.77546,-6.56228],[106.77553,-6.55709],[106.77367,-6.55363],[106.77347,-6.55117],[106.77236,-6.55089],[106.77066,-6.54693],[106.76943,-6.54612],[106.76792,-6.54102],[106.76505,-6.53987],[106.76424,-6.53861],[106.76553,-6.53594],[106.76492,-6.53545],[106.7652,-6.53408],[106.76423,-6.5331],[106.76434,-6.53098],[106.76503,-6.53025],[106.76458,-6.52921],[106.7661,-6.52733],[106.76433,-6.52515],[106.76511,-6.52388],[106.76432,-6.52318],[106.76467,-6.52107],[106.76638,-6.5194],[106.76636,-6.51813],[106.76497,-6.51689],[106.76569,-6.51618],[106.76509,-6.51549],[106.76953,-6.51504],[106.77586,-6.51544],[106.77599,-6.51497],[106.77849,-6.51517],[106.78093,-6.51433],[106.78381,-6.51508],[106.78839,-6.5148],[106.79034,-6.5225],[106.78966,-6.52472],[106.78975,-6.5274],[106.79177,-6.52828],[106.79195,-6.5297],[106.79295,-6.53025],[106.79281,-6.53126],[106.79367,-6.53158],[106.793,-6.5365],[106.79135,-6.53633],[106.7912,-6.53784],[106.78876,-6.5378],[106.78873,-6.53974],[106.7898,-6.54009],[106.79005,-6.54416],[106.79356,-6.54417],[106.79309,-6.54604],[106.79555,-6.54634],[106.79555,-6.54719],[106.79712,-6.54765],[106.79628,-6.55089],[106.7984,-6.55028],[106.79882,-6.55163],[106.79938,-6.55171],[106.79878,-6.54704],[106.79974,-6.54715],[106.79978,-6.54251],[106.80236,-6.54305],[106.80114,-6.54666],[106.80192,-6.55015],[106.80544,-6.55176],[106.806,-6.5551],[106.80812,-6.55616],[106.80986,-6.55937],[106.80953,-6.5608],[106.80752,-6.56332],[106.80815,-6.56721],[106.80716,-6.56913],[106.8076,-6.57061],[106.80412,-6.57512],[106.80219,-6.57587],[106.80081,-6.57932],[106.79939,-6.57988],[106.79756,-6.57885],[106.79537,-6.57922],[106.7947,-6.5816],[106.79194,-6.58314],[106.79254,-6.58149],[106.79135,-6.57883],[106.79226,-6.575],[106.78881,-6.57505],[106.78866,-6.57293]]]}},{"type":"Feature","properties":{"KODE_KEC":"32.75.01","KECAMATAN":"Bekasi Timur","KAB_KOTA":"Kota Bekasi","dist_ind":8378.72,"camp_dens":0.0683,"toll_pct":0.000382,"sma_grad":3079,"area_km2":14.6353,"Pred_Reko":2},"geometry":{"type":"Polygon","coordinates":[[[107.03753,-6.22964],[107.03848,-6.23056],[107.03871,-6.23248],[107.04239,-6.23375],[107.0415,-6.24612],[107.0399,-6.24631],[107.03893,-6.24719],[107.03521,-6.24675],[107.03308,-6.24919],[107.03034,-6.25027],[107.02963,-6.25306],[107.02874,-6.25254],[107.02463,-6.25481],[107.02383,-6.25659],[107.02268,-6.25737],[107.02003,-6.26351],[106.99373,-6.25453],[106.99417,-6.25284],[106.99633,-6.25293],[106.99823,-6.24829],[106.99837,-6.24618],[107.00062,-6.24507],[107.00118,-6.24254],[107.00219,-6.24144],[107.00169,-6.23908],[107.00303,-6.23714],[107.00118,-6.23594],[107.00109,-6.23465],[107.00175,-6.23421],[107.00295,-6.2349],[107.00598,-6.23448],[107.0076,-6.23294],[107.00824,-6.23138],[107.00656,-6.23046],[107.00643,-6.22976],[107.0072,-6.22899],[107.00983,-6.22881],[107.01013,-6.22495],[107.01201,-6.22453],[107.01501,-6.22493],[107.01936,-6.22256],[107.02047,-6.22333],[107.02481,-6.22368],[107.02872,-6.22242],[107.03116,-6.22398],[107.03026,-6.22662],[107.03398,-6.22677],[107.03449,-6.22891],[107.03753,-6.22964]]]}},{"type":"Feature","properties":{"KODE_KEC":"32.75.04","KECAMATAN":"Bekasi Selatan","KAB_KOTA":"Kota Bekasi","dist_ind":9675.04,"camp_dens":0.0633,"toll_pct":0.001474,"sma_grad":5622,"area_km2":15.8065,"Pred_Reko":2},"geometry":{"type":"Polygon","coordinates":[[[106.96955,-6.28205],[106.96463,-6.28101],[106.96439,-6.28026],[106.96219,-6.28116],[106.95947,-6.28122],[106.95671,-6.28009],[106.95573,-6.28128],[106.95633,-6.28216],[106.956,-6.28318],[106.95319,-6.28278],[106.95405,-6.28219],[106.95412,-6.28008],[106.95519,-6.27914],[106.95662,-6.27345],[106.95649,-6.26579],[106.95742,-6.2657],[106.95747,-6.25964],[106.95654,-6.25648],[106.96334,-6.25502],[106.97215,-6.25003],[106.9761,-6.24886],[106.97586,-6.2476],[106.97738,-6.24483],[106.9768,-6.24448],[106.97678,-6.24334],[106.97926,-6.24079],[106.97956,-6.23311],[106.98165,-6.23347],[106.98409,-6.22911],[106.98883,-6.2325],[106.9949,-6.23418],[107.00146,-6.23811],[107.00219,-6.24144],[107.00118,-6.24254],[107.00062,-6.24507],[106.99837,-6.24618],[106.99823,-6.24829],[106.99633,-6.25293],[106.99403,-6.25307],[106.99313,-6.25816],[106.99173,-6.25831],[106.98896,-6.2617],[106.98834,-6.26472],[106.98938,-6.26721],[106.98922,-6.26844],[106.98732,-6.26917],[106.98568,-6.2661],[106.986,-6.26976],[106.98304,-6.27137],[106.98243,-6.27353],[106.9835,-6.27422],[106.98376,-6.27625],[106.98506,-6.27822],[106.98501,-6.28026],[106.98438,-6.28081],[106.98311,-6.28039],[106.98359,-6.27797],[106.98029,-6.27767],[106.97828,-6.27673],[106.97792,-6.27871],[106.97483,-6.27912],[106.97515,-6.28006],[106.97432,-6.2799],[106.97424,-6.28093],[106.97315,-6.28087],[106.97293,-6.28136],[106.97032,-6.28092],[106.96955,-6.28205]]]}},{"type":"Feature","properties":{"KODE_KEC":"32.75.05","KECAMATAN":"Rawalumbu","KAB_KOTA":"Kota Bekasi","dist_ind":10921.53,"camp_dens":0.1187,"toll_pct":0.000339,"sma_grad":3857,"area_km2":16.8531,"Pred_Reko":2},"geometry":{"type":"Polygon","coordinates":[[[106.99802,-6.29537],[106.99795,-6.29742],[106.99706,-6.29886],[106.99739,-6.30032],[106.9946,-6.30477],[106.99354,-6.30532],[106.99338,-6.30639],[106.97231,-6.30568],[106.97214,-6.30415],[106.97535,-6.30274],[106.9732,-6.29939],[106.97123,-6.29892],[106.97436,-6.29715],[106.97421,-6.29564],[106.97203,-6.29331],[106.97274,-6.2901],[106.97329,-6.28887],[106.97534,-6.28903],[106.97506,-6.2848],[106.97642,-6.28314],[106.97841,-6.28284],[106.97898,-6.28175],[106.97817,-6.28042],[106.97506,-6.28004],[106.97473,-6.27924],[106.97792,-6.27871],[106.97799,-6.27693],[106.97874,-6.2767],[106.98029,-6.27767],[106.98359,-6.27797],[106.98311,-6.28039],[106.98438,-6.28081],[106.98501,-6.28026],[106.98506,-6.27822],[106.98376,-6.27625],[106.9835,-6.27422],[106.9824,-6.27324],[106.98323,-6.27104],[106.986,-6.26976],[106.98544,-6.26623],[106.98625,-6.26647],[106.98732,-6.26917],[106.98922,-6.26844],[106.98938,-6.26721],[106.98834,-6.26472],[106.98896,-6.2617],[106.99173,-6.25831],[106.99313,-6.25816],[106.99373,-6.25453],[107.01783,-6.26296],[107.01645,-6.2657],[107.01718,-6.26823],[107.01645,-6.2702],[107.0179,-6.27132],[107.0166,-6.27625],[107.01436,-6.2797],[107.01228,-6.28072],[107.01138,-6.28222],[107.00967,-6.28354],[107.00781,-6.2834],[107.00483,-6.28572],[107.00213,-6.29218],[107.00039,-6.29437],[106.99802,-6.29537]]]}},{"type":"Feature","properties":{"KODE_KEC":"32.75.02","KECAMATAN":"Bekasi Barat","KAB_KOTA":"Kota Bekasi","dist_ind":6674.94,"camp_dens":0.1342,"toll_pct":0.001355,"sma_grad":3645,"area_km2":14.8995,"Pred_Reko":2},"geometry":{"type":"Polygon","coordinates":[[[106.97956,-6.23311],[106.97926,-6.24079],[106.97678,-6.24334],[106.9768,-6.24448],[106.97738,-6.24483],[106.97586,-6.2476],[106.9761,-6.24886],[106.97175,-6.25022],[106.96418,-6.25467],[106.95654,-6.25648],[106.95618,-6.25603],[106.95748,-6.25337],[106.95654,-6.2531],[106.95645,-6.25234],[106.95699,-6.25241],[106.9561,-6.25054],[106.95302,-6.24988],[106.94379,-6.24994],[106.94443,-6.24667],[106.94401,-6.24531],[106.94499,-6.2455],[106.94491,-6.2438],[106.94371,-6.24383],[106.94362,-6.23917],[106.9428,-6.23869],[106.94266,-6.23759],[106.94452,-6.23668],[106.94554,-6.23687],[106.94721,-6.22652],[106.94869,-6.22224],[106.9508,-6.21934],[106.95379,-6.21921],[106.95406,-6.21748],[106.95704,-6.21815],[106.95766,-6.21772],[106.95902,-6.21234],[106.96134,-6.21169],[106.96282,-6.21217],[106.96298,-6.21112],[106.96624,-6.20687],[106.96714,-6.20912],[106.96972,-6.2094],[106.97024,-6.21503],[106.97225,-6.21493],[106.97227,-6.21403],[106.97387,-6.21419],[106.97396,-6.21317],[106.97682,-6.21337],[106.97406,-6.21873],[106.97396,-6.22015],[106.97589,-6.22216],[106.98299,-6.22639],[106.98189,-6.22777],[106.98409,-6.22911],[106.98165,-6.23347],[106.97956,-6.23311]]]}},{"type":"Feature","properties":{"KODE_KEC":"32.75.03","KECAMATAN":"Bekasi Utara","KAB_KOTA":"Kota Bekasi","dist_ind":10351.49,"camp_dens":0.1442,"toll_pct":0.0,"sma_grad":2674,"area_km2":20.8053,"Pred_Reko":1},"geometry":{"type":"Polygon","coordinates":[[[107.01825,-6.20005],[107.01968,-6.19895],[107.01995,-6.19644],[107.02285,-6.19747],[107.02553,-6.19698],[107.02774,-6.19811],[107.03378,-6.19878],[107.03274,-6.20543],[107.03397,-6.20621],[107.03211,-6.20848],[107.03368,-6.21065],[107.03397,-6.21218],[107.03113,-6.21445],[107.03083,-6.21563],[107.03313,-6.22007],[107.0318,-6.221],[107.03171,-6.2231],[107.03105,-6.22371],[107.02872,-6.22242],[107.02481,-6.22368],[107.02047,-6.22333],[107.01936,-6.22256],[107.01501,-6.22493],[107.01201,-6.22453],[107.01013,-6.22495],[107.00983,-6.22881],[107.0072,-6.22899],[107.00643,-6.22976],[107.00656,-6.23046],[107.00824,-6.23138],[107.0076,-6.23294],[107.00598,-6.23448],[107.00295,-6.2349],[107.00175,-6.23421],[107.00109,-6.23465],[107.00118,-6.23594],[107.00303,-6.23714],[107.00192,-6.23872],[106.99668,-6.23527],[106.9996,-6.23288],[106.99739,-6.23075],[106.99812,-6.22719],[106.99642,-6.22185],[106.99445,-6.22259],[106.99326,-6.22128],[106.99332,-6.21999],[106.99004,-6.21855],[106.98982,-6.21737],[106.98486,-6.21653],[106.98493,-6.21598],[106.98272,-6.21568],[106.98287,-6.21613],[106.98155,-6.21619],[106.98106,-6.21486],[106.97888,-6.21314],[106.97932,-6.20869],[106.97892,-6.20412],[106.97993,-6.19679],[106.99435,-6.19897],[106.99616,-6.19515],[106.99519,-6.19457],[106.99626,-6.19108],[106.99564,-6.19083],[106.99498,-6.18804],[106.99384,-6.18778],[106.99382,-6.187],[106.9966,-6.18727],[106.99674,-6.18653],[106.99771,-6.18672],[106.99757,-6.18765],[106.99697,-6.1878],[106.99715,-6.18865],[106.99919,-6.18819],[106.99936,-6.18523],[106.99824,-6.185],[106.99842,-6.1825],[106.998,-6.18251],[106.99805,-6.18021],[106.99886,-6.18025],[106.99895,-6.17958],[106.99891,-6.17434],[106.99626,-6.17338],[106.99612,-6.17263],[107.01027,-6.17235],[107.01075,-6.17469],[107.00981,-6.17462],[107.00969,-6.17701],[107.00666,-6.17741],[107.00696,-6.17929],[107.00678,-6.17997],[107.0061,-6.17997],[107.00633,-6.18375],[107.00748,-6.18482],[107.00641,-6.19321],[107.00834,-6.19349],[107.01033,-6.19255],[107.01193,-6.19289],[107.01165,-6.19502],[107.01332,-6.19566],[107.01377,-6.19504],[107.0155,-6.1953],[107.01635,-6.19831],[107.01825,-6.20005]]]}},{"type":"Feature","properties":{"KODE_KEC":"31.74.01","KECAMATAN":"Tebet","KAB_KOTA":"Kota Administrasi Jakarta Selatan","dist_ind":7646.77,"camp_dens":0.5348,"toll_pct":0.000334,"sma_grad":4303,"area_km2":9.3498,"Pred_Reko":2},"geometry":{"type":"Polygon","coordinates":[[[106.86254,-6.24312],[106.84348,-6.24331],[106.83466,-6.2409],[106.83511,-6.23817],[106.83637,-6.23603],[106.8368,-6.23014],[106.8351,-6.22562],[106.83878,-6.2252],[106.83779,-6.22266],[106.83858,-6.22223],[106.83857,-6.22151],[106.8453,-6.22146],[106.84612,-6.22093],[106.84391,-6.21536],[106.84738,-6.20993],[106.84781,-6.20829],[106.84872,-6.20764],[106.85302,-6.20976],[106.85463,-6.21124],[106.85751,-6.2123],[106.85831,-6.21355],[106.85698,-6.21447],[106.85632,-6.21621],[106.85717,-6.21753],[106.85789,-6.21755],[106.85864,-6.2163],[106.86024,-6.2173],[106.86358,-6.21634],[106.8601,-6.22129],[106.86132,-6.22185],[106.86175,-6.21984],[106.86298,-6.21979],[106.86544,-6.22341],[106.86529,-6.22441],[106.86354,-6.22478],[106.86478,-6.22683],[106.8649,-6.22866],[106.86328,-6.23083],[106.86539,-6.23257],[106.86643,-6.23436],[106.86528,-6.23517],[106.86692,-6.23871],[106.86678,-6.23918],[106.86613,-6.23885],[106.86536,-6.23693],[106.86398,-6.23714],[106.86308,-6.23881],[106.86254,-6.24312]]]}},{"type":"Feature","properties":{"KODE_KEC":"31.74.04","KECAMATAN":"Pasar Minggu","KAB_KOTA":"Kota Administrasi Jakarta Selatan","dist_ind":13754.41,"camp_dens":0.2313,"toll_pct":0.000423,"sma_grad":3077,"area_km2":21.6196,"Pred_Reko":1},"geometry":{"type":"Polygon","coordinates":[[[106.83661,-6.30177],[106.83731,-6.30572],[106.83522,-6.31838],[106.83385,-6.31838],[106.83197,-6.32145],[106.82937,-6.32121],[106.82914,-6.32204],[106.82528,-6.32151],[106.8248,-6.31782],[106.81636,-6.31685],[106.81614,-6.31065],[106.81035,-6.31079],[106.80916,-6.31169],[106.80797,-6.31105],[106.80826,-6.30994],[106.80683,-6.30903],[106.80854,-6.30814],[106.80844,-6.30571],[106.80922,-6.30504],[106.80834,-6.30339],[106.80704,-6.30277],[106.80602,-6.29849],[106.80501,-6.2981],[106.80689,-6.29565],[106.80504,-6.29315],[106.80625,-6.29076],[106.80831,-6.28984],[106.80848,-6.28749],[106.80916,-6.28594],[106.80976,-6.28587],[106.80935,-6.2822],[106.81077,-6.27965],[106.8127,-6.27835],[106.81294,-6.27633],[106.81402,-6.27593],[106.81391,-6.27306],[106.82105,-6.27428],[106.82182,-6.27162],[106.82374,-6.27076],[106.8252,-6.27135],[106.82458,-6.27018],[106.82564,-6.26867],[106.82537,-6.26765],[106.82653,-6.26618],[106.82735,-6.26646],[106.82763,-6.26563],[106.82916,-6.26949],[106.82871,-6.27493],[106.83254,-6.2745],[106.83212,-6.27105],[106.83286,-6.26899],[106.83211,-6.26835],[106.83495,-6.26841],[106.83486,-6.26599],[106.84396,-6.26602],[106.84324,-6.26259],[106.85209,-6.26215],[106.85002,-6.26682],[106.85545,-6.26669],[106.85658,-6.2703],[106.85567,-6.27034],[106.85514,-6.26961],[106.85488,-6.27047],[106.85681,-6.27242],[106.85363,-6.27195],[106.8534,-6.27329],[106.85133,-6.27364],[106.85193,-6.27515],[106.85161,-6.27625],[106.84919,-6.27658],[106.84672,-6.27904],[106.84777,-6.28004],[106.8504,-6.27976],[106.84754,-6.28309],[106.84883,-6.28369],[106.8474,-6.28537],[106.84757,-6.28666],[106.84912,-6.28847],[106.8503,-6.28791],[106.85122,-6.28839],[106.8508,-6.28974],[106.84936,-6.29045],[106.85068,-6.29286],[106.85127,-6.29284],[106.85182,-6.29113],[106.85439,-6.29043],[106.85231,-6.29447],[106.85407,-6.29389],[106.85428,-6.29604],[106.85076,-6.2958],[106.85054,-6.29676],[106.8521,-6.29791],[106.85098,-6.29794],[106.84458,-6.29686],[106.84083,-6.29528],[106.83978,-6.30302],[106.83661,-6.30177]]]}},{"type":"Feature","properties":{"KODE_KEC":"31.74.05","KECAMATAN":"Kebayoran Lama","KAB_KOTA":"Kota Administrasi Jakarta Selatan","dist_ind":14631.8,"camp_dens":0.2099,"toll_pct":0.000199,"sma_grad":2258,"area_km2":19.0592,"Pred_Reko":1},"geometry":{"type":"Polygon","coordinates":[[[106.78506,-6.25736],[106.78536,-6.26538],[106.78642,-6.26602],[106.7874,-6.26791],[106.78976,-6.26921],[106.7907,-6.26879],[106.79152,-6.27306],[106.78966,-6.27588],[106.79006,-6.28158],[106.78506,-6.28808],[106.7857,-6.2896],[106.78495,-6.29099],[106.78437,-6.29165],[106.78088,-6.29049],[106.77808,-6.28842],[106.77639,-6.28927],[106.76928,-6.28926],[106.76663,-6.29065],[106.76607,-6.28906],[106.76732,-6.28846],[106.7662,-6.28659],[106.76802,-6.28604],[106.76568,-6.28405],[106.76773,-6.28195],[106.76952,-6.28144],[106.76762,-6.27934],[106.76936,-6.27804],[106.77036,-6.27814],[106.76839,-6.27433],[106.7692,-6.27373],[106.7705,-6.27435],[106.77167,-6.27225],[106.77094,-6.27154],[106.77124,-6.27027],[106.76988,-6.26958],[106.76915,-6.26815],[106.76967,-6.26723],[106.76932,-6.26542],[106.77017,-6.26448],[106.77145,-6.26532],[106.7706,-6.26323],[106.77169,-6.26241],[106.7723,-6.26296],[106.7731,-6.26251],[106.77227,-6.25824],[106.77124,-6.25827],[106.77069,-6.25897],[106.76905,-6.25804],[106.77004,-6.25616],[106.77137,-6.25617],[106.772,-6.2553],[106.77009,-6.25428],[106.76881,-6.25446],[106.76819,-6.25531],[106.76761,-6.25424],[106.76791,-6.25308],[106.76618,-6.25227],[106.76763,-6.25028],[106.7667,-6.24824],[106.76883,-6.24572],[106.76813,-6.2432],[106.76562,-6.24159],[106.76586,-6.23989],[106.76664,-6.23981],[106.76589,-6.2389],[106.76614,-6.23831],[106.76459,-6.2388],[106.76444,-6.23754],[106.76503,-6.23674],[106.76684,-6.23674],[106.76719,-6.23615],[106.76638,-6.2338],[106.76475,-6.235],[106.76415,-6.23331],[106.76585,-6.23023],[106.76525,-6.22949],[106.76355,-6.23052],[106.76309,-6.22995],[106.76476,-6.22912],[106.76478,-6.22708],[106.76751,-6.22748],[106.77843,-6.22691],[106.7785,-6.21791],[106.77708,-6.21656],[106.77768,-6.21376],[106.78333,-6.21275],[106.78344,-6.20667],[106.78727,-6.20699],[106.78907,-6.20847],[106.79053,-6.20748],[106.79244,-6.20779],[106.79188,-6.20883],[106.79366,-6.21084],[106.79344,-6.21171],[106.79582,-6.21245],[106.79534,-6.21354],[106.79691,-6.21873],[106.7956,-6.23041],[106.79473,-6.23002],[106.79365,-6.23081],[106.79196,-6.23069],[106.79023,-6.23301],[106.78745,-6.23413],[106.7849,-6.2372],[106.78542,-6.23869],[106.78425,-6.24208],[106.78677,-6.24352],[106.7869,-6.24427],[106.78766,-6.24423],[106.78866,-6.24726],[106.78919,-6.24736],[106.78838,-6.24988],[106.78866,-6.25191],[106.78785,-6.25337],[106.78621,-6.25401],[106.78583,-6.25526],[106.7863,-6.25679],[106.78506,-6.25736]]]}},{"type":"Feature","properties":{"KODE_KEC":"31.74.02","KECAMATAN":"Setiabudi","KAB_KOTA":"Kota Administrasi Jakarta Selatan","dist_ind":9491.69,"camp_dens":1.0086,"toll_pct":0.000392,"sma_grad":2043,"area_km2":8.9234,"Pred_Reko":1},"geometry":{"type":"Polygon","coordinates":[[[106.83518,-6.22598],[106.8368,-6.23014],[106.83637,-6.23603],[106.83511,-6.23817],[106.83466,-6.2409],[106.8325,-6.24009],[106.82187,-6.23306],[106.81239,-6.21942],[106.81978,-6.2129],[106.82182,-6.20863],[106.82275,-6.20267],[106.83732,-6.20539],[106.84613,-6.20859],[106.84793,-6.2085],[106.84384,-6.21571],[106.84612,-6.22093],[106.8453,-6.22146],[106.83857,-6.22151],[106.83858,-6.22223],[106.83779,-6.22266],[106.83878,-6.2252],[106.83518,-6.22598]]]}},{"type":"Feature","properties":{"KODE_KEC":"31.74.03","KECAMATAN":"Mampang Prapatan","KAB_KOTA":"Kota Administrasi Jakarta Selatan","dist_ind":11784.83,"camp_dens":0.2517,"toll_pct":0.000326,"sma_grad":3221,"area_km2":7.9459,"Pred_Reko":1},"geometry":{"type":"Polygon","coordinates":[[[106.82341,-6.25394],[106.82527,-6.25471],[106.8248,-6.25808],[106.82628,-6.25873],[106.82635,-6.25933],[106.82457,-6.2604],[106.82585,-6.26125],[106.8266,-6.26554],[106.82763,-6.26563],[106.82735,-6.26646],[106.82653,-6.26618],[106.82537,-6.26765],[106.82564,-6.26867],[106.82458,-6.27018],[106.8252,-6.27135],[106.82374,-6.27076],[106.82182,-6.27162],[106.82105,-6.27428],[106.81391,-6.27306],[106.81388,-6.27219],[106.81145,-6.27046],[106.81332,-6.26583],[106.8117,-6.26348],[106.81146,-6.26273],[106.81203,-6.26231],[106.8114,-6.26059],[106.81044,-6.26012],[106.81063,-6.25926],[106.8095,-6.25883],[106.80914,-6.25645],[106.80833,-6.25543],[106.80857,-6.25314],[106.81035,-6.2507],[106.80949,-6.24915],[106.81383,-6.24553],[106.81475,-6.24299],[106.81555,-6.24325],[106.81577,-6.24167],[106.81799,-6.23841],[106.81857,-6.23594],[106.81786,-6.23535],[106.81747,-6.23214],[106.81674,-6.23198],[106.81729,-6.22966],[106.81657,-6.22783],[106.81709,-6.22633],[106.82221,-6.23337],[106.83518,-6.24139],[106.83573,-6.2518],[106.82319,-6.253],[106.82341,-6.25394]]]}},{"type":"Feature","properties":{"KODE_KEC":"31.74.08","KECAMATAN":"Pancoran","KAB_KOTA":"Kota Administrasi Jakarta Selatan","dist_ind":9900.04,"camp_dens":0.4509,"toll_pct":0.000353,"sma_grad":2522,"area_km2":8.8707,"Pred_Reko":1},"geometry":{"type":"Polygon","coordinates":[[[106.85192,-6.2621],[106.84324,-6.26259],[106.84413,-6.26598],[106.83486,-6.26599],[106.83495,-6.26841],[106.83211,-6.26835],[106.83286,-6.26899],[106.83212,-6.27105],[106.83263,-6.27442],[106.82871,-6.27493],[106.82915,-6.26944],[106.8278,-6.26568],[106.82664,-6.26558],[106.82632,-6.26495],[106.82582,-6.26119],[106.82457,-6.2604],[106.82635,-6.25933],[106.82628,-6.25873],[106.8248,-6.25808],[106.82527,-6.25471],[106.82337,-6.25396],[106.82301,-6.25315],[106.83573,-6.2518],[106.83518,-6.24139],[106.83466,-6.2409],[106.84348,-6.24331],[106.86254,-6.24312],[106.86206,-6.24639],[106.86404,-6.24945],[106.86217,-6.25061],[106.86276,-6.25346],[106.86123,-6.25407],[106.86014,-6.25099],[106.85803,-6.25251],[106.8576,-6.25403],[106.85789,-6.25528],[106.85962,-6.2544],[106.86075,-6.25528],[106.85933,-6.25676],[106.86049,-6.25758],[106.85922,-6.26283],[106.85688,-6.26286],[106.85474,-6.26192],[106.85452,-6.26274],[106.85717,-6.26394],[106.85403,-6.26484],[106.85545,-6.26669],[106.85002,-6.26682],[106.85192,-6.2621]]]}},{"type":"Feature","properties":{"KODE_KEC":"31.74.09","KECAMATAN":"Jagakarsa","KAB_KOTA":"Kota Administrasi Jakarta Selatan","dist_ind":15846.14,"camp_dens":0.2792,"toll_pct":0.000235,"sma_grad":4003,"area_km2":25.0693,"Pred_Reko":2},"geometry":{"type":"Polygon","coordinates":[[[106.81036,-6.36397],[106.80331,-6.3636],[106.80035,-6.36474],[106.79381,-6.3643],[106.79297,-6.36331],[106.79368,-6.36244],[106.79362,-6.36005],[106.79249,-6.35858],[106.79322,-6.35687],[106.79309,-6.35507],[106.79402,-6.35441],[106.79249,-6.35235],[106.79404,-6.35097],[106.79241,-6.34845],[106.79539,-6.34597],[106.7968,-6.34645],[106.79742,-6.34489],[106.79949,-6.34305],[106.79958,-6.34138],[106.80017,-6.34094],[106.79869,-6.33822],[106.79906,-6.3332],[106.8018,-6.33341],[106.80129,-6.33166],[106.80361,-6.32976],[106.80339,-6.32779],[106.80423,-6.32685],[106.8041,-6.32521],[106.80501,-6.32365],[106.80636,-6.32373],[106.80603,-6.32273],[106.8072,-6.32252],[106.80647,-6.32139],[106.80734,-6.32093],[106.80731,-6.31942],[106.80815,-6.31884],[106.80778,-6.31738],[106.80924,-6.31551],[106.80899,-6.31406],[106.80793,-6.31327],[106.8084,-6.3126],[106.80793,-6.31109],[106.80916,-6.31169],[106.81035,-6.31079],[106.81614,-6.31065],[106.81636,-6.31685],[106.8248,-6.31782],[106.82528,-6.32151],[106.82914,-6.32204],[106.82937,-6.32121],[106.83197,-6.32145],[106.83385,-6.31838],[106.83522,-6.31838],[106.83731,-6.30572],[106.83661,-6.30177],[106.83978,-6.30302],[106.84083,-6.29528],[106.84483,-6.29692],[106.8521,-6.29791],[106.85179,-6.29932],[106.8496,-6.29897],[106.85159,-6.3011],[106.8525,-6.29992],[106.85471,-6.2995],[106.85463,-6.30308],[106.85852,-6.30544],[106.8574,-6.3064],[106.85771,-6.30786],[106.85683,-6.31002],[106.85727,-6.31074],[106.85827,-6.3108],[106.8581,-6.31156],[106.855,-6.31387],[106.85464,-6.31238],[106.85256,-6.31098],[106.85124,-6.31463],[106.85179,-6.31598],[106.84951,-6.31751],[106.84937,-6.31877],[106.84684,-6.31809],[106.84853,-6.3171],[106.8489,-6.31565],[106.84808,-6.31515],[106.84633,-6.31695],[106.84428,-6.31665],[106.84366,-6.31849],[106.84232,-6.31799],[106.84008,-6.31855],[106.83833,-6.32082],[106.83889,-6.32162],[106.84082,-6.32134],[106.84005,-6.32276],[106.84144,-6.32355],[106.843,-6.32571],[106.84298,-6.32709],[106.84202,-6.32765],[106.84131,-6.32677],[106.84021,-6.32931],[106.84347,-6.33159],[106.84244,-6.33222],[106.84019,-6.33219],[106.83986,-6.33283],[106.84036,-6.33843],[106.83926,-6.34035],[106.84064,-6.34099],[106.84087,-6.34233],[106.83963,-6.34251],[106.83812,-6.34124],[106.8355,-6.34404],[106.83649,-6.3448],[106.83803,-6.34334],[106.83971,-6.34377],[106.83932,-6.34606],[106.83766,-6.3471],[106.83923,-6.35177],[106.83551,-6.3519],[106.83629,-6.35508],[106.82811,-6.35603],[106.82156,-6.35562],[106.82101,-6.35619],[106.81934,-6.3557],[106.81839,-6.35659],[106.81598,-6.35611],[106.81504,-6.35943],[106.81359,-6.35905],[106.81356,-6.36016],[106.81261,-6.36074],[106.81177,-6.36254],[106.8112,-6.36222],[106.81036,-6.36397]]]}},{"type":"Feature","properties":{"KODE_KEC":"31.74.06","KECAMATAN":"Cilandak","KAB_KOTA":"Kota Administrasi Jakarta Selatan","dist_ind":13473.01,"camp_dens":0.2254,"toll_pct":0.00079,"sma_grad":2915,"area_km2":17.7491,"Pred_Reko":2},"geometry":{"type":"Polygon","coordinates":[[[106.80694,-6.30232],[106.80922,-6.30504],[106.80844,-6.30571],[106.80854,-6.30814],[106.80683,-6.30908],[106.80771,-6.30923],[106.80852,-6.31051],[106.80792,-6.31113],[106.8084,-6.3126],[106.80793,-6.31324],[106.80921,-6.31484],[106.79576,-6.31515],[106.79271,-6.31582],[106.79054,-6.31477],[106.78964,-6.31628],[106.78477,-6.31553],[106.78436,-6.31643],[106.78327,-6.31661],[106.78285,-6.31588],[106.78,-6.31658],[106.77918,-6.31576],[106.77675,-6.3152],[106.77649,-6.31176],[106.77452,-6.312],[106.77533,-6.3104],[106.77329,-6.30953],[106.77498,-6.30834],[106.77391,-6.30672],[106.77549,-6.30616],[106.7748,-6.30488],[106.77558,-6.30397],[106.77451,-6.30326],[106.77304,-6.30476],[106.77348,-6.30308],[106.77154,-6.3032],[106.77088,-6.30214],[106.77315,-6.30151],[106.77148,-6.29948],[106.7737,-6.2995],[106.77384,-6.2987],[106.77321,-6.29815],[106.77124,-6.299],[106.77073,-6.29731],[106.76977,-6.29751],[106.77015,-6.29562],[106.76845,-6.29593],[106.76735,-6.29545],[106.76715,-6.2948],[106.7683,-6.29332],[106.76752,-6.29234],[106.76816,-6.29186],[106.76663,-6.29065],[106.76928,-6.28926],[106.77639,-6.28927],[106.77808,-6.28842],[106.78088,-6.29049],[106.78437,-6.29165],[106.78495,-6.29099],[106.7857,-6.2896],[106.78506,-6.28808],[106.79006,-6.28158],[106.78966,-6.27588],[106.79152,-6.27306],[106.7907,-6.26879],[106.78976,-6.26921],[106.78731,-6.26785],[106.78647,-6.26608],[106.78536,-6.26538],[106.78526,-6.26299],[106.79423,-6.26431],[106.79448,-6.2636],[106.79719,-6.2639],[106.79738,-6.26571],[106.80014,-6.26583],[106.80026,-6.26673],[106.80996,-6.26597],[106.81004,-6.26656],[106.81294,-6.26704],[106.81145,-6.27046],[106.81388,-6.27219],[106.81404,-6.27588],[106.81294,-6.27633],[106.8127,-6.27835],[106.81077,-6.27965],[106.80935,-6.2822],[106.80976,-6.28587],[106.80916,-6.28594],[106.80848,-6.28749],[106.80828,-6.28992],[106.80625,-6.29076],[106.80501,-6.29325],[106.80688,-6.29557],[106.805,-6.29801],[106.80602,-6.29849],[106.80694,-6.30232]]]}},{"type":"Feature","properties":{"KODE_KEC":"31.74.07","KECAMATAN":"Kebayoran Baru","KAB_KOTA":"Kota Administrasi Jakarta Selatan","dist_ind":13363.81,"camp_dens":0.3939,"toll_pct":7.3e-05,"sma_grad":3584,"area_km2":12.6929,"Pred_Reko":2},"geometry":{"type":"Polygon","coordinates":[[[106.80832,-6.25573],[106.8095,-6.25883],[106.81063,-6.25926],[106.81044,-6.26012],[106.81153,-6.26086],[106.81203,-6.26237],[106.81148,-6.26266],[106.8117,-6.26348],[106.81332,-6.26583],[106.81294,-6.26704],[106.81004,-6.26656],[106.80996,-6.26597],[106.80026,-6.26673],[106.80014,-6.26583],[106.79738,-6.26571],[106.79719,-6.2639],[106.79448,-6.2636],[106.79423,-6.26431],[106.78526,-6.26299],[106.78506,-6.25736],[106.7863,-6.25679],[106.78583,-6.25526],[106.78621,-6.25401],[106.78785,-6.25337],[106.78866,-6.25191],[106.78838,-6.24988],[106.78919,-6.24736],[106.78866,-6.24726],[106.78766,-6.24423],[106.78477,-6.24281],[106.78412,-6.24164],[106.78542,-6.23869],[106.78491,-6.23717],[106.78745,-6.23413],[106.78988,-6.2333],[106.79196,-6.23069],[106.79365,-6.23081],[106.79473,-6.23002],[106.79556,-6.23044],[106.79586,-6.22926],[106.79853,-6.22879],[106.79946,-6.22922],[106.81239,-6.21942],[106.81709,-6.22633],[106.81657,-6.22783],[106.81729,-6.22966],[106.81674,-6.23198],[106.81747,-6.23214],[106.81786,-6.23535],[106.81857,-6.23594],[106.81795,-6.23852],[106.81577,-6.24167],[106.81555,-6.24325],[106.81475,-6.24299],[106.81383,-6.24553],[106.80949,-6.24915],[106.81038,-6.25038],[106.80857,-6.25314],[106.80832,-6.25573]]]}},{"type":"Feature","properties":{"KODE_KEC":"31.74.10","KECAMATAN":"Pesanggrahan","KAB_KOTA":"Kota Administrasi Jakarta Selatan","dist_ind":12844.17,"camp_dens":0.2964,"toll_pct":0.001425,"sma_grad":3919,"area_km2":13.4939,"Pred_Reko":2},"geometry":{"type":"Polygon","coordinates":[[[106.76819,-6.25531],[106.77016,-6.25428],[106.77205,-6.25557],[106.77004,-6.25616],[106.76911,-6.25813],[106.77069,-6.25897],[106.7721,-6.25811],[106.77276,-6.25908],[106.77309,-6.26253],[106.7723,-6.26296],[106.77173,-6.26239],[106.77083,-6.263],[106.77145,-6.26532],[106.77,-6.2645],[106.7692,-6.26596],[106.76967,-6.26723],[106.76915,-6.26815],[106.76988,-6.26958],[106.77124,-6.27027],[106.77094,-6.27154],[106.77166,-6.27232],[106.7705,-6.27435],[106.7692,-6.27373],[106.76839,-6.27433],[106.77036,-6.27814],[106.76936,-6.27804],[106.76762,-6.27934],[106.76952,-6.28144],[106.76773,-6.28195],[106.76568,-6.28405],[106.76801,-6.28599],[106.7679,-6.28646],[106.76697,-6.28608],[106.7662,-6.28659],[106.76731,-6.28851],[106.7631,-6.2888],[106.76297,-6.28688],[106.76011,-6.28644],[106.7622,-6.27785],[106.75947,-6.27815],[106.75717,-6.27762],[106.75691,-6.2743],[106.75153,-6.27454],[106.75153,-6.27242],[106.75062,-6.27151],[106.75318,-6.26886],[106.75231,-6.26802],[106.75248,-6.26466],[106.75652,-6.26245],[106.75632,-6.26161],[106.75351,-6.26228],[106.75148,-6.26177],[106.75157,-6.26058],[106.7525,-6.25974],[106.75438,-6.25954],[106.75483,-6.25583],[106.75416,-6.25535],[106.75357,-6.25164],[106.75257,-6.25167],[106.75184,-6.25003],[106.7482,-6.25008],[106.74666,-6.24731],[106.74726,-6.24268],[106.74864,-6.24085],[106.74683,-6.23639],[106.744,-6.23649],[106.74479,-6.23383],[106.74448,-6.23229],[106.7454,-6.2318],[106.74545,-6.23083],[106.7439,-6.2305],[106.74442,-6.22903],[106.74326,-6.22877],[106.74331,-6.22756],[106.74033,-6.22766],[106.7404,-6.22623],[106.73978,-6.2262],[106.73956,-6.22537],[106.73777,-6.22539],[106.73743,-6.22388],[106.74438,-6.22292],[106.76592,-6.22247],[106.76556,-6.22318],[106.76687,-6.2254],[106.76593,-6.2269],[106.76458,-6.22731],[106.76476,-6.22912],[106.76309,-6.23003],[106.76355,-6.23052],[106.76479,-6.22952],[106.76561,-6.22979],[106.76591,-6.2309],[106.76415,-6.23314],[106.76461,-6.23487],[106.7662,-6.23372],[106.76719,-6.23509],[106.7669,-6.2367],[106.76503,-6.23674],[106.76445,-6.23769],[106.76471,-6.23892],[106.76614,-6.23831],[106.76589,-6.2389],[106.76664,-6.23981],[106.76586,-6.23989],[106.76562,-6.24159],[106.76813,-6.2432],[106.76883,-6.24572],[106.7667,-6.24824],[106.76763,-6.25028],[106.76618,-6.25227],[106.76791,-6.25308],[106.76761,-6.25424],[106.76819,-6.25531]]]}},{"type":"Feature","properties":{"KODE_KEC":"31.71.01","KECAMATAN":"Gambir","KAB_KOTA":"Kota Administrasi Jakarta Pusat","dist_ind":10967.48,"camp_dens":0.2664,"toll_pct":0.0,"sma_grad":4779,"area_km2":7.5089,"Pred_Reko":2},"geometry":{"type":"Polygon","coordinates":[[[106.81445,-6.18181],[106.81036,-6.18521],[106.80984,-6.17965],[106.80037,-6.166],[106.79818,-6.1614],[106.80042,-6.16038],[106.80128,-6.15903],[106.80164,-6.16014],[106.80413,-6.16178],[106.82053,-6.15953],[106.82838,-6.1623],[106.83039,-6.16602],[106.82987,-6.17108],[106.83313,-6.17247],[106.83228,-6.17563],[106.83321,-6.17571],[106.83426,-6.17468],[106.83507,-6.17654],[106.8347,-6.17813],[106.83694,-6.17795],[106.83507,-6.18062],[106.83657,-6.18166],[106.83413,-6.18259],[106.82179,-6.18332],[106.81602,-6.18158],[106.81445,-6.18181]]]}},{"type":"Feature","properties":{"KODE_KEC":"31.71.02","KECAMATAN":"Sawah Besar","KAB_KOTA":"Kota Administrasi Jakarta Pusat","dist_ind":10175.09,"camp_dens":0.0,"toll_pct":0.0,"sma_grad":2805,"area_km2":5.3586,"Pred_Reko":1},"geometry":{"type":"Polygon","coordinates":[[[106.83736,-6.15912],[106.84062,-6.17207],[106.83633,-6.17573],[106.83432,-6.17276],[106.83279,-6.17461],[106.83258,-6.17577],[106.83219,-6.1752],[106.83313,-6.17247],[106.82987,-6.17108],[106.83042,-6.16621],[106.82761,-6.16049],[106.82654,-6.14756],[106.82132,-6.13686],[106.8307,-6.13514],[106.83101,-6.14008],[106.83544,-6.14283],[106.83715,-6.14605],[106.83842,-6.14176],[106.84408,-6.14496],[106.84312,-6.14657],[106.84347,-6.14725],[106.84115,-6.15092],[106.84111,-6.15292],[106.83952,-6.15448],[106.84041,-6.15817],[106.83736,-6.15912]]]}},{"type":"Feature","properties":{"KODE_KEC":"31.71.05","KECAMATAN":"Cempaka Putih","KAB_KOTA":"Kota Administrasi Jakarta Pusat","dist_ind":5390.73,"camp_dens":0.4286,"toll_pct":0.000939,"sma_grad":5867,"area_km2":4.6664,"Pred_Reko":2},"geometry":{"type":"Polygon","coordinates":[[[106.87617,-6.17554],[106.87513,-6.1923],[106.87242,-6.19196],[106.8649,-6.19265],[106.85837,-6.19617],[106.85541,-6.19211],[106.85999,-6.18919],[106.86375,-6.18805],[106.86244,-6.18551],[106.86169,-6.18145],[106.85993,-6.18123],[106.85768,-6.17399],[106.86053,-6.17322],[106.87258,-6.16761],[106.87654,-6.1664],[106.8789,-6.16642],[106.87617,-6.17554]]]}},{"type":"Feature","properties":{"KODE_KEC":"31.71.06","KECAMATAN":"Menteng","KAB_KOTA":"Kota Administrasi Jakarta Pusat","dist_ind":8637.9,"camp_dens":1.0813,"toll_pct":0.0,"sma_grad":2800,"area_km2":6.4739,"Pred_Reko":0},"geometry":{"type":"Polygon","coordinates":[[[106.8489,-6.19847],[106.85151,-6.20245],[106.85272,-6.20188],[106.85532,-6.20256],[106.8558,-6.20427],[106.85528,-6.2056],[106.8538,-6.20659],[106.85013,-6.20557],[106.8491,-6.20758],[106.84671,-6.20868],[106.83732,-6.20539],[106.82275,-6.20267],[106.82312,-6.1978],[106.82065,-6.19478],[106.82127,-6.19111],[106.82246,-6.18885],[106.82255,-6.18508],[106.82174,-6.18349],[106.83413,-6.18259],[106.83657,-6.18166],[106.83633,-6.18481],[106.83783,-6.18606],[106.84072,-6.18557],[106.84049,-6.18707],[106.84185,-6.18795],[106.84111,-6.18933],[106.84529,-6.19216],[106.84378,-6.19356],[106.8436,-6.19454],[106.84397,-6.1956],[106.84587,-6.19599],[106.84512,-6.19888],[106.84604,-6.19942],[106.84744,-6.19844],[106.8489,-6.19847]]]}},{"type":"Feature","properties":{"KODE_KEC":"31.71.03","KECAMATAN":"Kemayoran","KAB_KOTA":"Kota Administrasi Jakarta Pusat","dist_ind":7529.86,"camp_dens":0.0,"toll_pct":7.3e-05,"sma_grad":4403,"area_km2":7.1682,"Pred_Reko":2},"geometry":{"type":"Polygon","coordinates":[[[106.86053,-6.17322],[106.85204,-6.17463],[106.8523,-6.16907],[106.84922,-6.16871],[106.84861,-6.16814],[106.84271,-6.1686],[106.84295,-6.1716],[106.84058,-6.17183],[106.83736,-6.15912],[106.84041,-6.15817],[106.83952,-6.15448],[106.84111,-6.15292],[106.84127,-6.15074],[106.84544,-6.15349],[106.85668,-6.15184],[106.87693,-6.16349],[106.88141,-6.16252],[106.8789,-6.16642],[106.87654,-6.1664],[106.87258,-6.16761],[106.86053,-6.17322]]]}},{"type":"Feature","properties":{"KODE_KEC":"31.71.04","KECAMATAN":"Senen","KAB_KOTA":"Kota Administrasi Jakarta Pusat","dist_ind":7636.37,"camp_dens":1.6089,"toll_pct":0.0,"sma_grad":3396,"area_km2":4.3507,"Pred_Reko":0},"geometry":{"type":"Polygon","coordinates":[[[106.84669,-6.18054],[106.85837,-6.19617],[106.85107,-6.20162],[106.84883,-6.19844],[106.84744,-6.19844],[106.84604,-6.19942],[106.84512,-6.19888],[106.84587,-6.19599],[106.84397,-6.1956],[106.8436,-6.19454],[106.84378,-6.19356],[106.84529,-6.19216],[106.84111,-6.18933],[106.84185,-6.18795],[106.84049,-6.18707],[106.84072,-6.18557],[106.83783,-6.18606],[106.83633,-6.18481],[106.83687,-6.18189],[106.83507,-6.18062],[106.83694,-6.17795],[106.83491,-6.17835],[106.83507,-6.17654],[106.83442,-6.17481],[106.83265,-6.17578],[106.83297,-6.17431],[106.83432,-6.17276],[106.83633,-6.17573],[106.84058,-6.17183],[106.84295,-6.1716],[106.84271,-6.1686],[106.84861,-6.16814],[106.84922,-6.16871],[106.8523,-6.16907],[106.85204,-6.17463],[106.845,-6.17553],[106.84669,-6.18054]]]}},{"type":"Feature","properties":{"KODE_KEC":"32.03.05","KECAMATAN":"Ciranjang","KAB_KOTA":"Cianjur","dist_ind":29369.22,"camp_dens":0.0,"toll_pct":0.0,"sma_grad":3160,"area_km2":34.2522,"Pred_Reko":1},"geometry":{"type":"Polygon","coordinates":[[[107.26193,-6.83715],[107.26237,-6.84019],[107.26297,-6.84074],[107.26388,-6.84048],[107.26382,-6.84191],[107.26329,-6.84193],[107.26327,-6.84283],[107.26251,-6.84269],[107.26256,-6.84325],[107.26177,-6.84238],[107.25841,-6.8418],[107.25715,-6.84811],[107.25448,-6.84773],[107.25362,-6.84874],[107.24972,-6.84715],[107.2472,-6.84848],[107.24585,-6.85167],[107.24447,-6.85184],[107.24353,-6.85102],[107.24051,-6.85089],[107.24044,-6.85005],[107.2358,-6.84865],[107.23621,-6.84736],[107.23474,-6.84734],[107.23592,-6.84585],[107.23728,-6.84548],[107.23671,-6.84281],[107.23804,-6.84252],[107.2366,-6.84185],[107.23646,-6.84039],[107.23548,-6.83913],[107.2375,-6.83648],[107.23625,-6.83315],[107.23802,-6.83125],[107.24004,-6.82719],[107.24179,-6.82773],[107.24172,-6.82663],[107.2403,-6.82481],[107.24327,-6.82303],[107.24223,-6.82198],[107.24147,-6.81807],[107.24267,-6.81587],[107.24119,-6.81407],[107.24055,-6.81178],[107.24246,-6.81226],[107.24412,-6.81126],[107.24428,-6.81006],[107.24222,-6.8094],[107.24324,-6.80823],[107.24531,-6.80743],[107.2465,-6.80831],[107.24696,-6.80798],[107.24632,-6.80628],[107.24482,-6.80581],[107.24628,-6.8038],[107.24644,-6.80201],[107.24729,-6.80071],[107.24838,-6.80008],[107.24974,-6.80276],[107.25041,-6.80302],[107.25079,-6.79856],[107.25243,-6.79823],[107.25262,-6.79672],[107.24987,-6.79556],[107.24997,-6.79464],[107.25258,-6.79148],[107.25154,-6.7902],[107.25149,-6.78873],[107.25283,-6.78712],[107.25687,-6.78519],[107.25768,-6.78421],[107.25753,-6.78124],[107.26004,-6.77619],[107.26283,-6.77499],[107.26292,-6.77221],[107.26543,-6.7699],[107.26818,-6.76928],[107.27441,-6.76506],[107.27591,-6.7628],[107.27926,-6.7643],[107.28457,-6.76487],[107.28406,-6.77074],[107.28443,-6.77438],[107.28924,-6.78104],[107.28922,-6.78236],[107.29102,-6.78564],[107.29124,-6.7884],[107.29321,-6.78877],[107.2958,-6.78696],[107.30071,-6.7912],[107.30083,-6.79167],[107.29869,-6.7974],[107.2977,-6.79737],[107.29527,-6.79989],[107.29499,-6.8021],[107.29248,-6.80328],[107.29273,-6.80452],[107.29163,-6.80544],[107.29076,-6.80537],[107.28952,-6.80758],[107.28733,-6.80844],[107.2869,-6.81033],[107.28575,-6.81174],[107.28569,-6.81435],[107.28304,-6.81473],[107.28315,-6.81611],[107.28249,-6.81703],[107.2841,-6.81717],[107.28438,-6.81838],[107.28254,-6.81952],[107.28265,-6.822],[107.28333,-6.82205],[107.28265,-6.82222],[107.28236,-6.82655],[107.28026,-6.82519],[107.27596,-6.824],[107.27376,-6.82241],[107.27303,-6.81981],[107.26718,-6.81926],[107.26699,-6.82242],[107.26546,-6.82287],[107.2665,-6.82461],[107.26773,-6.82489],[107.26768,-6.82607],[107.2686,-6.82747],[107.26705,-6.82761],[107.26714,-6.82857],[107.26407,-6.82864],[107.26317,-6.83212],[107.26456,-6.83554],[107.26193,-6.83715]]]}},{"type":"Feature","properties":{"KODE_KEC":"31.71.07","KECAMATAN":"Tanah Abang","KAB_KOTA":"Kota Administrasi Jakarta Pusat","dist_ind":11519.14,"camp_dens":0.3981,"toll_pct":0.000491,"sma_grad":4921,"area_km2":10.0479,"Pred_Reko":2},"geometry":{"type":"Polygon","coordinates":[[[106.81834,-6.21466],[106.79946,-6.22922],[106.79853,-6.22879],[106.79586,-6.22926],[106.79691,-6.21873],[106.79534,-6.21354],[106.79582,-6.21248],[106.79344,-6.21171],[106.79366,-6.21084],[106.79188,-6.20872],[106.79244,-6.20779],[106.79612,-6.20755],[106.79782,-6.20306],[106.80007,-6.20042],[106.80277,-6.19904],[106.80433,-6.19731],[106.80679,-6.18907],[106.81065,-6.18893],[106.81036,-6.18521],[106.81359,-6.18236],[106.81566,-6.18154],[106.82187,-6.18333],[106.82233,-6.18412],[106.82244,-6.18897],[106.82127,-6.19111],[106.82065,-6.19478],[106.82312,-6.1978],[106.82313,-6.20075],[106.82197,-6.2081],[106.81999,-6.21255],[106.81834,-6.21466]]]}},{"type":"Feature","properties":{"KODE_KEC":"32.03.06","KECAMATAN":"Bojongpicung","KAB_KOTA":"Cianjur","dist_ind":37606.15,"camp_dens":0.0,"toll_pct":0.0,"sma_grad":2447,"area_km2":89.0148,"Pred_Reko":0},"geometry":{"type":"Polygon","coordinates":[[[107.25522,-6.92711],[107.2509,-6.92852],[107.24664,-6.93228],[107.24492,-6.93246],[107.24337,-6.93373],[107.23379,-6.93767],[107.23276,-6.93871],[107.22415,-6.94082],[107.22011,-6.94306],[107.21471,-6.94242],[107.21233,-6.94026],[107.21048,-6.93741],[107.2107,-6.93586],[107.20901,-6.93409],[107.20935,-6.93245],[107.2087,-6.92958],[107.20769,-6.92801],[107.20776,-6.92717],[107.20922,-6.92704],[107.2078,-6.9259],[107.20978,-6.92398],[107.20846,-6.92272],[107.20817,-6.92037],[107.20695,-6.92135],[107.20636,-6.92071],[107.20597,-6.9192],[107.20748,-6.9184],[107.20747,-6.91707],[107.20663,-6.91702],[107.20534,-6.91822],[107.20355,-6.91543],[107.20458,-6.91538],[107.20432,-6.91398],[107.20513,-6.91349],[107.20649,-6.91495],[107.20767,-6.91228],[107.20692,-6.90985],[107.20893,-6.90998],[107.21077,-6.90733],[107.21012,-6.90632],[107.21134,-6.90524],[107.21065,-6.90403],[107.21211,-6.90272],[107.21347,-6.90378],[107.21462,-6.89912],[107.21686,-6.89893],[107.21429,-6.89612],[107.21758,-6.89512],[107.21778,-6.89457],[107.21706,-6.89378],[107.21547,-6.89453],[107.21373,-6.89371],[107.21517,-6.89291],[107.21498,-6.89112],[107.21576,-6.88955],[107.2142,-6.88991],[107.21221,-6.88864],[107.21166,-6.89007],[107.20877,-6.8862],[107.20895,-6.88566],[107.21134,-6.8851],[107.21123,-6.88449],[107.20866,-6.8838],[107.20999,-6.8825],[107.2111,-6.87956],[107.21292,-6.87951],[107.21194,-6.87838],[107.21073,-6.87851],[107.20852,-6.87734],[107.21001,-6.87532],[107.21331,-6.87575],[107.21304,-6.87343],[107.21206,-6.87227],[107.21289,-6.87141],[107.21482,-6.87214],[107.21578,-6.87389],[107.21538,-6.87562],[107.217,-6.87586],[107.21739,-6.87505],[107.21574,-6.87188],[107.21738,-6.87086],[107.21922,-6.87205],[107.22115,-6.87152],[107.22155,-6.87053],[107.22019,-6.86752],[107.22497,-6.86751],[107.22609,-6.86565],[107.22849,-6.86616],[107.22903,-6.86545],[107.22813,-6.86307],[107.22871,-6.86211],[107.23018,-6.86259],[107.23169,-6.86193],[107.23201,-6.86268],[107.23263,-6.86259],[107.23329,-6.85799],[107.23225,-6.85711],[107.23333,-6.85639],[107.23456,-6.85684],[107.23505,-6.85638],[107.2329,-6.85263],[107.23439,-6.84925],[107.2358,-6.84865],[107.24044,-6.85005],[107.24051,-6.85089],[107.24585,-6.85167],[107.2472,-6.84848],[107.24972,-6.84715],[107.25362,-6.84874],[107.25448,-6.84773],[107.25715,-6.84811],[107.25841,-6.8418],[107.26177,-6.84238],[107.26256,-6.84325],[107.26251,-6.84269],[107.26327,-6.84283],[107.26393,-6.84058],[107.26259,-6.84056],[107.26181,-6.83765],[107.26238,-6.8367],[107.26456,-6.83554],[107.26317,-6.83212],[107.26369,-6.8297],[107.26407,-6.82864],[107.26714,-6.82857],[107.26705,-6.82761],[107.2686,-6.82747],[107.26768,-6.82607],[107.26773,-6.82489],[107.2665,-6.82461],[107.26546,-6.82287],[107.26699,-6.82242],[107.26718,-6.81926],[107.27303,-6.81981],[107.27376,-6.82241],[107.27596,-6.824],[107.28026,-6.82519],[107.28027,-6.82566],[107.28942,-6.83078],[107.28741,-6.83219],[107.28647,-6.83686],[107.28696,-6.83686],[107.28758,-6.84074],[107.28824,-6.84111],[107.28796,-6.84317],[107.29132,-6.84941],[107.29174,-6.85452],[107.29634,-6.85867],[107.29398,-6.86104],[107.29449,-6.86247],[107.2941,-6.86604],[107.29536,-6.86766],[107.29536,-6.87134],[107.29408,-6.87146],[107.29315,-6.87274],[107.28584,-6.87505],[107.28358,-6.87668],[107.2904,-6.87905],[107.29334,-6.87907],[107.29473,-6.8807],[107.29473,-6.88336],[107.2963,-6.88481],[107.2962,-6.88549],[107.29698,-6.88546],[107.29672,-6.88648],[107.29764,-6.88749],[107.29703,-6.8889],[107.29871,-6.89247],[107.30263,-6.89432],[107.30491,-6.89394],[107.30664,-6.89489],[107.31031,-6.89525],[107.31435,-6.89747],[107.31516,-6.89889],[107.31506,-6.90008],[107.31168,-6.90397],[107.30832,-6.90516],[107.30663,-6.90767],[107.30365,-6.90809],[107.30154,-6.90962],[107.29919,-6.90878],[107.29587,-6.90995],[107.2935,-6.91007],[107.29392,-6.91202],[107.29232,-6.91331],[107.29174,-6.91588],[107.28762,-6.91822],[107.28757,-6.91923],[107.28645,-6.92055],[107.28306,-6.92338],[107.27935,-6.92375],[107.27839,-6.92547],[107.27433,-6.92435],[107.27169,-6.92613],[107.26639,-6.92625],[107.26475,-6.9289],[107.25522,-6.92711]]]}},{"type":"Feature","properties":{"KODE_KEC":"31.71.08","KECAMATAN":"Johar Baru","KAB_KOTA":"Kota Administrasi Jakarta Pusat","dist_ind":6762.69,"camp_dens":0.4223,"toll_pct":0.0,"sma_grad":1945,"area_km2":2.3682,"Pred_Reko":1},"geometry":{"type":"Polygon","coordinates":[[[106.85996,-6.18123],[106.86169,-6.18145],[106.86244,-6.18551],[106.86375,-6.18805],[106.85999,-6.18919],[106.85539,-6.19212],[106.84669,-6.18054],[106.845,-6.17553],[106.85768,-6.17399],[106.85996,-6.18123]]]}},{"type":"Feature","properties":{"KODE_KEC":"32.03.03","KECAMATAN":"Cibeber","KAB_KOTA":"Cianjur","dist_ind":49163.53,"camp_dens":0.0,"toll_pct":0.0,"sma_grad":2568,"area_km2":125.5767,"Pred_Reko":0},"geometry":{"type":"Polygon","coordinates":[[[107.12985,-6.98301],[107.1296,-6.9792],[107.13191,-6.9731],[107.13135,-6.97166],[107.13218,-6.96985],[107.13273,-6.96503],[107.13171,-6.96346],[107.12936,-6.96265],[107.12809,-6.9611],[107.12705,-6.95504],[107.1252,-6.95331],[107.12489,-6.94951],[107.12227,-6.94789],[107.12053,-6.94759],[107.11932,-6.9462],[107.11713,-6.94602],[107.11634,-6.94473],[107.11604,-6.94553],[107.1149,-6.94538],[107.11168,-6.94931],[107.11037,-6.94925],[107.107,-6.94625],[107.10393,-6.94475],[107.10306,-6.94314],[107.10047,-6.94377],[107.09907,-6.94196],[107.09685,-6.94129],[107.09688,-6.94222],[107.0945,-6.9418],[107.09384,-6.94304],[107.09311,-6.94273],[107.09183,-6.94397],[107.09113,-6.94399],[107.09091,-6.94336],[107.09049,-6.94526],[107.08952,-6.94504],[107.08895,-6.94679],[107.08786,-6.94708],[107.08745,-6.94928],[107.08635,-6.94913],[107.08639,-6.95029],[107.08725,-6.95052],[107.08687,-6.95162],[107.08601,-6.95181],[107.08653,-6.95271],[107.08772,-6.95252],[107.08738,-6.95376],[107.08889,-6.95455],[107.08795,-6.95524],[107.08908,-6.95612],[107.08935,-6.95534],[107.08975,-6.95557],[107.09017,-6.95777],[107.09127,-6.9569],[107.09318,-6.95813],[107.09748,-6.95603],[107.09752,-6.95736],[107.09833,-6.95808],[107.10173,-6.95908],[107.10306,-6.9585],[107.10336,-6.95912],[107.10604,-6.95953],[107.10549,-6.96063],[107.1058,-6.96204],[107.10419,-6.96615],[107.10181,-6.96818],[107.10145,-6.97023],[107.10018,-6.97086],[107.10009,-6.97229],[107.09822,-6.97422],[107.09695,-6.97801],[107.09622,-6.97873],[107.09348,-6.97847],[107.09309,-6.97954],[107.09174,-6.97998],[107.09101,-6.98245],[107.09019,-6.98235],[107.08419,-6.97633],[107.08411,-6.9747],[107.08231,-6.97413],[107.08079,-6.97441],[107.07851,-6.9702],[107.0788,-6.96777],[107.07773,-6.96585],[107.08105,-6.96312],[107.07892,-6.95951],[107.07542,-6.95848],[107.06668,-6.95048],[107.06128,-6.94998],[107.05848,-6.95373],[107.05614,-6.95252],[107.05595,-6.95085],[107.05377,-6.94997],[107.05367,-6.94886],[107.05118,-6.94701],[107.04995,-6.94513],[107.04855,-6.94211],[107.04856,-6.93246],[107.04998,-6.92974],[107.04913,-6.92793],[107.04942,-6.92026],[107.0482,-6.91092],[107.05283,-6.90916],[107.05542,-6.90912],[107.06029,-6.9076],[107.06394,-6.9083],[107.07051,-6.91151],[107.07645,-6.91036],[107.08223,-6.91252],[107.08301,-6.91383],[107.08657,-6.91527],[107.08757,-6.91512],[107.09201,-6.91189],[107.09416,-6.91329],[107.09413,-6.91409],[107.0956,-6.91387],[107.09874,-6.91493],[107.10025,-6.9177],[107.10242,-6.91877],[107.10554,-6.91904],[107.1124,-6.91215],[107.11225,-6.90948],[107.11093,-6.9084],[107.11037,-6.90609],[107.11135,-6.90515],[107.11104,-6.90036],[107.11021,-6.899],[107.10808,-6.89836],[107.11114,-6.89764],[107.11156,-6.89682],[107.1121,-6.89729],[107.1146,-6.89709],[107.11444,-6.89611],[107.11593,-6.89505],[107.11601,-6.89265],[107.11763,-6.89171],[107.11707,-6.89104],[107.11806,-6.88945],[107.12753,-6.89169],[107.12745,-6.89298],[107.12845,-6.89283],[107.12843,-6.89358],[107.12903,-6.89243],[107.13031,-6.89299],[107.13039,-6.89397],[107.12955,-6.89473],[107.12993,-6.89645],[107.13047,-6.89638],[107.13022,-6.89772],[107.1326,-6.89779],[107.13425,-6.90131],[107.13685,-6.90083],[107.13848,-6.90161],[107.13941,-6.90091],[107.13969,-6.89958],[107.14042,-6.89988],[107.14204,-6.89861],[107.14508,-6.89788],[107.14481,-6.89682],[107.14695,-6.89547],[107.14891,-6.89652],[107.14979,-6.89587],[107.15037,-6.89644],[107.1529,-6.89599],[107.15359,-6.89686],[107.15547,-6.89699],[107.15795,-6.8987],[107.15867,-6.89796],[107.15923,-6.89927],[107.16055,-6.89921],[107.16018,-6.90021],[107.16108,-6.90013],[107.16121,-6.90125],[107.1628,-6.90117],[107.16363,-6.90032],[107.16445,-6.90106],[107.16407,-6.90163],[107.16531,-6.90238],[107.16735,-6.90116],[107.17006,-6.90232],[107.17096,-6.90165],[107.17327,-6.90197],[107.17457,-6.90251],[107.17482,-6.90328],[107.17727,-6.90384],[107.17762,-6.90477],[107.17931,-6.9025],[107.18046,-6.90299],[107.1801,-6.90186],[107.18094,-6.90136],[107.18192,-6.90274],[107.18295,-6.9021],[107.18287,-6.90142],[107.18443,-6.90185],[107.18454,-6.90114],[107.18721,-6.89984],[107.18737,-6.89851],[107.18618,-6.89815],[107.18648,-6.8971],[107.18762,-6.89646],[107.18767,-6.89551],[107.18913,-6.8946],[107.19034,-6.89499],[107.19221,-6.89274],[107.19331,-6.89311],[107.19693,-6.89109],[107.19789,-6.88995],[107.19828,-6.88755],[107.20012,-6.88537],[107.20151,-6.88437],[107.20337,-6.88408],[107.20299,-6.88257],[107.20381,-6.88168],[107.21019,-6.88187],[107.20868,-6.88394],[107.21143,-6.88489],[107.21049,-6.88561],[107.20895,-6.88566],[107.20877,-6.8862],[107.21166,-6.89007],[107.21221,-6.88864],[107.2142,-6.88991],[107.21576,-6.88955],[107.21498,-6.89112],[107.21517,-6.89291],[107.21373,-6.89371],[107.21547,-6.89453],[107.21706,-6.89378],[107.21778,-6.89483],[107.21429,-6.89612],[107.21686,-6.89893],[107.21462,-6.89912],[107.21347,-6.90378],[107.21211,-6.90272],[107.21065,-6.90403],[107.21134,-6.90524],[107.21012,-6.90632],[107.21077,-6.90733],[107.20893,-6.90998],[107.20692,-6.90985],[107.20767,-6.91228],[107.20649,-6.91495],[107.20513,-6.91349],[107.20432,-6.91398],[107.20458,-6.91538],[107.20356,-6.91539],[107.20534,-6.91822],[107.20742,-6.91697],[107.20748,-6.9184],[107.20597,-6.9192],[107.20636,-6.92071],[107.20695,-6.92135],[107.20817,-6.92037],[107.20846,-6.92272],[107.20976,-6.92387],[107.2078,-6.9259],[107.20922,-6.92704],[107.20765,-6.92733],[107.20935,-6.93245],[107.20901,-6.93409],[107.2107,-6.93586],[107.21048,-6.93741],[107.2121,-6.94002],[107.21471,-6.94242],[107.22011,-6.94306],[107.22415,-6.94082],[107.23086,-6.93903],[107.22538,-6.94235],[107.21923,-6.94934],[107.21414,-6.95348],[107.21187,-6.95375],[107.2097,-6.95658],[107.20236,-6.96027],[107.20079,-6.9631],[107.19657,-6.96302],[107.19513,-6.96537],[107.19236,-6.9662],[107.19207,-6.96786],[107.19004,-6.96839],[107.19082,-6.97208],[107.18993,-6.9727],[107.18818,-6.96985],[107.18479,-6.96778],[107.1839,-6.9658],[107.17851,-6.96181],[107.17682,-6.96127],[107.17515,-6.95907],[107.17118,-6.9592],[107.17009,-6.96255],[107.17228,-6.96455],[107.16999,-6.96601],[107.16821,-6.96946],[107.16496,-6.97318],[107.16022,-6.97613],[107.15634,-6.9851],[107.15353,-6.98658],[107.15088,-6.98663],[107.15009,-6.98786],[107.14683,-6.98883],[107.14424,-6.99414],[107.14228,-6.99386],[107.14171,-6.99315],[107.13689,-6.99308],[107.13626,-6.99368],[107.13656,-6.99505],[107.13558,-6.99548],[107.1352,-6.99684],[107.13354,-6.99693],[107.13374,-6.99839],[107.13302,-6.99913],[107.12874,-6.99937],[107.12997,-6.99762],[107.12989,-6.99673],[107.12808,-6.99624],[107.12842,-6.99381],[107.12943,-6.99315],[107.1292,-6.99202],[107.13003,-6.99207],[107.12981,-6.98589],[107.13061,-6.98426],[107.12985,-6.98301]]]}},{"type":"Feature","properties":{"KODE_KEC":"32.03.04","KECAMATAN":"Cilaku","KAB_KOTA":"Cianjur","dist_ind":42789.56,"camp_dens":0.0,"toll_pct":0.0,"sma_grad":3009,"area_km2":53.1969,"Pred_Reko":0},"geometry":{"type":"Polygon","coordinates":[[[107.1876,-6.89563],[107.18762,-6.89646],[107.18648,-6.8971],[107.18618,-6.89815],[107.18737,-6.89851],[107.18721,-6.89984],[107.18454,-6.90114],[107.18443,-6.90185],[107.18287,-6.90142],[107.18295,-6.9021],[107.18192,-6.90274],[107.18094,-6.90136],[107.1801,-6.90186],[107.18046,-6.90299],[107.17931,-6.9025],[107.17762,-6.90477],[107.17727,-6.90384],[107.17482,-6.90328],[107.17457,-6.90251],[107.17327,-6.90197],[107.17096,-6.90165],[107.17006,-6.90232],[107.16735,-6.90116],[107.16531,-6.90238],[107.16407,-6.90163],[107.16445,-6.90106],[107.16363,-6.90032],[107.1628,-6.90117],[107.16121,-6.90125],[107.16108,-6.90013],[107.16018,-6.90021],[107.16055,-6.89921],[107.15923,-6.89927],[107.15867,-6.89796],[107.15795,-6.8987],[107.15547,-6.89699],[107.15359,-6.89686],[107.1529,-6.89599],[107.15037,-6.89644],[107.14979,-6.89587],[107.14891,-6.89652],[107.14695,-6.89547],[107.14481,-6.89682],[107.14508,-6.89788],[107.14204,-6.89861],[107.14042,-6.89988],[107.13969,-6.89958],[107.13941,-6.90091],[107.13848,-6.90161],[107.13685,-6.90083],[107.13423,-6.9013],[107.1326,-6.89779],[107.13022,-6.89772],[107.13047,-6.89638],[107.12993,-6.89645],[107.12955,-6.89473],[107.13039,-6.89397],[107.13031,-6.89299],[107.12903,-6.89243],[107.12843,-6.89358],[107.12845,-6.89283],[107.12745,-6.89298],[107.12753,-6.89169],[107.11889,-6.88982],[107.11638,-6.88856],[107.11688,-6.88775],[107.11263,-6.88612],[107.11376,-6.88195],[107.11338,-6.8817],[107.11487,-6.88152],[107.11417,-6.88059],[107.11631,-6.88033],[107.11775,-6.87892],[107.118,-6.87754],[107.11921,-6.87744],[107.11983,-6.87619],[107.11924,-6.87376],[107.12,-6.87275],[107.11972,-6.87134],[107.12068,-6.87064],[107.12013,-6.86992],[107.11794,-6.86982],[107.11671,-6.86827],[107.11395,-6.86677],[107.11366,-6.86556],[107.10923,-6.8654],[107.1115,-6.86489],[107.11262,-6.8616],[107.11574,-6.86013],[107.11839,-6.85692],[107.11611,-6.85644],[107.11579,-6.85496],[107.11341,-6.85381],[107.10737,-6.85455],[107.10591,-6.85593],[107.10474,-6.85555],[107.10486,-6.85235],[107.10565,-6.85252],[107.10639,-6.8506],[107.10487,-6.84934],[107.10656,-6.84652],[107.10394,-6.84495],[107.10079,-6.84469],[107.1017,-6.84121],[107.1013,-6.83997],[107.09905,-6.83981],[107.09918,-6.83898],[107.09764,-6.83831],[107.09747,-6.83759],[107.09431,-6.83706],[107.0941,-6.83774],[107.09221,-6.83685],[107.0896,-6.83737],[107.08796,-6.83655],[107.08821,-6.83592],[107.08632,-6.83583],[107.08738,-6.83497],[107.08824,-6.83517],[107.08801,-6.83477],[107.08903,-6.83422],[107.08955,-6.83476],[107.09243,-6.83458],[107.09379,-6.8361],[107.09441,-6.83579],[107.09485,-6.8363],[107.09631,-6.83561],[107.09976,-6.83712],[107.10067,-6.83657],[107.10237,-6.83684],[107.10406,-6.8359],[107.10698,-6.8367],[107.10754,-6.8362],[107.10844,-6.83667],[107.10882,-6.83604],[107.1129,-6.83758],[107.11563,-6.83764],[107.11683,-6.83888],[107.11735,-6.83842],[107.11915,-6.83976],[107.12043,-6.83943],[107.12369,-6.8421],[107.12493,-6.84217],[107.12868,-6.84431],[107.13071,-6.84311],[107.13176,-6.84379],[107.13703,-6.84217],[107.13893,-6.84307],[107.13973,-6.84227],[107.14069,-6.84307],[107.14251,-6.84246],[107.14255,-6.84358],[107.1439,-6.84382],[107.146,-6.8432],[107.14803,-6.8437],[107.14939,-6.84291],[107.14976,-6.8441],[107.15025,-6.84362],[107.15084,-6.84477],[107.15183,-6.84442],[107.15224,-6.84524],[107.15334,-6.84426],[107.15558,-6.84408],[107.15615,-6.84545],[107.15812,-6.84419],[107.16005,-6.84404],[107.15996,-6.84136],[107.15787,-6.84074],[107.15734,-6.84113],[107.15519,-6.83931],[107.15544,-6.83864],[107.15651,-6.83878],[107.15759,-6.83645],[107.16557,-6.83927],[107.16554,-6.83846],[107.17038,-6.83852],[107.17101,-6.83768],[107.17266,-6.83823],[107.17345,-6.83716],[107.17498,-6.8385],[107.17352,-6.83994],[107.17461,-6.84104],[107.17625,-6.84023],[107.17729,-6.8406],[107.17762,-6.8395],[107.17901,-6.83867],[107.17948,-6.83888],[107.17902,-6.84041],[107.18112,-6.84038],[107.18153,-6.84177],[107.18291,-6.8408],[107.18662,-6.84226],[107.18773,-6.84476],[107.1874,-6.84591],[107.19122,-6.84621],[107.19196,-6.84542],[107.19342,-6.84618],[107.19476,-6.84579],[107.19754,-6.84822],[107.19539,-6.85044],[107.19602,-6.85137],[107.19537,-6.85182],[107.1958,-6.85263],[107.19482,-6.85227],[107.19506,-6.85335],[107.19418,-6.85345],[107.19456,-6.85419],[107.19349,-6.85451],[107.19365,-6.85519],[107.19145,-6.85586],[107.19165,-6.85646],[107.19092,-6.85665],[107.19143,-6.8578],[107.18891,-6.85812],[107.18695,-6.85637],[107.18506,-6.85731],[107.1839,-6.85673],[107.183,-6.85944],[107.18455,-6.85964],[107.18399,-6.86158],[107.18302,-6.86142],[107.18173,-6.86386],[107.17923,-6.86449],[107.1787,-6.86529],[107.17916,-6.86617],[107.17713,-6.86694],[107.17844,-6.87086],[107.18,-6.87182],[107.17961,-6.87293],[107.17817,-6.87448],[107.17594,-6.8747],[107.17576,-6.87688],[107.17933,-6.87728],[107.18077,-6.87943],[107.18209,-6.87986],[107.18543,-6.87946],[107.18818,-6.8804],[107.19127,-6.8835],[107.19691,-6.88277],[107.1974,-6.88222],[107.19937,-6.88236],[107.20178,-6.88125],[107.20381,-6.88168],[107.20299,-6.88257],[107.20337,-6.88408],[107.20151,-6.88437],[107.20012,-6.88537],[107.19828,-6.88755],[107.19789,-6.88995],[107.19693,-6.89109],[107.19331,-6.89311],[107.19221,-6.89274],[107.19034,-6.89499],[107.18909,-6.89461],[107.1876,-6.89563]]]}},{"type":"Feature","properties":{"KODE_KEC":"32.03.09","KECAMATAN":"Sukaluyu","KAB_KOTA":"Cianjur","dist_ind":34546.17,"camp_dens":0.0,"toll_pct":0.0,"sma_grad":1431,"area_km2":47.0647,"Pred_Reko":0},"geometry":{"type":"Polygon","coordinates":[[[107.22019,-6.86752],[107.22155,-6.87053],[107.22115,-6.87152],[107.21922,-6.87205],[107.21738,-6.87086],[107.21574,-6.87188],[107.21739,-6.87505],[107.217,-6.87586],[107.21538,-6.87562],[107.21578,-6.87389],[107.21482,-6.87214],[107.21291,-6.87141],[107.21229,-6.87187],[107.21331,-6.87575],[107.21001,-6.87532],[107.20852,-6.87734],[107.21073,-6.87851],[107.21194,-6.87838],[107.21292,-6.87958],[107.2111,-6.87956],[107.20972,-6.88204],[107.20178,-6.88125],[107.19937,-6.88236],[107.1974,-6.88222],[107.19691,-6.88277],[107.19136,-6.88352],[107.18818,-6.8804],[107.18543,-6.87946],[107.18209,-6.87986],[107.18077,-6.87943],[107.17933,-6.87728],[107.17576,-6.87688],[107.17594,-6.8747],[107.17817,-6.87448],[107.18,-6.87191],[107.17844,-6.87086],[107.17713,-6.86694],[107.17916,-6.86617],[107.1787,-6.86529],[107.17923,-6.86449],[107.18173,-6.86386],[107.18302,-6.86142],[107.18399,-6.86158],[107.18455,-6.85964],[107.183,-6.85944],[107.1839,-6.85673],[107.18506,-6.85731],[107.18695,-6.85637],[107.18891,-6.85812],[107.19143,-6.8578],[107.19092,-6.85665],[107.19446,-6.85432],[107.19418,-6.85345],[107.19509,-6.85327],[107.1948,-6.85229],[107.1958,-6.85263],[107.19537,-6.85182],[107.19602,-6.85137],[107.19539,-6.85044],[107.1974,-6.84826],[107.20082,-6.84887],[107.20127,-6.84831],[107.20251,-6.84852],[107.20273,-6.8495],[107.20462,-6.8504],[107.2054,-6.84818],[107.20653,-6.8481],[107.2073,-6.84672],[107.20859,-6.84613],[107.20875,-6.84509],[107.20745,-6.84504],[107.20797,-6.84407],[107.20725,-6.84349],[107.20202,-6.843],[107.20277,-6.83873],[107.20209,-6.83814],[107.20294,-6.83789],[107.20289,-6.8368],[107.20215,-6.83643],[107.20217,-6.83395],[107.20116,-6.8335],[107.20143,-6.83267],[107.19949,-6.83276],[107.19888,-6.83143],[107.19665,-6.83135],[107.19663,-6.82968],[107.19603,-6.82967],[107.1954,-6.82763],[107.19549,-6.82381],[107.19852,-6.82158],[107.20819,-6.81779],[107.21645,-6.81956],[107.21766,-6.81473],[107.2165,-6.81421],[107.2125,-6.81457],[107.21188,-6.81113],[107.2126,-6.81072],[107.21221,-6.80924],[107.21,-6.80934],[107.20994,-6.8075],[107.20722,-6.80776],[107.20604,-6.80704],[107.20622,-6.80583],[107.20794,-6.80547],[107.20792,-6.80262],[107.20921,-6.80202],[107.21386,-6.80208],[107.21678,-6.80034],[107.21629,-6.79935],[107.21348,-6.79974],[107.21244,-6.79888],[107.21085,-6.79871],[107.21365,-6.79788],[107.21537,-6.79807],[107.21909,-6.79651],[107.21999,-6.79539],[107.22181,-6.79529],[107.22184,-6.79297],[107.22049,-6.79296],[107.22463,-6.79092],[107.2274,-6.79205],[107.23006,-6.79025],[107.23275,-6.78479],[107.23129,-6.77805],[107.24871,-6.76616],[107.24953,-6.76589],[107.25025,-6.76649],[107.24951,-6.76925],[107.24782,-6.77097],[107.24772,-6.77317],[107.24905,-6.77362],[107.25055,-6.77296],[107.25267,-6.77314],[107.2533,-6.77251],[107.25502,-6.77379],[107.2566,-6.77342],[107.25898,-6.77104],[107.26062,-6.77114],[107.26157,-6.76885],[107.26543,-6.7699],[107.26292,-6.77221],[107.26283,-6.77499],[107.26004,-6.77619],[107.25753,-6.78124],[107.25768,-6.78421],[107.25687,-6.78519],[107.25283,-6.78712],[107.25149,-6.78873],[107.25154,-6.7902],[107.25258,-6.79148],[107.24997,-6.79464],[107.24987,-6.79556],[107.25262,-6.79672],[107.25243,-6.79823],[107.25079,-6.79856],[107.25041,-6.80302],[107.24974,-6.80276],[107.24838,-6.80008],[107.24729,-6.80071],[107.24644,-6.80201],[107.24628,-6.8038],[107.24482,-6.80581],[107.24632,-6.80628],[107.24696,-6.80798],[107.2465,-6.80831],[107.24531,-6.80743],[107.24324,-6.80823],[107.24222,-6.8094],[107.24428,-6.81006],[107.24412,-6.81126],[107.24246,-6.81226],[107.24055,-6.81178],[107.24119,-6.81407],[107.24267,-6.81587],[107.24147,-6.81807],[107.24223,-6.82198],[107.24327,-6.82303],[107.2403,-6.82481],[107.24172,-6.82663],[107.24179,-6.82773],[107.24004,-6.82719],[107.23802,-6.83125],[107.23625,-6.83315],[107.2375,-6.83648],[107.23548,-6.83913],[107.23646,-6.84039],[107.2366,-6.84185],[107.23804,-6.84252],[107.23671,-6.84281],[107.2373,-6.84545],[107.2347,-6.84702],[107.235,-6.84754],[107.23621,-6.84736],[107.23634,-6.84794],[107.23551,-6.84903],[107.2343,-6.84931],[107.23296,-6.85226],[107.23323,-6.85372],[107.23505,-6.85638],[107.23456,-6.85684],[107.23333,-6.85639],[107.23225,-6.85711],[107.23329,-6.85799],[107.23263,-6.86259],[107.23201,-6.86268],[107.23169,-6.86193],[107.23018,-6.86259],[107.22871,-6.86211],[107.22814,-6.86329],[107.2289,-6.86588],[107.22794,-6.86629],[107.22584,-6.86574],[107.22549,-6.8671],[107.22459,-6.86762],[107.22019,-6.86752]]]}},{"type":"Feature","properties":{"KODE_KEC":"32.03.07","KECAMATAN":"Karangtengah","KAB_KOTA":"Cianjur","dist_ind":34940.31,"camp_dens":0.0,"toll_pct":0.0,"sma_grad":3143,"area_km2":48.4838,"Pred_Reko":0},"geometry":{"type":"Polygon","coordinates":[[[107.17948,-6.83888],[107.17762,-6.8395],[107.17743,-6.84052],[107.17625,-6.84023],[107.17479,-6.8411],[107.17352,-6.83994],[107.17498,-6.8385],[107.1735,-6.83717],[107.17266,-6.83823],[107.17101,-6.83768],[107.17038,-6.83852],[107.16697,-6.8383],[107.16655,-6.83886],[107.16554,-6.83846],[107.16557,-6.83927],[107.16417,-6.83905],[107.15835,-6.83701],[107.15536,-6.83517],[107.1555,-6.83427],[107.15305,-6.83303],[107.15213,-6.83328],[107.15009,-6.83137],[107.1508,-6.83017],[107.15087,-6.82736],[107.15141,-6.82747],[107.1514,-6.82676],[107.15034,-6.82668],[107.1505,-6.82554],[107.15122,-6.82562],[107.15108,-6.8232],[107.15263,-6.82286],[107.15272,-6.82233],[107.14977,-6.82126],[107.15013,-6.82045],[107.14919,-6.8193],[107.15049,-6.81874],[107.14975,-6.81819],[107.15066,-6.81674],[107.15155,-6.8116],[107.15227,-6.81164],[107.15231,-6.81107],[107.15166,-6.81104],[107.15177,-6.80969],[107.14949,-6.80867],[107.15143,-6.80734],[107.15095,-6.80683],[107.15159,-6.80588],[107.14904,-6.80557],[107.14936,-6.80335],[107.14849,-6.80316],[107.14678,-6.80109],[107.14777,-6.80007],[107.14915,-6.80067],[107.15082,-6.79917],[107.15108,-6.79757],[107.15187,-6.7977],[107.15152,-6.79625],[107.15269,-6.79423],[107.15221,-6.79308],[107.15337,-6.79184],[107.15367,-6.78953],[107.15555,-6.78831],[107.15653,-6.78933],[107.15871,-6.78932],[107.16002,-6.79086],[107.16169,-6.79116],[107.16093,-6.7888],[107.1661,-6.78756],[107.16534,-6.78389],[107.16832,-6.78432],[107.16978,-6.78293],[107.17132,-6.78113],[107.17453,-6.77461],[107.17627,-6.77532],[107.17694,-6.7749],[107.17591,-6.7767],[107.17617,-6.77788],[107.17976,-6.77712],[107.18116,-6.77628],[107.18083,-6.77531],[107.18288,-6.77533],[107.18412,-6.77765],[107.18286,-6.77905],[107.18407,-6.77835],[107.18648,-6.77828],[107.18783,-6.77905],[107.19004,-6.77852],[107.19128,-6.77721],[107.19242,-6.78024],[107.19399,-6.78089],[107.19417,-6.78177],[107.19491,-6.7805],[107.19688,-6.78115],[107.19791,-6.78001],[107.19846,-6.78222],[107.20001,-6.78211],[107.19978,-6.7835],[107.20089,-6.78286],[107.20115,-6.78134],[107.20286,-6.78085],[107.20349,-6.78074],[107.20379,-6.78171],[107.20488,-6.78153],[107.20535,-6.7824],[107.20741,-6.77983],[107.20939,-6.77972],[107.21295,-6.77776],[107.21475,-6.77908],[107.21853,-6.77771],[107.21983,-6.77456],[107.22153,-6.77475],[107.22153,-6.77354],[107.22296,-6.7717],[107.22408,-6.77202],[107.22424,-6.77137],[107.22521,-6.77147],[107.22525,-6.77024],[107.22652,-6.76918],[107.22743,-6.76921],[107.22789,-6.7684],[107.22827,-6.76899],[107.23032,-6.76893],[107.22924,-6.76554],[107.23321,-6.76427],[107.24026,-6.76357],[107.24583,-6.76073],[107.2473,-6.75891],[107.24866,-6.75925],[107.24932,-6.75819],[107.25134,-6.75741],[107.25199,-6.7575],[107.25224,-6.75837],[107.25438,-6.75729],[107.25455,-6.75775],[107.25579,-6.75755],[107.25561,-6.75911],[107.2571,-6.75943],[107.2564,-6.76029],[107.25033,-6.76534],[107.24465,-6.7686],[107.23129,-6.77805],[107.23275,-6.78479],[107.23006,-6.79025],[107.2274,-6.79205],[107.22463,-6.79092],[107.22049,-6.79296],[107.22184,-6.79297],[107.22181,-6.79529],[107.21999,-6.79539],[107.21909,-6.79651],[107.21537,-6.79807],[107.21365,-6.79788],[107.21085,-6.79871],[107.21244,-6.79888],[107.21348,-6.79974],[107.21586,-6.79925],[107.21685,-6.79979],[107.21435,-6.80184],[107.20921,-6.80202],[107.20792,-6.80262],[107.20794,-6.80547],[107.20622,-6.80583],[107.20617,-6.8074],[107.20994,-6.8075],[107.21,-6.80934],[107.21221,-6.80924],[107.2126,-6.81072],[107.21188,-6.81113],[107.2125,-6.81457],[107.2165,-6.81421],[107.21766,-6.81473],[107.21645,-6.81956],[107.20819,-6.81779],[107.19852,-6.82158],[107.19549,-6.82381],[107.1954,-6.82763],[107.19603,-6.82967],[107.19663,-6.82968],[107.19665,-6.83135],[107.19888,-6.83143],[107.19949,-6.83276],[107.20143,-6.83267],[107.20116,-6.8335],[107.20217,-6.83395],[107.20215,-6.83643],[107.20289,-6.8368],[107.20294,-6.83789],[107.20209,-6.83814],[107.20277,-6.83873],[107.20202,-6.843],[107.2046,-6.84291],[107.20471,-6.84361],[107.2068,-6.84333],[107.20792,-6.84386],[107.20745,-6.84504],[107.20875,-6.84509],[107.20824,-6.84657],[107.2073,-6.84672],[107.20653,-6.8481],[107.2054,-6.84818],[107.20462,-6.8504],[107.20273,-6.8495],[107.20251,-6.84852],[107.19823,-6.84862],[107.19472,-6.84578],[107.19342,-6.84618],[107.19196,-6.84542],[107.19122,-6.84621],[107.1874,-6.84591],[107.18773,-6.84476],[107.18662,-6.84226],[107.18291,-6.8408],[107.18153,-6.84177],[107.18112,-6.84038],[107.17902,-6.84041],[107.17948,-6.83888]]]}},{"type":"Feature","properties":{"KODE_KEC":"32.03.08","KECAMATAN":"Mande","KAB_KOTA":"Cianjur","dist_ind":30962.87,"camp_dens":0.0,"toll_pct":0.0,"sma_grad":1696,"area_km2":92.6644,"Pred_Reko":0},"geometry":{"type":"Polygon","coordinates":[[[107.15062,-6.79106],[107.14643,-6.7929],[107.14609,-6.79393],[107.14505,-6.79321],[107.14277,-6.79326],[107.14229,-6.79231],[107.14129,-6.79253],[107.1394,-6.7917],[107.13906,-6.79223],[107.13852,-6.79086],[107.13787,-6.79128],[107.13657,-6.79082],[107.13631,-6.78991],[107.13499,-6.7902],[107.13509,-6.78891],[107.13367,-6.7868],[107.13269,-6.78669],[107.131,-6.7877],[107.12909,-6.78654],[107.12738,-6.7864],[107.12692,-6.78779],[107.12631,-6.78794],[107.12527,-6.78573],[107.12326,-6.78432],[107.12423,-6.78224],[107.12326,-6.78186],[107.12229,-6.78031],[107.12081,-6.77992],[107.12079,-6.78095],[107.11916,-6.78124],[107.11811,-6.77893],[107.11489,-6.77825],[107.1143,-6.77498],[107.11269,-6.77447],[107.11172,-6.77217],[107.10984,-6.77099],[107.1089,-6.76898],[107.10698,-6.76748],[107.10462,-6.76683],[107.10118,-6.7634],[107.10007,-6.76326],[107.09918,-6.76406],[107.09803,-6.76321],[107.09458,-6.76333],[107.09095,-6.76079],[107.09327,-6.75722],[107.09618,-6.75771],[107.09815,-6.75725],[107.09984,-6.75337],[107.09759,-6.75106],[107.09758,-6.7491],[107.10013,-6.74851],[107.10264,-6.74691],[107.10797,-6.74695],[107.10894,-6.7464],[107.10974,-6.74762],[107.11334,-6.74845],[107.11465,-6.74958],[107.11461,-6.75083],[107.1152,-6.75121],[107.11716,-6.75185],[107.11937,-6.75137],[107.1239,-6.74838],[107.12634,-6.74836],[107.1285,-6.7468],[107.13072,-6.74673],[107.13331,-6.74528],[107.13611,-6.74447],[107.13788,-6.74502],[107.14209,-6.74342],[107.14575,-6.74326],[107.14746,-6.74243],[107.14782,-6.74123],[107.15366,-6.73843],[107.15422,-6.73746],[107.15541,-6.73795],[107.15738,-6.73719],[107.16187,-6.73369],[107.16737,-6.73239],[107.16907,-6.73128],[107.17429,-6.73221],[107.17577,-6.73357],[107.17875,-6.73463],[107.18503,-6.73506],[107.19123,-6.73677],[107.19183,-6.7377],[107.19158,-6.73857],[107.21569,-6.73892],[107.2159,-6.73975],[107.22364,-6.74115],[107.22405,-6.74077],[107.2295,-6.74224],[107.23083,-6.74133],[107.23216,-6.74216],[107.23256,-6.74049],[107.2319,-6.73812],[107.23301,-6.73534],[107.23539,-6.73619],[107.23762,-6.73312],[107.23857,-6.733],[107.24206,-6.72958],[107.24239,-6.72859],[107.24321,-6.72925],[107.24625,-6.72783],[107.24563,-6.7271],[107.24625,-6.72586],[107.24574,-6.72567],[107.24679,-6.7252],[107.24721,-6.72407],[107.24645,-6.72363],[107.24721,-6.72272],[107.24656,-6.72227],[107.24742,-6.72056],[107.24997,-6.72053],[107.25,-6.71933],[107.25698,-6.72153],[107.26009,-6.72363],[107.26218,-6.72153],[107.26541,-6.72181],[107.27125,-6.72389],[107.27318,-6.72359],[107.27437,-6.72442],[107.27623,-6.72776],[107.28832,-6.73092],[107.29178,-6.73051],[107.2947,-6.73191],[107.29172,-6.73453],[107.29035,-6.73667],[107.28912,-6.74161],[107.28935,-6.74517],[107.29162,-6.74978],[107.28614,-6.75951],[107.28457,-6.76487],[107.27926,-6.7643],[107.27591,-6.7628],[107.27441,-6.76506],[107.26818,-6.76928],[107.26564,-6.76994],[107.26157,-6.76885],[107.26062,-6.77114],[107.25898,-6.77104],[107.2566,-6.77342],[107.25502,-6.77379],[107.2533,-6.77251],[107.25267,-6.77314],[107.24867,-6.77353],[107.24772,-6.77317],[107.24782,-6.77097],[107.24829,-6.77001],[107.24904,-6.77001],[107.25022,-6.76724],[107.25021,-6.76623],[107.24953,-6.76589],[107.2571,-6.75943],[107.25561,-6.75911],[107.25574,-6.75752],[107.25455,-6.75775],[107.25438,-6.75729],[107.25224,-6.75837],[107.25199,-6.7575],[107.25134,-6.75741],[107.24932,-6.75819],[107.24866,-6.75925],[107.2473,-6.75891],[107.24583,-6.76073],[107.24026,-6.76357],[107.23321,-6.76427],[107.22924,-6.76554],[107.23032,-6.76893],[107.22827,-6.76899],[107.22789,-6.7684],[107.22743,-6.76921],[107.22652,-6.76918],[107.22525,-6.77024],[107.22521,-6.77147],[107.22424,-6.77137],[107.22408,-6.77202],[107.22296,-6.7717],[107.22153,-6.77354],[107.22153,-6.77475],[107.21986,-6.77452],[107.21875,-6.77754],[107.21741,-6.77842],[107.2166,-6.77815],[107.21475,-6.77908],[107.21328,-6.77765],[107.20939,-6.77972],[107.20741,-6.77983],[107.20535,-6.7824],[107.20488,-6.78153],[107.20379,-6.78171],[107.20349,-6.78074],[107.20127,-6.78125],[107.20089,-6.78286],[107.19978,-6.7835],[107.20001,-6.78211],[107.19846,-6.78222],[107.19796,-6.78001],[107.19688,-6.78115],[107.19491,-6.7805],[107.19417,-6.78177],[107.19399,-6.78089],[107.19242,-6.78024],[107.19128,-6.77721],[107.19004,-6.77852],[107.18783,-6.77905],[107.18648,-6.77828],[107.18407,-6.77835],[107.1829,-6.77905],[107.18412,-6.77762],[107.18288,-6.77533],[107.18083,-6.77531],[107.18116,-6.77628],[107.17976,-6.77712],[107.17617,-6.77788],[107.17591,-6.7767],[107.17694,-6.7749],[107.17627,-6.77532],[107.17453,-6.77461],[107.17132,-6.78113],[107.16978,-6.78293],[107.16832,-6.78432],[107.16534,-6.78389],[107.1661,-6.78756],[107.16093,-6.7888],[107.16169,-6.79116],[107.16002,-6.79086],[107.15871,-6.78932],[107.15653,-6.78933],[107.1553,-6.78752],[107.15432,-6.78848],[107.15297,-6.78844],[107.15259,-6.78947],[107.1512,-6.79014],[107.15153,-6.79126],[107.15062,-6.79106]]]}},{"type":"Feature","properties":{"KODE_KEC":"32.03.01","KECAMATAN":"Cianjur","KAB_KOTA":"Cianjur","dist_ind":40838.85,"camp_dens":0.075,"toll_pct":0.0,"sma_grad":3945,"area_km2":26.6804,"Pred_Reko":0},"geometry":{"type":"Polygon","coordinates":[[[107.12868,-6.84431],[107.12493,-6.84217],[107.12369,-6.8421],[107.12043,-6.83943],[107.11915,-6.83976],[107.11735,-6.83842],[107.11683,-6.83888],[107.11563,-6.83764],[107.1129,-6.83758],[107.10893,-6.83606],[107.10844,-6.83667],[107.10754,-6.8362],[107.10698,-6.8367],[107.10406,-6.8359],[107.10237,-6.83684],[107.10067,-6.83657],[107.09976,-6.83712],[107.09631,-6.83561],[107.09485,-6.8363],[107.09441,-6.83579],[107.09379,-6.8361],[107.09251,-6.83462],[107.09134,-6.83433],[107.08784,-6.83473],[107.09258,-6.83174],[107.09556,-6.83122],[107.09742,-6.82814],[107.09994,-6.82662],[107.10072,-6.8263],[107.10339,-6.82756],[107.10434,-6.82603],[107.10576,-6.82596],[107.10788,-6.82441],[107.10939,-6.82274],[107.10901,-6.8214],[107.10808,-6.82075],[107.10809,-6.81926],[107.10597,-6.81835],[107.10894,-6.81164],[107.11436,-6.81363],[107.11707,-6.81367],[107.11732,-6.81245],[107.11459,-6.81067],[107.11667,-6.80562],[107.1184,-6.80655],[107.11871,-6.80615],[107.12105,-6.80673],[107.12217,-6.80425],[107.12133,-6.80254],[107.12176,-6.80057],[107.11957,-6.79972],[107.11919,-6.79821],[107.11971,-6.79737],[107.11858,-6.79735],[107.11984,-6.79338],[107.12018,-6.79306],[107.12078,-6.79369],[107.12158,-6.79267],[107.12146,-6.79195],[107.1205,-6.7916],[107.12121,-6.79069],[107.12092,-6.78976],[107.123,-6.7893],[107.11918,-6.78578],[107.12053,-6.78587],[107.12155,-6.78504],[107.12236,-6.78255],[107.12338,-6.78196],[107.12429,-6.78231],[107.12326,-6.78432],[107.12527,-6.78573],[107.12631,-6.78794],[107.12692,-6.78779],[107.12738,-6.7864],[107.12909,-6.78654],[107.131,-6.7877],[107.13269,-6.78669],[107.13367,-6.7868],[107.13509,-6.78891],[107.13499,-6.7902],[107.13631,-6.78991],[107.13657,-6.79082],[107.13787,-6.79128],[107.13852,-6.79086],[107.13906,-6.79223],[107.1394,-6.7917],[107.14129,-6.79253],[107.14229,-6.79231],[107.14277,-6.79326],[107.14505,-6.79321],[107.14596,-6.79391],[107.14633,-6.79296],[107.14781,-6.7926],[107.14806,-6.7919],[107.14856,-6.79237],[107.1499,-6.79112],[107.15153,-6.79126],[107.1512,-6.79014],[107.15259,-6.78947],[107.15297,-6.78844],[107.15432,-6.78848],[107.1553,-6.78752],[107.15555,-6.78831],[107.15367,-6.78953],[107.15337,-6.79184],[107.15221,-6.79308],[107.15269,-6.79423],[107.15152,-6.79625],[107.15187,-6.7977],[107.15108,-6.79757],[107.15082,-6.79917],[107.14915,-6.80067],[107.14777,-6.80007],[107.14678,-6.80109],[107.14849,-6.80316],[107.14936,-6.80335],[107.14904,-6.80557],[107.15159,-6.80588],[107.15095,-6.80683],[107.15143,-6.80734],[107.14949,-6.80867],[107.15177,-6.80969],[107.15166,-6.81104],[107.15231,-6.81107],[107.15227,-6.81164],[107.15155,-6.8116],[107.15066,-6.81674],[107.14975,-6.81819],[107.15049,-6.81874],[107.14919,-6.8193],[107.15013,-6.82045],[107.14977,-6.82126],[107.15272,-6.82233],[107.15263,-6.82286],[107.15108,-6.8232],[107.15122,-6.82562],[107.1505,-6.82554],[107.15034,-6.82668],[107.1514,-6.82676],[107.15141,-6.82747],[107.15087,-6.82736],[107.1508,-6.83017],[107.15009,-6.83137],[107.15213,-6.83328],[107.15305,-6.83303],[107.1555,-6.83427],[107.15536,-6.83517],[107.15759,-6.83645],[107.15651,-6.83878],[107.15544,-6.83864],[107.15519,-6.83931],[107.15734,-6.84113],[107.15787,-6.84074],[107.15996,-6.84136],[107.16005,-6.84404],[107.15812,-6.84419],[107.15615,-6.84545],[107.15542,-6.84405],[107.15334,-6.84426],[107.1523,-6.84523],[107.15183,-6.84442],[107.15084,-6.84477],[107.15025,-6.84362],[107.14969,-6.84402],[107.14939,-6.84291],[107.14803,-6.8437],[107.146,-6.8432],[107.1439,-6.84382],[107.14255,-6.84358],[107.14251,-6.84246],[107.14069,-6.84307],[107.13973,-6.84227],[107.13889,-6.84308],[107.13703,-6.84217],[107.13176,-6.84379],[107.13071,-6.84311],[107.12868,-6.84431]]]}},{"type":"Feature","properties":{"KODE_KEC":"32.03.02","KECAMATAN":"Warungkondang","KAB_KOTA":"Cianjur","dist_ind":44311.61,"camp_dens":0.0,"toll_pct":0.0,"sma_grad":2984,"area_km2":45.7201,"Pred_Reko":0},"geometry":{"type":"Polygon","coordinates":[[[107.09037,-6.87665],[107.08619,-6.87473],[107.08435,-6.87473],[107.08405,-6.87387],[107.08058,-6.8718],[107.07737,-6.86685],[107.07799,-6.86589],[107.07701,-6.8637],[107.07477,-6.86161],[107.07032,-6.86082],[107.0694,-6.86156],[107.06843,-6.86138],[107.06826,-6.86052],[107.06683,-6.85975],[107.06314,-6.85975],[107.06288,-6.85896],[107.06113,-6.85848],[107.06056,-6.85726],[107.05708,-6.85692],[107.055,-6.85553],[107.05122,-6.85471],[107.03949,-6.84806],[107.03652,-6.84605],[107.0356,-6.84458],[107.02924,-6.84149],[107.02684,-6.83891],[107.02369,-6.8376],[107.02222,-6.83564],[107.02064,-6.83513],[107.01693,-6.83074],[107.01521,-6.82649],[107.01143,-6.82212],[107.00747,-6.81909],[107.00528,-6.814],[107.00272,-6.81095],[106.99545,-6.80374],[106.99284,-6.80243],[106.99311,-6.79956],[106.99175,-6.79789],[106.99462,-6.79723],[107.00211,-6.79931],[107.00785,-6.80124],[107.01868,-6.8063],[107.02496,-6.80821],[107.0273,-6.8126],[107.03292,-6.81636],[107.03665,-6.82185],[107.03907,-6.82312],[107.04166,-6.82576],[107.04427,-6.827],[107.04494,-6.82847],[107.04692,-6.82909],[107.04802,-6.83065],[107.04998,-6.83052],[107.05037,-6.83151],[107.05263,-6.83218],[107.05345,-6.83393],[107.05443,-6.83407],[107.05544,-6.83548],[107.06109,-6.83884],[107.06194,-6.84011],[107.06243,-6.83982],[107.065,-6.84164],[107.07032,-6.84192],[107.07463,-6.84496],[107.0766,-6.84525],[107.07861,-6.84804],[107.0801,-6.84801],[107.08051,-6.84518],[107.0773,-6.84373],[107.07798,-6.84141],[107.07684,-6.84069],[107.07718,-6.83986],[107.07793,-6.84013],[107.07848,-6.83873],[107.08126,-6.83902],[107.094,-6.84295],[107.09777,-6.84344],[107.09909,-6.84454],[107.10581,-6.84564],[107.10659,-6.8467],[107.10488,-6.84942],[107.10639,-6.8506],[107.10565,-6.85252],[107.10486,-6.85235],[107.10474,-6.85555],[107.10591,-6.85593],[107.10737,-6.85455],[107.11341,-6.85381],[107.11579,-6.85496],[107.11611,-6.85644],[107.11839,-6.85692],[107.11574,-6.86013],[107.11262,-6.8616],[107.1115,-6.86489],[107.10923,-6.8654],[107.11366,-6.86556],[107.11395,-6.86677],[107.11671,-6.86827],[107.11794,-6.86982],[107.12013,-6.86992],[107.12068,-6.87064],[107.11972,-6.87134],[107.12,-6.87275],[107.11924,-6.87376],[107.11983,-6.87619],[107.11921,-6.87744],[107.118,-6.87754],[107.11775,-6.87892],[107.11631,-6.88033],[107.11417,-6.88059],[107.11487,-6.88152],[107.11338,-6.8817],[107.11376,-6.88195],[107.11277,-6.88486],[107.11263,-6.88612],[107.11688,-6.88775],[107.11638,-6.88856],[107.11806,-6.88945],[107.11707,-6.89104],[107.11763,-6.89171],[107.11601,-6.89265],[107.11595,-6.895],[107.11455,-6.89589],[107.1146,-6.89709],[107.1121,-6.89729],[107.11156,-6.89682],[107.11114,-6.89764],[107.10804,-6.89848],[107.11021,-6.899],[107.11104,-6.90036],[107.11135,-6.90515],[107.11037,-6.90609],[107.11093,-6.9084],[107.11225,-6.90948],[107.11232,-6.91246],[107.10554,-6.91904],[107.10242,-6.91877],[107.1,-6.91751],[107.09874,-6.91493],[107.0956,-6.91387],[107.09413,-6.91409],[107.09416,-6.91329],[107.093,-6.91289],[107.09308,-6.91243],[107.09119,-6.91214],[107.0922,-6.91046],[107.09186,-6.90933],[107.09299,-6.90385],[107.09189,-6.89933],[107.09112,-6.89848],[107.09081,-6.895],[107.08937,-6.89257],[107.09008,-6.89034],[107.09079,-6.89021],[107.09218,-6.88811],[107.09123,-6.88729],[107.09259,-6.88443],[107.09286,-6.88163],[107.09116,-6.88074],[107.09178,-6.88039],[107.09209,-6.87797],[107.09057,-6.87764],[107.09037,-6.87665]]]}},{"type":"Feature","properties":{"KODE_KEC":"32.03.12","KECAMATAN":"Cikalongkulon","KAB_KOTA":"Cianjur","dist_ind":25361.92,"camp_dens":0.0,"toll_pct":0.0,"sma_grad":3253,"area_km2":145.1066,"Pred_Reko":1},"geometry":{"type":"Polygon","coordinates":[[[107.21569,-6.73892],[107.19158,-6.73857],[107.19183,-6.7377],[107.19123,-6.73677],[107.18503,-6.73506],[107.17875,-6.73463],[107.17577,-6.73357],[107.17429,-6.73221],[107.16962,-6.73129],[107.16831,-6.73143],[107.16737,-6.73239],[107.16281,-6.73328],[107.15926,-6.73563],[107.15834,-6.73482],[107.15845,-6.73375],[107.15647,-6.7291],[107.15571,-6.72879],[107.15646,-6.72797],[107.15618,-6.72658],[107.15547,-6.72666],[107.15622,-6.72617],[107.15555,-6.72354],[107.15572,-6.71699],[107.15456,-6.71649],[107.15296,-6.71205],[107.14801,-6.70929],[107.14522,-6.70205],[107.14538,-6.70052],[107.14681,-6.69984],[107.14857,-6.69717],[107.14812,-6.697],[107.14877,-6.69607],[107.14872,-6.6942],[107.1477,-6.69356],[107.1465,-6.6902],[107.14905,-6.68673],[107.14714,-6.6863],[107.14463,-6.68258],[107.14651,-6.68286],[107.14799,-6.68212],[107.14272,-6.67615],[107.14198,-6.67221],[107.13969,-6.67134],[107.14044,-6.67042],[107.1401,-6.66829],[107.14092,-6.66691],[107.14416,-6.66508],[107.15063,-6.66274],[107.15158,-6.66003],[107.1503,-6.65434],[107.15252,-6.64983],[107.15454,-6.64925],[107.15781,-6.6502],[107.15779,-6.64735],[107.16022,-6.64551],[107.16358,-6.64729],[107.16502,-6.64696],[107.1691,-6.6431],[107.16814,-6.64107],[107.1699,-6.63868],[107.171,-6.64042],[107.17449,-6.64121],[107.17968,-6.64632],[107.18289,-6.64574],[107.18449,-6.64607],[107.18632,-6.6454],[107.1893,-6.64665],[107.19039,-6.64642],[107.1918,-6.64591],[107.19458,-6.64325],[107.19744,-6.64271],[107.19935,-6.64304],[107.20127,-6.64023],[107.20255,-6.63989],[107.20405,-6.63837],[107.20841,-6.63887],[107.2108,-6.64065],[107.21235,-6.64044],[107.21277,-6.63785],[107.215,-6.63674],[107.21487,-6.63514],[107.21301,-6.63193],[107.2136,-6.62697],[107.21424,-6.62628],[107.22331,-6.62474],[107.22579,-6.6207],[107.22628,-6.61571],[107.22778,-6.614],[107.22618,-6.61141],[107.22534,-6.60782],[107.22715,-6.6022],[107.2288,-6.60454],[107.23187,-6.60506],[107.23488,-6.60708],[107.23611,-6.60888],[107.23833,-6.61578],[107.24093,-6.61836],[107.2428,-6.61891],[107.24819,-6.62413],[107.2513,-6.62602],[107.25149,-6.62691],[107.2539,-6.62797],[107.25366,-6.62888],[107.25714,-6.63035],[107.25876,-6.62948],[107.25915,-6.62987],[107.25984,-6.6324],[107.26179,-6.63323],[107.26275,-6.63416],[107.26284,-6.63539],[107.26377,-6.63577],[107.26462,-6.63951],[107.26362,-6.64355],[107.26407,-6.64492],[107.26671,-6.64388],[107.26839,-6.64462],[107.26683,-6.64515],[107.26673,-6.64748],[107.26609,-6.64711],[107.26447,-6.64848],[107.2647,-6.65304],[107.26214,-6.6547],[107.2625,-6.65638],[107.26108,-6.65596],[107.26117,-6.65749],[107.25877,-6.65842],[107.25878,-6.66074],[107.26003,-6.66213],[107.25869,-6.66592],[107.25922,-6.6686],[107.25757,-6.6707],[107.25638,-6.67694],[107.25676,-6.67839],[107.25444,-6.68266],[107.25447,-6.68435],[107.25606,-6.68499],[107.25697,-6.68744],[107.25537,-6.68793],[107.25165,-6.69285],[107.25144,-6.69394],[107.25638,-6.69758],[107.25971,-6.69742],[107.26412,-6.69915],[107.26572,-6.70175],[107.2696,-6.70371],[107.2699,-6.70609],[107.27144,-6.70738],[107.2754,-6.70652],[107.28043,-6.7079],[107.28346,-6.70681],[107.28567,-6.707],[107.28916,-6.70866],[107.29226,-6.71121],[107.29511,-6.71501],[107.30153,-6.7253],[107.30215,-6.72844],[107.29743,-6.72998],[107.2947,-6.73191],[107.29178,-6.73051],[107.28832,-6.73092],[107.27623,-6.72776],[107.27437,-6.72442],[107.27318,-6.72359],[107.27125,-6.72389],[107.26541,-6.72181],[107.26218,-6.72153],[107.26009,-6.72363],[107.25698,-6.72153],[107.25,-6.71933],[107.24997,-6.72053],[107.24742,-6.72056],[107.24656,-6.72227],[107.24721,-6.72272],[107.24645,-6.72363],[107.24721,-6.72407],[107.24679,-6.7252],[107.24574,-6.72567],[107.24625,-6.72586],[107.24563,-6.7271],[107.24625,-6.72783],[107.24321,-6.72925],[107.24239,-6.72859],[107.24206,-6.72958],[107.23857,-6.733],[107.23762,-6.73312],[107.23539,-6.73619],[107.23301,-6.73534],[107.2319,-6.73812],[107.23256,-6.74049],[107.23216,-6.74216],[107.23083,-6.74133],[107.2295,-6.74224],[107.22405,-6.74077],[107.22364,-6.74115],[107.2159,-6.73975],[107.21569,-6.73892]]]}},{"type":"Feature","properties":{"KODE_KEC":"32.03.13","KECAMATAN":"Sukaresmi","KAB_KOTA":"Cianjur","dist_ind":33746.67,"camp_dens":0.0,"toll_pct":0.0,"sma_grad":2478,"area_km2":96.5489,"Pred_Reko":0},"geometry":{"type":"Polygon","coordinates":[[[107.09314,-6.75743],[107.09215,-6.75956],[107.08889,-6.76279],[107.0851,-6.76503],[107.08679,-6.76772],[107.08436,-6.77052],[107.07847,-6.77016],[107.07579,-6.76554],[107.07334,-6.76428],[107.07237,-6.76281],[107.06866,-6.76223],[107.06786,-6.76146],[107.06527,-6.76088],[107.06289,-6.75715],[107.06362,-6.75327],[107.06313,-6.75071],[107.06137,-6.74903],[107.06108,-6.74705],[107.06035,-6.74638],[107.06058,-6.74121],[107.06298,-6.74012],[107.0637,-6.73777],[107.06749,-6.73416],[107.06832,-6.73454],[107.06999,-6.73312],[107.07348,-6.73226],[107.07847,-6.73297],[107.07861,-6.7297],[107.07598,-6.72938],[107.0742,-6.73054],[107.07224,-6.7294],[107.07224,-6.72886],[107.07147,-6.72895],[107.07185,-6.72802],[107.07077,-6.72695],[107.0714,-6.7256],[107.07068,-6.72529],[107.07378,-6.72285],[107.07309,-6.72232],[107.06639,-6.72159],[107.06491,-6.72002],[107.06148,-6.71833],[107.05969,-6.71841],[107.05822,-6.71729],[107.05475,-6.71679],[107.05333,-6.71564],[107.05047,-6.71667],[107.04799,-6.71626],[107.0469,-6.71726],[107.04353,-6.71746],[107.04333,-6.71612],[107.04765,-6.71413],[107.04835,-6.71448],[107.05192,-6.71368],[107.05221,-6.71306],[107.05356,-6.71432],[107.05593,-6.71382],[107.05685,-6.71426],[107.06036,-6.71315],[107.06334,-6.71377],[107.0641,-6.70677],[107.06316,-6.70671],[107.06318,-6.70606],[107.06403,-6.70531],[107.06545,-6.70526],[107.06562,-6.70417],[107.0609,-6.70322],[107.06105,-6.70204],[107.06015,-6.70221],[107.06069,-6.70048],[107.06391,-6.70006],[107.06257,-6.69832],[107.06394,-6.69612],[107.06231,-6.6942],[107.06362,-6.69334],[107.06354,-6.69123],[107.06214,-6.68984],[107.06122,-6.68988],[107.05971,-6.68798],[107.05848,-6.68815],[107.05692,-6.687],[107.05607,-6.68728],[107.05491,-6.68605],[107.0556,-6.68407],[107.05286,-6.68309],[107.04747,-6.67594],[107.0465,-6.67555],[107.04748,-6.6737],[107.04719,-6.67171],[107.04919,-6.67097],[107.05039,-6.66776],[107.05333,-6.66571],[107.05497,-6.66175],[107.05743,-6.66166],[107.0592,-6.66045],[107.06213,-6.66035],[107.06281,-6.66167],[107.06592,-6.66202],[107.06852,-6.66522],[107.07148,-6.66473],[107.07322,-6.66253],[107.07617,-6.66304],[107.07716,-6.66442],[107.07891,-6.66494],[107.0849,-6.66493],[107.08637,-6.66724],[107.08866,-6.66745],[107.09368,-6.66619],[107.09508,-6.66434],[107.09694,-6.66405],[107.10034,-6.66444],[107.10215,-6.6665],[107.10377,-6.66366],[107.10641,-6.66491],[107.10681,-6.6639],[107.10795,-6.66391],[107.10999,-6.6659],[107.11314,-6.66355],[107.11683,-6.66432],[107.11922,-6.66323],[107.12104,-6.66328],[107.12256,-6.66359],[107.12452,-6.66631],[107.12927,-6.66842],[107.13018,-6.66981],[107.13236,-6.66946],[107.1342,-6.6705],[107.13511,-6.67015],[107.13793,-6.66645],[107.1393,-6.66629],[107.14092,-6.66691],[107.1401,-6.66829],[107.14044,-6.67042],[107.13969,-6.67134],[107.14198,-6.67221],[107.14272,-6.67615],[107.14799,-6.68212],[107.14651,-6.68286],[107.14463,-6.68258],[107.14714,-6.6863],[107.14905,-6.68673],[107.1465,-6.6902],[107.1477,-6.69356],[107.14872,-6.6942],[107.14877,-6.69607],[107.14812,-6.697],[107.14857,-6.69717],[107.14681,-6.69984],[107.14538,-6.70052],[107.14522,-6.70205],[107.14801,-6.70929],[107.15296,-6.71205],[107.15456,-6.71649],[107.15572,-6.71699],[107.15555,-6.72354],[107.15622,-6.72617],[107.15547,-6.72666],[107.15618,-6.72658],[107.15646,-6.72797],[107.15571,-6.72879],[107.15647,-6.7291],[107.15845,-6.73375],[107.15828,-6.73473],[107.15922,-6.73569],[107.15801,-6.7369],[107.15541,-6.73795],[107.15411,-6.73752],[107.15366,-6.73843],[107.14782,-6.74123],[107.14746,-6.74243],[107.14575,-6.74326],[107.14209,-6.74342],[107.13788,-6.74502],[107.13611,-6.74447],[107.13331,-6.74528],[107.13072,-6.74673],[107.1285,-6.7468],[107.12634,-6.74836],[107.1239,-6.74838],[107.11947,-6.75133],[107.11722,-6.75184],[107.11465,-6.75088],[107.11465,-6.74958],[107.11334,-6.74845],[107.10974,-6.74762],[107.10894,-6.7464],[107.10797,-6.74695],[107.10264,-6.74691],[107.09742,-6.74934],[107.09766,-6.75119],[107.09984,-6.75337],[107.09815,-6.75725],[107.09314,-6.75743]]]}},{"type":"Feature","properties":{"KODE_KEC":"32.03.10","KECAMATAN":"Pacet","KAB_KOTA":"Cianjur","dist_ind":32692.8,"camp_dens":0.0,"toll_pct":0.0,"sma_grad":2850,"area_km2":41.5788,"Pred_Reko":0},"geometry":{"type":"MultiPolygon","coordinates":[[[[107.07844,-6.77002],[107.07277,-6.77634],[107.07005,-6.77541],[107.06683,-6.77596],[107.06447,-6.77777],[107.06332,-6.77695],[107.05971,-6.77786],[107.05837,-6.77774],[107.05812,-6.77712],[107.05637,-6.77795],[107.05342,-6.77725],[107.05035,-6.77775],[107.04905,-6.77904],[107.04572,-6.77762],[107.04446,-6.77576],[107.0425,-6.77466],[107.03998,-6.7746],[107.03733,-6.77362],[107.03443,-6.77461],[107.03241,-6.77367],[107.02872,-6.77403],[107.02204,-6.77326],[107.0167,-6.7763],[107.01111,-6.77781],[107.00871,-6.77998],[107.00528,-6.78166],[107.00192,-6.78195],[106.99988,-6.78387],[106.99348,-6.78757],[106.99218,-6.78645],[106.98809,-6.78696],[106.9866,-6.78886],[106.9833,-6.78992],[106.986,-6.78592],[106.98625,-6.78169],[106.99061,-6.77897],[106.99489,-6.7715],[106.99577,-6.76879],[106.99652,-6.76787],[107.00201,-6.76512],[107.00264,-6.76456],[107.00221,-6.76375],[107.00561,-6.76024],[107.00356,-6.75787],[107.00407,-6.75741],[107.00582,-6.7578],[107.008,-6.75502],[107.00836,-6.75348],[107.01154,-6.75057],[107.01351,-6.75004],[107.01557,-6.75033],[107.01683,-6.74913],[107.0189,-6.7484],[107.02227,-6.74436],[107.02523,-6.7383],[107.02853,-6.73566],[107.02921,-6.73849],[107.02882,-6.73932],[107.03304,-6.73626],[107.03496,-6.73602],[107.03469,-6.74127],[107.03553,-6.74369],[107.04597,-6.74133],[107.04404,-6.73761],[107.04194,-6.73523],[107.04137,-6.73174],[107.04318,-6.7304],[107.04624,-6.72982],[107.04941,-6.72706],[107.05038,-6.7247],[107.04989,-6.72209],[107.05468,-6.71674],[107.05822,-6.71729],[107.05969,-6.71841],[107.06139,-6.71829],[107.06491,-6.72002],[107.06639,-6.72159],[107.07316,-6.72236],[107.07378,-6.72285],[107.07068,-6.72529],[107.0714,-6.7256],[107.07077,-6.72695],[107.07185,-6.72802],[107.07147,-6.72895],[107.07224,-6.72886],[107.07224,-6.7294],[107.0742,-6.73054],[107.07598,-6.72938],[107.07861,-6.7297],[107.07847,-6.73297],[107.07348,-6.73226],[107.06999,-6.73312],[107.06832,-6.73454],[107.06749,-6.73416],[107.0637,-6.73777],[107.06298,-6.74012],[107.06058,-6.74121],[107.06035,-6.74638],[107.06108,-6.74705],[107.06137,-6.74903],[107.06313,-6.75071],[107.06362,-6.75327],[107.06298,-6.75534],[107.06314,-6.75777],[107.06527,-6.76088],[107.06786,-6.76146],[107.06866,-6.76223],[107.07237,-6.76281],[107.07334,-6.76428],[107.07526,-6.76507],[107.07844,-6.77002]]],[[[107.05491,-6.68605],[107.05617,-6.68733],[107.05668,-6.68696],[107.05848,-6.68815],[107.05971,-6.68798],[107.06122,-6.68988],[107.06214,-6.68984],[107.06355,-6.69126],[107.06362,-6.69334],[107.06231,-6.6942],[107.06394,-6.69612],[107.06257,-6.69832],[107.06391,-6.70006],[107.06071,-6.70047],[107.06015,-6.70217],[107.06105,-6.70204],[107.0609,-6.70322],[107.06566,-6.7042],[107.06544,-6.70529],[107.06403,-6.70531],[107.06318,-6.70606],[107.06316,-6.70671],[107.0641,-6.70675],[107.06373,-6.71265],[107.06334,-6.71377],[107.06036,-6.71315],[107.05685,-6.71426],[107.05593,-6.71382],[107.05356,-6.71432],[107.05221,-6.71306],[107.05192,-6.71368],[107.04835,-6.71448],[107.04768,-6.71413],[107.0464,-6.7148],[107.04579,-6.71378],[107.04674,-6.71077],[107.04627,-6.70966],[107.04349,-6.7108],[107.04245,-6.70987],[107.04159,-6.70736],[107.0387,-6.70574],[107.03759,-6.70599],[107.03708,-6.70511],[107.03501,-6.70513],[107.03647,-6.70277],[107.03659,-6.7013],[107.03726,-6.70177],[107.03897,-6.70137],[107.03919,-6.70025],[107.04017,-6.7002],[107.04024,-6.69917],[107.04185,-6.69895],[107.04206,-6.69735],[107.04268,-6.69765],[107.04425,-6.69632],[107.04699,-6.69583],[107.04623,-6.6947],[107.04608,-6.69176],[107.04858,-6.6918],[107.04805,-6.69091],[107.04864,-6.69024],[107.04763,-6.68782],[107.04597,-6.68776],[107.04529,-6.68692],[107.04121,-6.68514],[107.04423,-6.68535],[107.04474,-6.6859],[107.04654,-6.68517],[107.04496,-6.68419],[107.04357,-6.68415],[107.04318,-6.68366],[107.04374,-6.684],[107.04499,-6.68342],[107.04644,-6.68423],[107.04869,-6.68401],[107.05326,-6.68587],[107.05509,-6.68556],[107.05491,-6.68605]]]]}},{"type":"Feature","properties":{"KODE_KEC":"32.03.11","KECAMATAN":"Cugenang","KAB_KOTA":"Cianjur","dist_ind":39049.66,"camp_dens":0.0,"toll_pct":0.0,"sma_grad":2444,"area_km2":76.2908,"Pred_Reko":0},"geometry":{"type":"Polygon","coordinates":[[[107.07463,-6.84496],[107.07015,-6.84185],[107.065,-6.84164],[107.06243,-6.83982],[107.06194,-6.84011],[107.06109,-6.83884],[107.05544,-6.83548],[107.05443,-6.83407],[107.05345,-6.83393],[107.05263,-6.83218],[107.05037,-6.83151],[107.04998,-6.83052],[107.04802,-6.83065],[107.04692,-6.82909],[107.04494,-6.82847],[107.04427,-6.827],[107.04166,-6.82576],[107.03907,-6.82312],[107.03665,-6.82185],[107.03292,-6.81636],[107.0273,-6.8126],[107.02496,-6.80821],[107.01868,-6.8063],[107.00785,-6.80124],[107.00211,-6.79931],[106.99462,-6.79723],[106.99175,-6.79789],[106.98972,-6.7959],[106.98647,-6.79055],[106.98507,-6.7897],[106.9866,-6.78886],[106.98809,-6.78696],[106.99218,-6.78645],[106.99348,-6.78757],[106.99988,-6.78387],[107.00192,-6.78195],[107.00528,-6.78166],[107.00871,-6.77998],[107.01111,-6.77781],[107.0167,-6.7763],[107.02204,-6.77326],[107.02872,-6.77403],[107.03241,-6.77367],[107.03443,-6.77461],[107.03733,-6.77362],[107.03998,-6.7746],[107.0425,-6.77466],[107.04446,-6.77576],[107.04572,-6.77762],[107.04905,-6.77904],[107.05035,-6.77775],[107.05342,-6.77725],[107.05637,-6.77795],[107.05812,-6.77712],[107.05837,-6.77774],[107.05971,-6.77786],[107.06332,-6.77695],[107.06447,-6.77777],[107.06683,-6.77596],[107.07005,-6.77541],[107.07277,-6.77634],[107.07847,-6.77016],[107.08436,-6.77052],[107.08679,-6.76772],[107.0851,-6.76503],[107.08889,-6.76279],[107.09077,-6.76081],[107.09458,-6.76333],[107.09803,-6.76321],[107.09918,-6.76406],[107.10007,-6.76326],[107.10118,-6.7634],[107.10462,-6.76683],[107.10606,-6.76699],[107.1089,-6.76898],[107.10984,-6.77099],[107.11177,-6.77225],[107.1126,-6.77438],[107.11434,-6.77504],[107.11489,-6.77825],[107.11811,-6.77893],[107.11916,-6.78124],[107.12081,-6.78093],[107.12069,-6.77991],[107.12229,-6.78031],[107.12338,-6.78196],[107.12235,-6.78256],[107.12155,-6.78504],[107.12053,-6.78587],[107.11918,-6.78578],[107.123,-6.7893],[107.12092,-6.78976],[107.12121,-6.79069],[107.1205,-6.7916],[107.12146,-6.79195],[107.12158,-6.79267],[107.12078,-6.79369],[107.12018,-6.79306],[107.11984,-6.79338],[107.11858,-6.79735],[107.11971,-6.79737],[107.11919,-6.79821],[107.11957,-6.79972],[107.12176,-6.80057],[107.12133,-6.80254],[107.12217,-6.80425],[107.1216,-6.80614],[107.12103,-6.80673],[107.11871,-6.80615],[107.1184,-6.80655],[107.11667,-6.80562],[107.11459,-6.81067],[107.11732,-6.81245],[107.11707,-6.81367],[107.11436,-6.81363],[107.10894,-6.81164],[107.10597,-6.81835],[107.10809,-6.81926],[107.10808,-6.82075],[107.10901,-6.8214],[107.10939,-6.82274],[107.10742,-6.82488],[107.10576,-6.82596],[107.10434,-6.82603],[107.10339,-6.82756],[107.10072,-6.8263],[107.09994,-6.82662],[107.09742,-6.82814],[107.09556,-6.83122],[107.09057,-6.83269],[107.08804,-6.83446],[107.08824,-6.83517],[107.08738,-6.83497],[107.08632,-6.83583],[107.08821,-6.83592],[107.08796,-6.83655],[107.0896,-6.83737],[107.09221,-6.83685],[107.0941,-6.83774],[107.09431,-6.83706],[107.09755,-6.83763],[107.09764,-6.83831],[107.09918,-6.83898],[107.09905,-6.83981],[107.1013,-6.83997],[107.1017,-6.84121],[107.10095,-6.84458],[107.09902,-6.84452],[107.09777,-6.84344],[107.094,-6.84295],[107.08694,-6.84044],[107.07848,-6.83873],[107.07793,-6.84013],[107.07718,-6.83986],[107.07684,-6.84069],[107.07798,-6.84141],[107.07724,-6.84355],[107.07931,-6.84505],[107.08051,-6.84518],[107.0801,-6.84801],[107.07861,-6.84804],[107.0766,-6.84525],[107.07463,-6.84496]]]}},{"type":"Feature","properties":{"KODE_KEC":"32.03.27","KECAMATAN":"Gekbrong","KAB_KOTA":"Cianjur","dist_ind":44574.56,"camp_dens":0.0,"toll_pct":0.0,"sma_grad":2518,"area_km2":49.029,"Pred_Reko":0},"geometry":{"type":"Polygon","coordinates":[[[107.09008,-6.89034],[107.08938,-6.89271],[107.09081,-6.895],[107.09112,-6.89848],[107.09189,-6.89933],[107.09301,-6.90435],[107.09179,-6.91171],[107.08757,-6.91512],[107.08348,-6.91406],[107.08223,-6.91252],[107.07645,-6.91036],[107.07051,-6.91151],[107.06394,-6.9083],[107.06029,-6.9076],[107.05542,-6.90912],[107.05283,-6.90916],[107.04827,-6.91083],[107.0467,-6.90927],[107.04386,-6.90993],[107.04209,-6.90938],[107.03974,-6.90306],[107.04053,-6.89897],[107.0385,-6.89813],[107.03258,-6.89827],[107.03178,-6.89689],[107.03284,-6.89309],[107.02985,-6.89162],[107.02881,-6.88913],[107.02939,-6.88793],[107.03139,-6.8879],[107.03154,-6.88719],[107.03229,-6.88707],[107.0337,-6.88763],[107.03524,-6.88653],[107.03457,-6.886],[107.03437,-6.88367],[107.0313,-6.87912],[107.03126,-6.87772],[107.03296,-6.87541],[107.03148,-6.87135],[107.02914,-6.86969],[107.0286,-6.86817],[107.02693,-6.86786],[107.02535,-6.86484],[107.02492,-6.86197],[107.0238,-6.86078],[107.02184,-6.86019],[107.01868,-6.8578],[107.01598,-6.85462],[107.01121,-6.85203],[107.01085,-6.85075],[107.00937,-6.84924],[107.00527,-6.84839],[107.00302,-6.84368],[107.00053,-6.84054],[107.00027,-6.83913],[106.99841,-6.83785],[106.99811,-6.83673],[106.99595,-6.8344],[106.99517,-6.83146],[106.99642,-6.82695],[106.99515,-6.82297],[106.9961,-6.82195],[106.99627,-6.81937],[106.99536,-6.81696],[106.99434,-6.80818],[106.99269,-6.80466],[106.99284,-6.80243],[106.99545,-6.80374],[107.00272,-6.81095],[107.00528,-6.814],[107.00747,-6.81909],[107.01143,-6.82212],[107.01521,-6.82649],[107.01693,-6.83074],[107.02064,-6.83513],[107.02222,-6.83564],[107.02369,-6.8376],[107.02684,-6.83891],[107.02924,-6.84149],[107.0356,-6.84458],[107.03652,-6.84605],[107.03949,-6.84806],[107.05122,-6.85471],[107.055,-6.85553],[107.05708,-6.85692],[107.06056,-6.85726],[107.06113,-6.85848],[107.06288,-6.85896],[107.06314,-6.85975],[107.06683,-6.85975],[107.06826,-6.86052],[107.06843,-6.86138],[107.0694,-6.86156],[107.07032,-6.86082],[107.07336,-6.86125],[107.0759,-6.86252],[107.07799,-6.86589],[107.07737,-6.86685],[107.08058,-6.8718],[107.08405,-6.87387],[107.08435,-6.87473],[107.08816,-6.87551],[107.09037,-6.87665],[107.09057,-6.87764],[107.09209,-6.87797],[107.09178,-6.88039],[107.09116,-6.88074],[107.09284,-6.88138],[107.09271,-6.884],[107.09123,-6.88729],[107.09218,-6.88811],[107.09079,-6.89021],[107.09008,-6.89034]]]}},{"type":"Feature","properties":{"KODE_KEC":"32.03.28","KECAMATAN":"Cipanas","KAB_KOTA":"Cianjur","dist_ind":28154.08,"camp_dens":0.0,"toll_pct":0.0,"sma_grad":953,"area_km2":68.0799,"Pred_Reko":0},"geometry":{"type":"Polygon","coordinates":[[[107.02853,-6.73566],[107.02523,-6.7383],[107.02227,-6.74436],[107.0189,-6.7484],[107.01683,-6.74913],[107.01557,-6.75033],[107.01351,-6.75004],[107.01154,-6.75057],[107.00836,-6.75348],[107.008,-6.75502],[107.00582,-6.7578],[107.00407,-6.75741],[107.00356,-6.75787],[107.00561,-6.76024],[107.00221,-6.76375],[107.00264,-6.76456],[107.00201,-6.76512],[106.99652,-6.76787],[106.99577,-6.76879],[106.99489,-6.7715],[106.99061,-6.77897],[106.98625,-6.78169],[106.986,-6.78592],[106.9833,-6.78992],[106.98183,-6.78994],[106.98016,-6.78907],[106.97724,-6.78497],[106.9738,-6.78299],[106.96876,-6.77749],[106.96743,-6.77222],[106.96521,-6.77046],[106.96436,-6.76701],[106.96576,-6.76316],[106.9661,-6.75794],[106.96817,-6.75437],[106.97312,-6.7516],[106.975,-6.74918],[106.97712,-6.7485],[106.97816,-6.7471],[106.98265,-6.74675],[106.98498,-6.74467],[106.98657,-6.74019],[106.98622,-6.73398],[106.98731,-6.73212],[106.98835,-6.72786],[106.98654,-6.72034],[106.98825,-6.71874],[106.99039,-6.71479],[106.99042,-6.71064],[106.99141,-6.70868],[106.99185,-6.70546],[106.99438,-6.70497],[106.99869,-6.70264],[107.00088,-6.69771],[106.99994,-6.69561],[106.99984,-6.69342],[107.0011,-6.69205],[107.00176,-6.68986],[107.00328,-6.68931],[107.00399,-6.6883],[107.00177,-6.68432],[106.99994,-6.68361],[106.99362,-6.67636],[106.99358,-6.67322],[106.99214,-6.66892],[106.99239,-6.66785],[106.99391,-6.66811],[106.99648,-6.66671],[106.9984,-6.66749],[107.00179,-6.66613],[107.00523,-6.66721],[107.00688,-6.66712],[107.00941,-6.66473],[107.01183,-6.66485],[107.01294,-6.66646],[107.01589,-6.66797],[107.0193,-6.66573],[107.02034,-6.66574],[107.02114,-6.66407],[107.0241,-6.66304],[107.02495,-6.66342],[107.02544,-6.66242],[107.02675,-6.66321],[107.02833,-6.66239],[107.03314,-6.66293],[107.03532,-6.66054],[107.03848,-6.66086],[107.04041,-6.65981],[107.04279,-6.65669],[107.04592,-6.6567],[107.04684,-6.65824],[107.04846,-6.657],[107.05149,-6.65661],[107.05349,-6.65857],[107.05838,-6.65951],[107.0592,-6.66045],[107.05743,-6.66166],[107.05486,-6.66182],[107.05333,-6.66571],[107.05039,-6.66776],[107.04919,-6.67097],[107.04719,-6.67171],[107.04748,-6.6737],[107.0465,-6.67555],[107.04747,-6.67594],[107.05277,-6.68299],[107.0556,-6.68407],[107.05561,-6.68499],[107.0546,-6.68593],[107.05326,-6.68587],[107.04869,-6.68401],[107.04644,-6.68423],[107.04499,-6.68342],[107.04374,-6.684],[107.04318,-6.68366],[107.04357,-6.68415],[107.04496,-6.68419],[107.04654,-6.68517],[107.04474,-6.6859],[107.04423,-6.68535],[107.04121,-6.68514],[107.04529,-6.68692],[107.04597,-6.68776],[107.04763,-6.68782],[107.04864,-6.69024],[107.04805,-6.69091],[107.04858,-6.6918],[107.04608,-6.69176],[107.04623,-6.6947],[107.04699,-6.69583],[107.04425,-6.69632],[107.04268,-6.69765],[107.04206,-6.69735],[107.04185,-6.69895],[107.04024,-6.69917],[107.04017,-6.7002],[107.03919,-6.70025],[107.03897,-6.70137],[107.03726,-6.70177],[107.03659,-6.7013],[107.03647,-6.70277],[107.03501,-6.70513],[107.03708,-6.70511],[107.03759,-6.70599],[107.0387,-6.70574],[107.04159,-6.70736],[107.04245,-6.70987],[107.04349,-6.7108],[107.04629,-6.70968],[107.04674,-6.71077],[107.04579,-6.71378],[107.0464,-6.7148],[107.04333,-6.71612],[107.04353,-6.71746],[107.0469,-6.71726],[107.04799,-6.71626],[107.05047,-6.71667],[107.0532,-6.71564],[107.05468,-6.71674],[107.04989,-6.72209],[107.05038,-6.7247],[107.04941,-6.72706],[107.04624,-6.72982],[107.04318,-6.7304],[107.04137,-6.73174],[107.04194,-6.73523],[107.04404,-6.73761],[107.04597,-6.74133],[107.03562,-6.74371],[107.03469,-6.74127],[107.03481,-6.7359],[107.03304,-6.73626],[107.02882,-6.73932],[107.02921,-6.73849],[107.02853,-6.73566]]]}},{"type":"Feature","properties":{"KODE_KEC":"32.16.21","KECAMATAN":"Serang Baru","KAB_KOTA":"Bekasi","dist_ind":5331.04,"camp_dens":0.0,"toll_pct":0.0,"sma_grad":2974,"area_km2":57.0894,"Pred_Reko":1},"geometry":{"type":"Polygon","coordinates":[[[107.15044,-6.41932],[107.14723,-6.42152],[107.14789,-6.42247],[107.14624,-6.42298],[107.14581,-6.42441],[107.14405,-6.42245],[107.14427,-6.42192],[107.14331,-6.42159],[107.1413,-6.42253],[107.13988,-6.42426],[107.13798,-6.42503],[107.13644,-6.42486],[107.13526,-6.4258],[107.13232,-6.42658],[107.12993,-6.42927],[107.12872,-6.42783],[107.12664,-6.42808],[107.12635,-6.42866],[107.12416,-6.42827],[107.12297,-6.42672],[107.1211,-6.4269],[107.12151,-6.42449],[107.12044,-6.42359],[107.11539,-6.42247],[107.11219,-6.4208],[107.11234,-6.41765],[107.11491,-6.41542],[107.11516,-6.41144],[107.11506,-6.41077],[107.1144,-6.41099],[107.11438,-6.4102],[107.11703,-6.40816],[107.11684,-6.40736],[107.1156,-6.40695],[107.11552,-6.40382],[107.11396,-6.4024],[107.11434,-6.40035],[107.11285,-6.39895],[107.11063,-6.39981],[107.10969,-6.40121],[107.10721,-6.40148],[107.10408,-6.40554],[107.10376,-6.40492],[107.10245,-6.40476],[107.10189,-6.40714],[107.09573,-6.40436],[107.09305,-6.40437],[107.0933,-6.40362],[107.09233,-6.40321],[107.09105,-6.40446],[107.08677,-6.40251],[107.08492,-6.40241],[107.08316,-6.40683],[107.08164,-6.40628],[107.08099,-6.41154],[107.07904,-6.41131],[107.07872,-6.412],[107.07814,-6.41357],[107.07896,-6.41998],[107.07756,-6.42218],[107.07537,-6.42201],[107.07495,-6.42262],[107.07372,-6.42242],[107.07266,-6.42303],[107.06927,-6.42238],[107.06872,-6.42305],[107.06548,-6.4227],[107.06453,-6.42302],[107.06447,-6.42429],[107.06161,-6.4217],[107.05845,-6.42299],[107.05682,-6.42248],[107.05625,-6.41752],[107.0555,-6.41753],[107.05538,-6.41884],[107.05455,-6.41939],[107.05516,-6.42072],[107.05118,-6.41743],[107.05221,-6.41535],[107.05545,-6.41555],[107.05549,-6.41659],[107.05777,-6.41535],[107.05507,-6.41391],[107.05438,-6.41265],[107.05555,-6.41117],[107.05778,-6.41115],[107.05833,-6.41052],[107.05679,-6.40801],[107.05683,-6.40707],[107.05438,-6.4068],[107.05451,-6.40505],[107.05681,-6.40408],[107.05699,-6.40291],[107.05897,-6.40305],[107.0588,-6.40077],[107.06114,-6.40158],[107.06288,-6.39867],[107.0654,-6.39868],[107.06587,-6.39735],[107.06521,-6.39526],[107.06637,-6.39438],[107.06699,-6.39712],[107.0697,-6.39764],[107.07131,-6.39597],[107.06893,-6.39078],[107.0674,-6.3912],[107.06752,-6.38706],[107.06599,-6.38687],[107.06785,-6.38472],[107.066,-6.38462],[107.06535,-6.38345],[107.06862,-6.38037],[107.06811,-6.38],[107.06628,-6.38068],[107.06706,-6.37643],[107.06937,-6.37616],[107.06962,-6.37374],[107.07285,-6.37387],[107.07259,-6.37244],[107.07513,-6.37097],[107.07447,-6.36977],[107.07275,-6.3707],[107.07225,-6.36867],[107.07352,-6.36683],[107.076,-6.36561],[107.07657,-6.36304],[107.07757,-6.36238],[107.08069,-6.36387],[107.08745,-6.365],[107.08775,-6.36421],[107.08941,-6.36482],[107.08961,-6.36366],[107.09077,-6.36325],[107.09101,-6.36207],[107.09331,-6.36158],[107.09585,-6.36229],[107.09639,-6.36155],[107.09844,-6.362],[107.09454,-6.37151],[107.09432,-6.37371],[107.09695,-6.37407],[107.0996,-6.37272],[107.10084,-6.37311],[107.10326,-6.36892],[107.10468,-6.36801],[107.1102,-6.36897],[107.11404,-6.37061],[107.11418,-6.36989],[107.11921,-6.37172],[107.12259,-6.36957],[107.12306,-6.36827],[107.12497,-6.36749],[107.12518,-6.36811],[107.12786,-6.36814],[107.12856,-6.3693],[107.12961,-6.3684],[107.13017,-6.36863],[107.12941,-6.36981],[107.12972,-6.37221],[107.12825,-6.37432],[107.12936,-6.37409],[107.12955,-6.37346],[107.13207,-6.3747],[107.13513,-6.3749],[107.13756,-6.37606],[107.13843,-6.37737],[107.14251,-6.37848],[107.14442,-6.37982],[107.14427,-6.38072],[107.14835,-6.38298],[107.14848,-6.38385],[107.14942,-6.38447],[107.14904,-6.38496],[107.15489,-6.38789],[107.15801,-6.38351],[107.15896,-6.38107],[107.16014,-6.38011],[107.16235,-6.38011],[107.16357,-6.37863],[107.16466,-6.3783],[107.16379,-6.37969],[107.16379,-6.38277],[107.16545,-6.38486],[107.16632,-6.38532],[107.16704,-6.38489],[107.17145,-6.39189],[107.17406,-6.38986],[107.17526,-6.39143],[107.17597,-6.39083],[107.17729,-6.39243],[107.18205,-6.3887],[107.18295,-6.38991],[107.18412,-6.3903],[107.18353,-6.39191],[107.18161,-6.39248],[107.18115,-6.39614],[107.17913,-6.39814],[107.17704,-6.3982],[107.17645,-6.40015],[107.17501,-6.40019],[107.17579,-6.40226],[107.17465,-6.40243],[107.17227,-6.4014],[107.17314,-6.40304],[107.17216,-6.4054],[107.17129,-6.40442],[107.17185,-6.40336],[107.17142,-6.40278],[107.16856,-6.40571],[107.16737,-6.4049],[107.16615,-6.405],[107.16634,-6.40711],[107.16437,-6.4065],[107.16418,-6.40914],[107.16279,-6.40971],[107.16327,-6.41226],[107.16152,-6.41204],[107.16022,-6.41494],[107.15851,-6.41504],[107.1575,-6.41578],[107.15682,-6.41709],[107.1577,-6.41791],[107.15738,-6.41876],[107.1555,-6.41855],[107.15471,-6.41977],[107.15044,-6.41932]]]}},{"type":"Feature","properties":{"KODE_KEC":"32.16.22","KECAMATAN":"Cibarusah","KAB_KOTA":"Bekasi","dist_ind":8967.51,"camp_dens":0.0,"toll_pct":0.0,"sma_grad":3914,"area_km2":42.1953,"Pred_Reko":2},"geometry":{"type":"Polygon","coordinates":[[[107.12088,-6.42656],[107.12297,-6.42672],[107.12416,-6.42827],[107.12635,-6.42866],[107.12664,-6.42808],[107.12872,-6.42783],[107.12993,-6.42927],[107.13232,-6.42658],[107.13526,-6.4258],[107.13644,-6.42486],[107.13798,-6.42503],[107.13988,-6.42426],[107.14121,-6.42261],[107.14283,-6.42175],[107.14427,-6.42192],[107.14405,-6.42245],[107.14581,-6.42441],[107.14624,-6.42298],[107.14789,-6.42247],[107.14723,-6.42152],[107.14855,-6.42103],[107.14943,-6.41971],[107.15067,-6.41929],[107.15471,-6.41977],[107.15521,-6.42109],[107.15328,-6.42143],[107.15411,-6.42389],[107.15382,-6.42461],[107.15083,-6.42545],[107.1496,-6.4249],[107.14799,-6.42734],[107.14838,-6.42822],[107.14937,-6.42759],[107.14976,-6.42803],[107.14877,-6.42945],[107.14989,-6.43232],[107.14981,-6.43408],[107.14905,-6.4341],[107.14906,-6.43491],[107.15007,-6.43613],[107.15108,-6.43631],[107.15147,-6.4382],[107.15279,-6.43869],[107.15326,-6.43954],[107.15573,-6.43988],[107.16028,-6.44221],[107.16321,-6.44104],[107.16474,-6.44125],[107.16685,-6.44306],[107.16932,-6.44361],[107.17061,-6.44466],[107.17014,-6.44619],[107.17167,-6.44648],[107.17134,-6.44927],[107.172,-6.45002],[107.17167,-6.45061],[107.16993,-6.44911],[107.17012,-6.44827],[107.16812,-6.44902],[107.16388,-6.44826],[107.15968,-6.45109],[107.15936,-6.45214],[107.15794,-6.45307],[107.15713,-6.45348],[107.156,-6.4531],[107.15556,-6.45414],[107.15256,-6.45373],[107.15145,-6.45495],[107.15046,-6.45489],[107.14884,-6.45674],[107.14827,-6.45689],[107.14811,-6.45612],[107.14618,-6.45504],[107.14362,-6.45596],[107.14295,-6.45638],[107.14388,-6.45771],[107.1424,-6.459],[107.14091,-6.45767],[107.13885,-6.45843],[107.13844,-6.45796],[107.1389,-6.45668],[107.13764,-6.45618],[107.13666,-6.45666],[107.13539,-6.45596],[107.13451,-6.4567],[107.13376,-6.45581],[107.13292,-6.45624],[107.12973,-6.45569],[107.12639,-6.45786],[107.12414,-6.45678],[107.12295,-6.45736],[107.12224,-6.45601],[107.12025,-6.45567],[107.11943,-6.45613],[107.11957,-6.45756],[107.11897,-6.45833],[107.11695,-6.45952],[107.11726,-6.46056],[107.11665,-6.46001],[107.11503,-6.46065],[107.11254,-6.46331],[107.11136,-6.46282],[107.10958,-6.46061],[107.10661,-6.45957],[107.10512,-6.45771],[107.10525,-6.45679],[107.10113,-6.45497],[107.10068,-6.45567],[107.09337,-6.45144],[107.09049,-6.45047],[107.08953,-6.44871],[107.08667,-6.44807],[107.08548,-6.4485],[107.08432,-6.44657],[107.07955,-6.44356],[107.07914,-6.44247],[107.07325,-6.44022],[107.06313,-6.43387],[107.06121,-6.43394],[107.05956,-6.43523],[107.05939,-6.43619],[107.0576,-6.43668],[107.0572,-6.43636],[107.05767,-6.43563],[107.05644,-6.4362],[107.0566,-6.43539],[107.05539,-6.43573],[107.05527,-6.43476],[107.05937,-6.43368],[107.05934,-6.43211],[107.05761,-6.42951],[107.05641,-6.43012],[107.05589,-6.42903],[107.05455,-6.4293],[107.05592,-6.42748],[107.05892,-6.42673],[107.05719,-6.42401],[107.06161,-6.4217],[107.06447,-6.42429],[107.06453,-6.42302],[107.06548,-6.4227],[107.06872,-6.42305],[107.06927,-6.42238],[107.07266,-6.42303],[107.07372,-6.42242],[107.07495,-6.42262],[107.07537,-6.42201],[107.07756,-6.42218],[107.07896,-6.41998],[107.07814,-6.41357],[107.07872,-6.412],[107.07904,-6.41131],[107.08099,-6.41154],[107.08164,-6.40628],[107.08316,-6.40683],[107.08492,-6.40241],[107.08677,-6.40251],[107.09105,-6.40446],[107.09233,-6.40321],[107.0933,-6.40362],[107.09305,-6.40437],[107.09573,-6.40436],[107.10189,-6.40714],[107.10245,-6.40476],[107.10376,-6.40492],[107.10408,-6.40554],[107.10721,-6.40148],[107.10969,-6.40121],[107.11063,-6.39981],[107.11285,-6.39895],[107.11434,-6.40035],[107.11396,-6.4024],[107.11552,-6.40382],[107.1156,-6.40695],[107.11684,-6.40736],[107.11703,-6.40816],[107.11438,-6.4102],[107.1144,-6.41099],[107.11506,-6.41077],[107.11516,-6.41144],[107.11491,-6.41542],[107.11234,-6.41765],[107.11219,-6.4208],[107.11539,-6.42247],[107.12044,-6.42359],[107.12151,-6.42449],[107.12088,-6.42656]]]}},{"type":"Feature","properties":{"KODE_KEC":"32.16.20","KECAMATAN":"Cikarang Pusat","KAB_KOTA":"Bekasi","dist_ind":1052.89,"camp_dens":0.0375,"toll_pct":0.000399,"sma_grad":2325,"area_km2":53.3517,"Pred_Reko":2},"geometry":{"type":"Polygon","coordinates":[[[107.21516,-6.3497],[107.21491,-6.35232],[107.21327,-6.35437],[107.21308,-6.35671],[107.21323,-6.35838],[107.21488,-6.36004],[107.21531,-6.36181],[107.21325,-6.36381],[107.21067,-6.3613],[107.2075,-6.36153],[107.20766,-6.36262],[107.21012,-6.36382],[107.21036,-6.36589],[107.20637,-6.36838],[107.20494,-6.37082],[107.2056,-6.37322],[107.20485,-6.3759],[107.2068,-6.37715],[107.20759,-6.37866],[107.20953,-6.37958],[107.21151,-6.37927],[107.21166,-6.375],[107.21278,-6.37454],[107.21275,-6.37719],[107.21444,-6.37963],[107.21907,-6.38064],[107.21944,-6.38132],[107.21871,-6.38344],[107.22045,-6.38363],[107.22137,-6.38453],[107.22158,-6.3877],[107.2209,-6.39212],[107.21848,-6.39222],[107.21855,-6.39307],[107.21795,-6.39284],[107.21767,-6.39377],[107.21719,-6.39332],[107.21591,-6.39367],[107.21299,-6.39615],[107.21051,-6.39553],[107.20888,-6.3971],[107.20668,-6.39541],[107.20684,-6.39488],[107.20549,-6.39432],[107.205,-6.39543],[107.20292,-6.39576],[107.20101,-6.39833],[107.19907,-6.39625],[107.1979,-6.39713],[107.19628,-6.39517],[107.19421,-6.39681],[107.19128,-6.39361],[107.18618,-6.3975],[107.18159,-6.39296],[107.1819,-6.3922],[107.18353,-6.39191],[107.18412,-6.39045],[107.18205,-6.3887],[107.17729,-6.39243],[107.17597,-6.39083],[107.17526,-6.39143],[107.17406,-6.38986],[107.17145,-6.39189],[107.16704,-6.38489],[107.16632,-6.38532],[107.16545,-6.38486],[107.16379,-6.38277],[107.16379,-6.37969],[107.16466,-6.3783],[107.16357,-6.37863],[107.16235,-6.38011],[107.16014,-6.38011],[107.15896,-6.38107],[107.15801,-6.38351],[107.15489,-6.38789],[107.14904,-6.38496],[107.14942,-6.38447],[107.14848,-6.38385],[107.14835,-6.38298],[107.14427,-6.38072],[107.14442,-6.37982],[107.14251,-6.37848],[107.13843,-6.37737],[107.13756,-6.37606],[107.13513,-6.3749],[107.13207,-6.3747],[107.12955,-6.37346],[107.12936,-6.37409],[107.12825,-6.37432],[107.12976,-6.37207],[107.12977,-6.36901],[107.1326,-6.36788],[107.13424,-6.36639],[107.13422,-6.36131],[107.13549,-6.35942],[107.13666,-6.35895],[107.13875,-6.35511],[107.13944,-6.35557],[107.13947,-6.35409],[107.1408,-6.35362],[107.14138,-6.35075],[107.14363,-6.34901],[107.14455,-6.34992],[107.14354,-6.35148],[107.14475,-6.35227],[107.14392,-6.35351],[107.14906,-6.35696],[107.15135,-6.35356],[107.15327,-6.35481],[107.15365,-6.35424],[107.16092,-6.35487],[107.16092,-6.35599],[107.1666,-6.35584],[107.16732,-6.35664],[107.16817,-6.35593],[107.16767,-6.35482],[107.16881,-6.35455],[107.16894,-6.35389],[107.16822,-6.35377],[107.16911,-6.35164],[107.17049,-6.3518],[107.17093,-6.35015],[107.17164,-6.35035],[107.17187,-6.34947],[107.17294,-6.34971],[107.17262,-6.34795],[107.17162,-6.34786],[107.17494,-6.34206],[107.17403,-6.34125],[107.17284,-6.33729],[107.17315,-6.33585],[107.17145,-6.33317],[107.17186,-6.33129],[107.17367,-6.33193],[107.17403,-6.32992],[107.17254,-6.32845],[107.17298,-6.32687],[107.17228,-6.32595],[107.17036,-6.32572],[107.16967,-6.32495],[107.16979,-6.32353],[107.16533,-6.32018],[107.1654,-6.32116],[107.16443,-6.32196],[107.15664,-6.3167],[107.16046,-6.31105],[107.16396,-6.31046],[107.16518,-6.30918],[107.16537,-6.30404],[107.16954,-6.3068],[107.1688,-6.30875],[107.16738,-6.30943],[107.16795,-6.31009],[107.16665,-6.31209],[107.16754,-6.31297],[107.16941,-6.31206],[107.1716,-6.31357],[107.17428,-6.31408],[107.17387,-6.3154],[107.17437,-6.31829],[107.1802,-6.32085],[107.18061,-6.32013],[107.18051,-6.32093],[107.18168,-6.32144],[107.18143,-6.32247],[107.18394,-6.32318],[107.18539,-6.31973],[107.18886,-6.32078],[107.18887,-6.32273],[107.19147,-6.32395],[107.19133,-6.32608],[107.19802,-6.3282],[107.19816,-6.32995],[107.20048,-6.33119],[107.20651,-6.33171],[107.20848,-6.32458],[107.21034,-6.32505],[107.21061,-6.32428],[107.21256,-6.32384],[107.21424,-6.32071],[107.21349,-6.32518],[107.2157,-6.32588],[107.21711,-6.32098],[107.21854,-6.32146],[107.21804,-6.32273],[107.21914,-6.32595],[107.21835,-6.32686],[107.21597,-6.32769],[107.21484,-6.3304],[107.21578,-6.33112],[107.2187,-6.33113],[107.22055,-6.33449],[107.22364,-6.3354],[107.22339,-6.33881],[107.2256,-6.34181],[107.2266,-6.34916],[107.22298,-6.35189],[107.21516,-6.3497]]]}},{"type":"Feature","properties":{"KODE_KEC":"32.16.23","KECAMATAN":"Bojongmangu","KAB_KOTA":"Bekasi","dist_ind":4907.34,"camp_dens":0.0,"toll_pct":0.0,"sma_grad":1766,"area_km2":54.7216,"Pred_Reko":1},"geometry":{"type":"Polygon","coordinates":[[[107.20168,-6.46113],[107.19882,-6.46083],[107.19875,-6.46368],[107.19816,-6.46352],[107.19798,-6.46151],[107.19604,-6.46091],[107.19511,-6.46383],[107.19245,-6.46306],[107.18959,-6.46389],[107.18916,-6.46975],[107.18614,-6.47136],[107.18466,-6.4714],[107.18426,-6.47085],[107.18436,-6.47],[107.18586,-6.46881],[107.18573,-6.46722],[107.18224,-6.4678],[107.18156,-6.46877],[107.18305,-6.47125],[107.18282,-6.47348],[107.18002,-6.47308],[107.17874,-6.47368],[107.18114,-6.47499],[107.18076,-6.47812],[107.1783,-6.47972],[107.17559,-6.47891],[107.17149,-6.48052],[107.17145,-6.48175],[107.17326,-6.48309],[107.17395,-6.48583],[107.1736,-6.48487],[107.17102,-6.48394],[107.17073,-6.48463],[107.1698,-6.48389],[107.16761,-6.4839],[107.16343,-6.48095],[107.1617,-6.48078],[107.16197,-6.47925],[107.16052,-6.47849],[107.16016,-6.47931],[107.15973,-6.4791],[107.15978,-6.47834],[107.15855,-6.47732],[107.15416,-6.47481],[107.15152,-6.47425],[107.14671,-6.47171],[107.14616,-6.47287],[107.14454,-6.47166],[107.14084,-6.47165],[107.13886,-6.46968],[107.13837,-6.46821],[107.13543,-6.46694],[107.13406,-6.46482],[107.13225,-6.46362],[107.13253,-6.46544],[107.13191,-6.46593],[107.13337,-6.46696],[107.13201,-6.46783],[107.13291,-6.46858],[107.13143,-6.46808],[107.12928,-6.47002],[107.13051,-6.46983],[107.13093,-6.47105],[107.12991,-6.4708],[107.12913,-6.47177],[107.12265,-6.46828],[107.11996,-6.46817],[107.11871,-6.46547],[107.11441,-6.465],[107.11332,-6.46444],[107.11293,-6.46328],[107.11503,-6.46065],[107.11665,-6.46001],[107.11726,-6.46056],[107.11695,-6.45952],[107.11897,-6.45833],[107.11957,-6.45756],[107.11943,-6.45613],[107.12025,-6.45567],[107.12224,-6.45601],[107.12295,-6.45736],[107.12414,-6.45678],[107.12639,-6.45786],[107.12973,-6.45569],[107.13292,-6.45624],[107.13376,-6.45581],[107.13451,-6.4567],[107.13539,-6.45596],[107.13666,-6.45666],[107.13764,-6.45618],[107.1389,-6.45668],[107.13844,-6.45796],[107.13885,-6.45843],[107.14091,-6.45767],[107.1424,-6.459],[107.14388,-6.45771],[107.14295,-6.45638],[107.14362,-6.45596],[107.14618,-6.45504],[107.14811,-6.45612],[107.14827,-6.45689],[107.14884,-6.45674],[107.15046,-6.45489],[107.15145,-6.45495],[107.15256,-6.45373],[107.15556,-6.45414],[107.156,-6.4531],[107.15713,-6.45348],[107.15794,-6.45307],[107.15936,-6.45214],[107.15968,-6.45109],[107.16388,-6.44826],[107.16812,-6.44902],[107.17012,-6.44827],[107.16993,-6.44911],[107.17167,-6.45061],[107.17209,-6.44979],[107.17134,-6.44927],[107.17167,-6.44648],[107.17014,-6.44619],[107.17061,-6.44466],[107.16932,-6.44361],[107.16685,-6.44306],[107.16474,-6.44125],[107.16321,-6.44104],[107.16028,-6.44221],[107.15573,-6.43988],[107.15326,-6.43954],[107.15279,-6.43869],[107.15147,-6.4382],[107.15108,-6.43631],[107.15007,-6.43613],[107.14904,-6.43484],[107.14905,-6.4341],[107.14981,-6.43408],[107.14989,-6.43232],[107.14877,-6.42945],[107.14976,-6.42803],[107.14937,-6.42759],[107.14838,-6.42822],[107.14799,-6.42734],[107.1496,-6.4249],[107.15083,-6.42545],[107.15382,-6.42461],[107.15332,-6.42131],[107.15521,-6.42109],[107.15471,-6.41977],[107.15521,-6.41866],[107.15751,-6.41863],[107.1577,-6.41791],[107.15685,-6.41747],[107.15725,-6.41614],[107.15813,-6.41519],[107.16022,-6.41494],[107.16152,-6.41204],[107.16327,-6.41226],[107.16279,-6.40971],[107.16418,-6.40914],[107.16437,-6.4065],[107.16634,-6.40711],[107.16615,-6.405],[107.16737,-6.4049],[107.16856,-6.40571],[107.17142,-6.40278],[107.17185,-6.40336],[107.17129,-6.40442],[107.17216,-6.4054],[107.17314,-6.40304],[107.17227,-6.4014],[107.17465,-6.40243],[107.17579,-6.40226],[107.17501,-6.40019],[107.17645,-6.40015],[107.17704,-6.3982],[107.17913,-6.39814],[107.18115,-6.39614],[107.18159,-6.39296],[107.18618,-6.3975],[107.19137,-6.39362],[107.19421,-6.39681],[107.19628,-6.39517],[107.1979,-6.39713],[107.19907,-6.39625],[107.20101,-6.39833],[107.20292,-6.39576],[107.205,-6.39543],[107.20549,-6.39432],[107.20906,-6.3971],[107.21039,-6.39557],[107.21299,-6.39615],[107.21591,-6.39367],[107.21719,-6.39332],[107.21767,-6.39377],[107.21795,-6.39284],[107.21855,-6.39307],[107.21848,-6.39222],[107.2209,-6.39212],[107.21987,-6.39625],[107.22212,-6.40039],[107.22197,-6.40245],[107.22095,-6.40459],[107.22133,-6.40825],[107.21727,-6.4077],[107.216,-6.40864],[107.21418,-6.40856],[107.21298,-6.40922],[107.21187,-6.41477],[107.21289,-6.41633],[107.21218,-6.41723],[107.21049,-6.41697],[107.20656,-6.41466],[107.20196,-6.41395],[107.20374,-6.41993],[107.20558,-6.42104],[107.20543,-6.42165],[107.20348,-6.42352],[107.20013,-6.42203],[107.19733,-6.42192],[107.19621,-6.42299],[107.19767,-6.42495],[107.20371,-6.42608],[107.20668,-6.43489],[107.20596,-6.43564],[107.20382,-6.43591],[107.20203,-6.43541],[107.202,-6.43609],[107.20704,-6.44106],[107.21171,-6.44928],[107.21107,-6.45245],[107.20888,-6.45132],[107.20789,-6.44928],[107.20593,-6.45025],[107.20538,-6.45193],[107.21265,-6.45496],[107.21529,-6.45802],[107.21687,-6.46136],[107.21555,-6.46241],[107.21467,-6.46462],[107.21315,-6.4645],[107.20856,-6.4682],[107.2036,-6.46382],[107.20168,-6.46113]]]}},{"type":"Feature","properties":{"KODE_KEC":"36.03.29","KECAMATAN":"Sindang Jaya","KAB_KOTA":"Tangerang","dist_ind":4116.98,"camp_dens":0.0,"toll_pct":0.0,"sma_grad":1526,"area_km2":40.5973,"Pred_Reko":1},"geometry":{"type":"Polygon","coordinates":[[[106.53158,-6.16484],[106.52959,-6.1748],[106.52863,-6.19226],[106.52659,-6.19826],[106.52526,-6.19987],[106.5245,-6.19906],[106.52052,-6.19858],[106.52025,-6.19778],[106.51818,-6.19869],[106.51812,-6.19935],[106.51044,-6.19841],[106.51056,-6.19915],[106.50714,-6.19914],[106.50202,-6.19824],[106.49843,-6.19876],[106.4954,-6.19845],[106.49305,-6.19921],[106.49155,-6.19884],[106.48822,-6.19633],[106.48489,-6.19572],[106.48372,-6.19457],[106.48427,-6.19142],[106.48244,-6.1892],[106.47893,-6.19021],[106.4694,-6.18916],[106.46867,-6.18711],[106.46936,-6.18713],[106.46943,-6.1863],[106.47114,-6.18499],[106.47042,-6.18409],[106.47293,-6.18006],[106.47109,-6.17912],[106.47206,-6.17778],[106.47097,-6.17731],[106.47255,-6.1765],[106.471,-6.17411],[106.4705,-6.17491],[106.47083,-6.17666],[106.46871,-6.17711],[106.46889,-6.176],[106.47005,-6.17547],[106.46913,-6.1743],[106.46958,-6.17302],[106.46841,-6.17296],[106.46822,-6.17207],[106.46732,-6.17315],[106.46563,-6.17288],[106.46708,-6.17196],[106.46675,-6.17087],[106.46805,-6.16969],[106.46668,-6.16812],[106.46409,-6.16807],[106.46436,-6.16728],[106.46605,-6.16703],[106.46596,-6.16566],[106.4641,-6.16679],[106.46308,-6.16514],[106.46458,-6.16294],[106.46412,-6.16174],[106.46514,-6.16066],[106.46484,-6.15964],[106.4672,-6.15837],[106.46561,-6.15821],[106.46576,-6.15712],[106.46453,-6.15717],[106.46432,-6.15633],[106.46657,-6.15422],[106.46717,-6.15459],[106.46687,-6.15609],[106.46775,-6.15604],[106.46785,-6.15495],[106.46861,-6.15435],[106.46806,-6.15354],[106.47018,-6.15205],[106.46674,-6.15076],[106.46634,-6.1518],[106.46468,-6.15249],[106.46366,-6.15098],[106.46299,-6.15124],[106.46249,-6.15008],[106.46174,-6.14981],[106.46147,-6.15062],[106.46043,-6.15049],[106.45981,-6.14919],[106.45939,-6.14971],[106.45906,-6.14936],[106.45958,-6.14846],[106.45911,-6.14691],[106.45762,-6.14635],[106.45838,-6.14524],[106.45797,-6.14392],[106.45708,-6.14433],[106.45636,-6.14294],[106.46177,-6.14329],[106.46626,-6.14012],[106.46902,-6.1421],[106.47195,-6.14213],[106.4718,-6.1401],[106.47252,-6.13912],[106.48169,-6.14023],[106.48136,-6.14595],[106.48376,-6.1472],[106.48324,-6.14935],[106.48363,-6.15116],[106.48438,-6.15136],[106.48532,-6.15368],[106.48868,-6.15431],[106.49046,-6.15245],[106.49256,-6.14854],[106.49357,-6.14814],[106.49386,-6.14675],[106.4954,-6.14664],[106.4969,-6.14455],[106.49508,-6.13582],[106.49795,-6.13575],[106.49839,-6.13737],[106.49965,-6.13657],[106.50037,-6.13757],[106.50265,-6.13753],[106.50384,-6.13905],[106.50411,-6.14217],[106.50534,-6.14243],[106.5126,-6.1406],[106.51471,-6.14396],[106.51815,-6.14614],[106.52714,-6.14565],[106.52686,-6.14961],[106.53071,-6.15131],[106.53224,-6.15515],[106.53158,-6.16484]]]}},{"type":"Feature","properties":{"KODE_KEC":"36.03.32","KECAMATAN":"Gunung Kaler","KAB_KOTA":"Tangerang","dist_ind":10149.98,"camp_dens":0.0,"toll_pct":0.0,"sma_grad":2564,"area_km2":33.6655,"Pred_Reko":1},"geometry":{"type":"Polygon","coordinates":[[[106.40165,-6.12336],[106.39838,-6.12353],[106.39389,-6.12663],[106.39189,-6.1299],[106.38907,-6.13291],[106.38265,-6.12634],[106.38241,-6.12468],[106.38385,-6.12314],[106.3833,-6.1215],[106.38145,-6.11962],[106.38129,-6.11848],[106.37821,-6.11645],[106.37638,-6.11603],[106.36802,-6.1199],[106.36737,-6.12416],[106.36637,-6.12498],[106.36346,-6.12304],[106.36215,-6.12128],[106.36272,-6.12082],[106.36437,-6.12111],[106.3645,-6.11993],[106.36186,-6.11648],[106.35933,-6.11585],[106.35585,-6.1136],[106.35512,-6.11147],[106.3539,-6.11024],[106.35271,-6.11],[106.35169,-6.11111],[106.35056,-6.10963],[106.34978,-6.10275],[106.3522,-6.10248],[106.35279,-6.10112],[106.35128,-6.10075],[106.35017,-6.09757],[106.3526,-6.09678],[106.35353,-6.09244],[106.3526,-6.09171],[106.35107,-6.09206],[106.35086,-6.0906],[106.35258,-6.08994],[106.35274,-6.08927],[106.35105,-6.08854],[106.35115,-6.08721],[106.3484,-6.08658],[106.33997,-6.07461],[106.33939,-6.06318],[106.34951,-6.06273],[106.3506,-6.06127],[106.35021,-6.05906],[106.35094,-6.05898],[106.35728,-6.06097],[106.36054,-6.06266],[106.36164,-6.06501],[106.36323,-6.06638],[106.3622,-6.06609],[106.36251,-6.06671],[106.36381,-6.06782],[106.37243,-6.07133],[106.37402,-6.07155],[106.37618,-6.06736],[106.38099,-6.06732],[106.38261,-6.06907],[106.38177,-6.07148],[106.38239,-6.07558],[106.38523,-6.07844],[106.38787,-6.07879],[106.38812,-6.08167],[106.38956,-6.08319],[106.38846,-6.08484],[106.3881,-6.08758],[106.39547,-6.09029],[106.39858,-6.09498],[106.40027,-6.09517],[106.39986,-6.09846],[106.40294,-6.09947],[106.39947,-6.10088],[106.39998,-6.10158],[106.40279,-6.10348],[106.4077,-6.10387],[106.41141,-6.10521],[106.41213,-6.10957],[106.41154,-6.11212],[106.41232,-6.11348],[106.41227,-6.11712],[106.41024,-6.1197],[106.40813,-6.11945],[106.40435,-6.12075],[106.404,-6.12169],[106.40165,-6.12336]]]}},{"type":"Feature","properties":{"KODE_KEC":"36.03.33","KECAMATAN":"Mekar Baru","KAB_KOTA":"Tangerang","dist_ind":14022.21,"camp_dens":0.0,"toll_pct":0.0,"sma_grad":1925,"area_km2":28.0816,"Pred_Reko":1},"geometry":{"type":"Polygon","coordinates":[[[106.4177,-6.0907],[106.4176,-6.09751],[106.41532,-6.09941],[106.41503,-6.10229],[106.41373,-6.10289],[106.41324,-6.10434],[106.41141,-6.10521],[106.41016,-6.1044],[106.40238,-6.10324],[106.39936,-6.10106],[106.40294,-6.09947],[106.39986,-6.09846],[106.40027,-6.09517],[106.39858,-6.09498],[106.39547,-6.09029],[106.3881,-6.08758],[106.38846,-6.08484],[106.38956,-6.08319],[106.38812,-6.08167],[106.38787,-6.07879],[106.38523,-6.07844],[106.38239,-6.07558],[106.38177,-6.07148],[106.38263,-6.06942],[106.38228,-6.06859],[106.38099,-6.06732],[106.37618,-6.06736],[106.37402,-6.07155],[106.36499,-6.06857],[106.36251,-6.06671],[106.3622,-6.06609],[106.36323,-6.06638],[106.36164,-6.06501],[106.36054,-6.06266],[106.35242,-6.05924],[106.35021,-6.05906],[106.34962,-6.05605],[106.35159,-6.05179],[106.35188,-6.04981],[106.36732,-6.03808],[106.37075,-6.03733],[106.375,-6.03742],[106.37577,-6.0397],[106.37791,-6.0391],[106.37907,-6.03782],[106.38038,-6.03911],[106.38067,-6.03842],[106.37965,-6.03557],[106.38004,-6.03473],[106.38162,-6.03429],[106.38315,-6.03219],[106.38232,-6.03092],[106.38294,-6.02966],[106.38393,-6.02995],[106.38472,-6.0312],[106.38824,-6.03122],[106.39311,-6.02765],[106.39651,-6.02909],[106.39787,-6.02782],[106.3991,-6.02821],[106.40121,-6.03031],[106.40586,-6.03077],[106.40104,-6.03788],[106.39757,-6.04518],[106.39879,-6.04638],[106.3981,-6.04906],[106.39696,-6.05043],[106.3991,-6.05232],[106.40203,-6.05703],[106.40511,-6.05771],[106.40506,-6.06051],[106.40342,-6.06271],[106.40424,-6.06421],[106.40836,-6.06595],[106.41107,-6.06336],[106.41028,-6.06738],[106.40959,-6.08385],[106.40794,-6.08459],[106.40385,-6.0895],[106.41252,-6.08895],[106.41185,-6.09044],[106.4177,-6.0907]]]}},{"type":"Feature","properties":{"KODE_KEC":"36.03.30","KECAMATAN":"Sepatan Timur","KAB_KOTA":"Tangerang","dist_ind":10501.76,"camp_dens":0.0,"toll_pct":0.0,"sma_grad":2858,"area_km2":18.6433,"Pred_Reko":1},"geometry":{"type":"Polygon","coordinates":[[[106.61342,-6.13905],[106.61576,-6.14092],[106.61382,-6.14478],[106.61337,-6.14778],[106.59244,-6.14772],[106.59245,-6.1483],[106.59152,-6.14829],[106.58839,-6.1437],[106.58764,-6.13667],[106.58961,-6.13649],[106.59375,-6.1336],[106.59359,-6.1312],[106.59515,-6.13079],[106.59536,-6.13018],[106.59534,-6.12859],[106.59464,-6.12807],[106.59706,-6.1261],[106.5975,-6.12478],[106.60205,-6.12216],[106.59781,-6.12169],[106.58273,-6.11795],[106.58213,-6.11428],[106.58392,-6.11413],[106.58392,-6.1131],[106.58504,-6.11303],[106.58534,-6.11172],[106.58773,-6.11028],[106.5894,-6.1103],[106.59199,-6.10798],[106.59421,-6.10853],[106.59414,-6.1053],[106.59906,-6.10223],[106.60266,-6.09769],[106.60821,-6.09842],[106.61163,-6.09769],[106.61389,-6.09965],[106.61433,-6.09852],[106.61703,-6.09826],[106.61765,-6.09692],[106.61845,-6.09666],[106.6189,-6.09733],[106.62361,-6.09759],[106.62362,-6.10116],[106.625,-6.10086],[106.62657,-6.10142],[106.62882,-6.10086],[106.63227,-6.10104],[106.63218,-6.09947],[106.634,-6.0994],[106.63584,-6.10541],[106.63276,-6.11223],[106.63258,-6.1158],[106.63136,-6.11724],[106.63226,-6.12005],[106.63044,-6.12121],[106.62857,-6.11996],[106.62643,-6.1207],[106.62307,-6.12069],[106.62056,-6.12271],[106.61763,-6.12294],[106.61572,-6.12528],[106.61422,-6.12587],[106.61413,-6.13124],[106.61321,-6.13309],[106.61132,-6.13423],[106.61081,-6.13548],[106.61342,-6.13905]]]}},{"type":"Feature","properties":{"KODE_KEC":"36.03.31","KECAMATAN":"Solear","KAB_KOTA":"Tangerang","dist_ind":2658.16,"camp_dens":0.0,"toll_pct":0.0,"sma_grad":1560,"area_km2":32.6234,"Pred_Reko":1},"geometry":{"type":"Polygon","coordinates":[[[106.44156,-6.31933],[106.44264,-6.32531],[106.44061,-6.3268],[106.43766,-6.33398],[106.43103,-6.34216],[106.42977,-6.34559],[106.42782,-6.3472],[106.42769,-6.34846],[106.42225,-6.34659],[106.42062,-6.34915],[106.41837,-6.34638],[106.41679,-6.3478],[106.41584,-6.34609],[106.41379,-6.34623],[106.41321,-6.34421],[106.41026,-6.34506],[106.40958,-6.34354],[106.41093,-6.33952],[106.41017,-6.33903],[106.40831,-6.33926],[106.4064,-6.34033],[106.40479,-6.33951],[106.4032,-6.33657],[106.40445,-6.33572],[106.40467,-6.33446],[106.4007,-6.33112],[106.40288,-6.32798],[106.40238,-6.32579],[106.40189,-6.32552],[106.39938,-6.32752],[106.39883,-6.32597],[106.40074,-6.32509],[106.40066,-6.32408],[106.3997,-6.32386],[106.3988,-6.3249],[106.39779,-6.32472],[106.39832,-6.32029],[106.39969,-6.31876],[106.39928,-6.31783],[106.39715,-6.31779],[106.39693,-6.31716],[106.39932,-6.31601],[106.39826,-6.31533],[106.39539,-6.31591],[106.39192,-6.31393],[106.39274,-6.31308],[106.39446,-6.31386],[106.39464,-6.30947],[106.39575,-6.30688],[106.39455,-6.30519],[106.39741,-6.30488],[106.39867,-6.30373],[106.39893,-6.30256],[106.3981,-6.29664],[106.39553,-6.2949],[106.39465,-6.29335],[106.39365,-6.28751],[106.39239,-6.28577],[106.39277,-6.28347],[106.39047,-6.28225],[106.39096,-6.27988],[106.39259,-6.2796],[106.3941,-6.28121],[106.39554,-6.27972],[106.39763,-6.28019],[106.40602,-6.2796],[106.4085,-6.28256],[106.40897,-6.284],[106.41141,-6.28146],[106.41578,-6.28157],[106.416,-6.28044],[106.41714,-6.28055],[106.41846,-6.28145],[106.41938,-6.28438],[106.42039,-6.2845],[106.42721,-6.28365],[106.42745,-6.28154],[106.42798,-6.28144],[106.42967,-6.2832],[106.43118,-6.28303],[106.43566,-6.27932],[106.43935,-6.28165],[106.4399,-6.28457],[106.43903,-6.2864],[106.44039,-6.28774],[106.44091,-6.28723],[106.44195,-6.28852],[106.44214,-6.28752],[106.44405,-6.28767],[106.4486,-6.28641],[106.45134,-6.28656],[106.45179,-6.28412],[106.45105,-6.2819],[106.45209,-6.27939],[106.45175,-6.27281],[106.45061,-6.26745],[106.44884,-6.26502],[106.44914,-6.26297],[106.4479,-6.26231],[106.44764,-6.26078],[106.44942,-6.26078],[106.44956,-6.26],[106.45085,-6.25999],[106.45052,-6.25893],[106.45353,-6.25823],[106.45378,-6.26023],[106.45716,-6.26157],[106.45672,-6.26425],[106.45755,-6.26449],[106.45724,-6.26524],[106.45896,-6.26535],[106.45801,-6.26665],[106.45993,-6.2675],[106.46036,-6.26867],[106.45998,-6.26949],[106.4608,-6.27096],[106.46277,-6.27123],[106.46255,-6.27217],[106.4631,-6.27265],[106.46466,-6.27248],[106.46508,-6.2752],[106.46336,-6.27516],[106.46367,-6.27584],[106.46228,-6.27869],[106.46299,-6.2793],[106.46243,-6.28004],[106.46304,-6.2803],[106.46242,-6.28073],[106.46205,-6.28269],[106.46105,-6.28295],[106.4609,-6.28422],[106.46219,-6.28535],[106.4607,-6.287],[106.46152,-6.2893],[106.45275,-6.28999],[106.45138,-6.29112],[106.44604,-6.29027],[106.44155,-6.29212],[106.43851,-6.29203],[106.43033,-6.29395],[106.42761,-6.29514],[106.42562,-6.29819],[106.42818,-6.30157],[106.43143,-6.30146],[106.43275,-6.30199],[106.4351,-6.30895],[106.43415,-6.31184],[106.43313,-6.31082],[106.43139,-6.31135],[106.43319,-6.31351],[106.43152,-6.31256],[106.42961,-6.31409],[106.42946,-6.31893],[106.42878,-6.31978],[106.42942,-6.32506],[106.43096,-6.32589],[106.43395,-6.3235],[106.43545,-6.32001],[106.43783,-6.31941],[106.44156,-6.31933]]]}},{"type":"Feature","properties":{"KODE_KEC":"36.03.01","KECAMATAN":"Balaraja","KAB_KOTA":"Tangerang","dist_ind":7546.28,"camp_dens":0.0,"toll_pct":0.000303,"sma_grad":1922,"area_km2":30.5372,"Pred_Reko":1},"geometry":{"type":"MultiPolygon","coordinates":[[[[106.44875,-6.22941],[106.44863,-6.23004],[106.44657,-6.22997],[106.44568,-6.23084],[106.44553,-6.23222],[106.44282,-6.23138],[106.44254,-6.23296],[106.43894,-6.23348],[106.43843,-6.23297],[106.43779,-6.23394],[106.42982,-6.23303],[106.42723,-6.23328],[106.42611,-6.23379],[106.4249,-6.2358],[106.41723,-6.23778],[106.41373,-6.23808],[106.40286,-6.23717],[106.40555,-6.23223],[106.40669,-6.23129],[106.40812,-6.22056],[106.41364,-6.22136],[106.41475,-6.21826],[106.41712,-6.21872],[106.41987,-6.21259],[106.42327,-6.20762],[106.42607,-6.19846],[106.42469,-6.1963],[106.42442,-6.19343],[106.43017,-6.19235],[106.43061,-6.19198],[106.43018,-6.19079],[106.43391,-6.18874],[106.43709,-6.18848],[106.43757,-6.19106],[106.43924,-6.18931],[106.44348,-6.18977],[106.44763,-6.18538],[106.44799,-6.18184],[106.44949,-6.17862],[106.44717,-6.17696],[106.44735,-6.17453],[106.44665,-6.17351],[106.44778,-6.17071],[106.44712,-6.16898],[106.44799,-6.16377],[106.45394,-6.16229],[106.45761,-6.16597],[106.46312,-6.1653],[106.46423,-6.16679],[106.46596,-6.16566],[106.46605,-6.16703],[106.46436,-6.16728],[106.46409,-6.16807],[106.46668,-6.16812],[106.46807,-6.16997],[106.46675,-6.17087],[106.46713,-6.17188],[106.46588,-6.17229],[106.46566,-6.17299],[106.46732,-6.17315],[106.46822,-6.17207],[106.46841,-6.17296],[106.46958,-6.17302],[106.46913,-6.1743],[106.47005,-6.17547],[106.46879,-6.17614],[106.46885,-6.17722],[106.47083,-6.17666],[106.47053,-6.17469],[106.47133,-6.17418],[106.47166,-6.17584],[106.47262,-6.17681],[106.47101,-6.17722],[106.47206,-6.17778],[106.47104,-6.17902],[106.47293,-6.18006],[106.47042,-6.18409],[106.47114,-6.18499],[106.46943,-6.1863],[106.46936,-6.18713],[106.46867,-6.18711],[106.46934,-6.1898],[106.46667,-6.19042],[106.46732,-6.19244],[106.46842,-6.19296],[106.46823,-6.19555],[106.46702,-6.19579],[106.46789,-6.19677],[106.4676,-6.19932],[106.46849,-6.2012],[106.46621,-6.20329],[106.46538,-6.20721],[106.4666,-6.20896],[106.46489,-6.21265],[106.46454,-6.2157],[106.46386,-6.21639],[106.45817,-6.21579],[106.45762,-6.21881],[106.45533,-6.21872],[106.45454,-6.21994],[106.45541,-6.22019],[106.45472,-6.22184],[106.45396,-6.22196],[106.45319,-6.22344],[106.45222,-6.22334],[106.45251,-6.22466],[106.45092,-6.22771],[106.45113,-6.22942],[106.45074,-6.2289],[106.44875,-6.22941]]],[[[106.40349,-6.22024],[106.40335,-6.22145],[106.40267,-6.22135],[106.4028,-6.2202],[106.40349,-6.22024]]]]}},{"type":"Feature","properties":{"KODE_KEC":"36.03.02","KECAMATAN":"Jayanti","KAB_KOTA":"Tangerang","dist_ind":8995.51,"camp_dens":0.0,"toll_pct":0.000183,"sma_grad":3339,"area_km2":24.7632,"Pred_Reko":1},"geometry":{"type":"Polygon","coordinates":[[[106.40812,-6.22056],[106.40669,-6.23129],[106.40555,-6.23223],[106.40189,-6.23871],[106.39616,-6.23686],[106.39338,-6.23471],[106.39089,-6.23205],[106.38987,-6.22911],[106.38863,-6.22874],[106.38754,-6.22695],[106.38679,-6.22685],[106.38623,-6.22791],[106.38183,-6.22667],[106.38181,-6.22586],[106.38329,-6.22403],[106.38126,-6.22091],[106.37827,-6.21991],[106.37955,-6.21863],[106.37817,-6.21848],[106.37699,-6.22012],[106.37553,-6.2202],[106.37312,-6.22158],[106.37035,-6.21875],[106.36698,-6.21798],[106.36669,-6.21396],[106.36755,-6.21292],[106.36954,-6.21239],[106.36955,-6.21066],[106.37094,-6.20969],[106.37185,-6.21017],[106.3724,-6.21188],[106.37418,-6.21198],[106.37447,-6.21084],[106.37283,-6.20789],[106.37418,-6.20626],[106.37704,-6.20482],[106.37745,-6.20357],[106.37652,-6.20245],[106.37656,-6.20152],[106.37929,-6.20075],[106.3783,-6.19866],[106.3784,-6.19596],[106.37694,-6.19552],[106.37353,-6.19609],[106.37269,-6.19552],[106.37392,-6.19313],[106.37378,-6.19148],[106.37714,-6.18907],[106.37779,-6.18789],[106.37854,-6.18766],[106.38,-6.18907],[106.38003,-6.18644],[106.38212,-6.18652],[106.38351,-6.18562],[106.38526,-6.18633],[106.38991,-6.18552],[106.39502,-6.18649],[106.39865,-6.18593],[106.40788,-6.18661],[106.4113,-6.18523],[106.41198,-6.18409],[106.41197,-6.1823],[106.4175,-6.18302],[106.42101,-6.18668],[106.43018,-6.19079],[106.43061,-6.19198],[106.43017,-6.19235],[106.42429,-6.19359],[106.42483,-6.19671],[106.42603,-6.19862],[106.42327,-6.20762],[106.41987,-6.21259],[106.41712,-6.21872],[106.41475,-6.21826],[106.41364,-6.22136],[106.40812,-6.22056]],[[106.40272,-6.2211],[106.40335,-6.22145],[106.40349,-6.22024],[106.4028,-6.2202],[106.40272,-6.2211]]]}},{"type":"Feature","properties":{"KODE_KEC":"36.03.05","KECAMATAN":"Cisoka","KAB_KOTA":"Tangerang","dist_ind":6214.74,"camp_dens":0.0,"toll_pct":0.0,"sma_grad":3400,"area_km2":33.3071,"Pred_Reko":2},"geometry":{"type":"Polygon","coordinates":[[[106.42745,-6.28154],[106.42721,-6.28365],[106.41938,-6.28438],[106.41819,-6.28111],[106.416,-6.28044],[106.41578,-6.28157],[106.41141,-6.28146],[106.40897,-6.284],[106.4085,-6.28256],[106.40602,-6.2796],[106.39517,-6.28007],[106.39306,-6.27853],[106.3933,-6.27624],[106.39231,-6.27466],[106.38929,-6.2768],[106.38738,-6.27522],[106.38731,-6.27399],[106.38914,-6.27208],[106.38774,-6.27012],[106.38937,-6.26856],[106.38733,-6.26848],[106.3865,-6.26666],[106.38481,-6.26603],[106.38776,-6.26466],[106.38583,-6.26142],[106.38349,-6.26233],[106.38275,-6.26159],[106.38416,-6.25665],[106.38541,-6.25531],[106.38527,-6.25351],[106.386,-6.25272],[106.38524,-6.24888],[106.38726,-6.24818],[106.38717,-6.24635],[106.38864,-6.24493],[106.38658,-6.24278],[106.38654,-6.24046],[106.38459,-6.24118],[106.38395,-6.24024],[106.38588,-6.23819],[106.38428,-6.23229],[106.38492,-6.23132],[106.3871,-6.23049],[106.38553,-6.22923],[106.38631,-6.2286],[106.38679,-6.22685],[106.38754,-6.22695],[106.38871,-6.22881],[106.38987,-6.22911],[106.39154,-6.233],[106.3948,-6.23586],[106.39616,-6.23686],[106.40189,-6.23871],[106.40286,-6.23717],[106.41373,-6.23808],[106.41723,-6.23778],[106.4249,-6.2358],[106.42611,-6.23379],[106.42921,-6.23302],[106.43779,-6.23394],[106.43768,-6.23487],[106.43831,-6.23526],[106.43718,-6.23593],[106.43799,-6.23674],[106.43753,-6.23841],[106.43879,-6.23885],[106.43942,-6.2401],[106.43945,-6.24391],[106.43872,-6.24534],[106.43946,-6.24572],[106.4386,-6.24711],[106.43848,-6.24923],[106.44009,-6.25089],[106.43948,-6.25387],[106.44119,-6.25593],[106.43957,-6.2569],[106.43949,-6.25842],[106.44046,-6.25903],[106.44103,-6.25858],[106.44098,-6.25929],[106.44234,-6.25989],[106.44764,-6.26078],[106.4479,-6.26231],[106.4491,-6.26287],[106.44884,-6.26502],[106.45061,-6.26745],[106.45175,-6.27281],[106.45209,-6.27939],[106.45105,-6.2819],[106.45179,-6.28412],[106.45134,-6.28656],[106.4486,-6.28641],[106.44405,-6.28767],[106.44214,-6.28752],[106.44195,-6.28852],[106.44091,-6.28723],[106.44039,-6.28774],[106.43903,-6.2864],[106.4399,-6.28457],[106.43935,-6.28165],[106.43566,-6.27932],[106.43118,-6.28303],[106.42967,-6.2832],[106.42798,-6.28144],[106.42745,-6.28154]]]}},{"type":"Feature","properties":{"KODE_KEC":"36.03.06","KECAMATAN":"Kresek","KAB_KOTA":"Tangerang","dist_ind":9921.53,"camp_dens":0.0,"toll_pct":0.00015,"sma_grad":2194,"area_km2":28.1899,"Pred_Reko":1},"geometry":{"type":"Polygon","coordinates":[[[106.4099,-6.17571],[106.41169,-6.1781],[106.41138,-6.18051],[106.41204,-6.18269],[106.41183,-6.18455],[106.41022,-6.18589],[106.40675,-6.18665],[106.39865,-6.18593],[106.39502,-6.18649],[106.39129,-6.18555],[106.38585,-6.18589],[106.38584,-6.18251],[106.3875,-6.17935],[106.38944,-6.18041],[106.39075,-6.17912],[106.3913,-6.17645],[106.38879,-6.17672],[106.38912,-6.17489],[106.39169,-6.17331],[106.39256,-6.17104],[106.39426,-6.17058],[106.39371,-6.16978],[106.39123,-6.17001],[106.39011,-6.16861],[106.39055,-6.1658],[106.3913,-6.16561],[106.39249,-6.16655],[106.39364,-6.16577],[106.3933,-6.16468],[106.39025,-6.16269],[106.39037,-6.162],[106.39278,-6.16193],[106.3929,-6.16054],[106.39069,-6.15888],[106.3881,-6.15827],[106.38753,-6.15733],[106.38821,-6.15632],[106.39098,-6.15745],[106.39267,-6.15681],[106.39291,-6.15565],[106.3922,-6.15368],[106.39258,-6.15181],[106.38985,-6.14881],[106.38458,-6.14045],[106.38151,-6.13849],[106.38049,-6.13602],[106.3788,-6.13482],[106.37782,-6.13274],[106.37794,-6.13077],[106.37724,-6.12886],[106.37189,-6.12923],[106.36683,-6.12653],[106.36636,-6.12498],[106.36737,-6.12416],[106.36802,-6.1199],[106.37638,-6.11603],[106.37843,-6.11657],[106.38129,-6.11848],[106.38145,-6.11962],[106.3833,-6.1215],[106.38385,-6.12314],[106.38241,-6.12468],[106.38265,-6.12634],[106.38907,-6.13291],[106.39189,-6.1299],[106.39389,-6.12663],[106.39815,-6.12365],[106.40135,-6.1235],[106.404,-6.12169],[106.40435,-6.12075],[106.40813,-6.11945],[106.41024,-6.1197],[106.41234,-6.11697],[106.41232,-6.11348],[106.41863,-6.11919],[106.42351,-6.11777],[106.42556,-6.11618],[106.42593,-6.11469],[106.4268,-6.11481],[106.42641,-6.11399],[106.42977,-6.11247],[106.43551,-6.11634],[106.43579,-6.11842],[106.43679,-6.11899],[106.43595,-6.12286],[106.43784,-6.12403],[106.43815,-6.125],[106.43255,-6.13033],[106.43121,-6.13779],[106.42794,-6.14072],[106.42364,-6.14153],[106.41481,-6.15034],[106.41426,-6.15356],[106.41629,-6.15604],[106.41515,-6.15855],[106.41603,-6.16035],[106.41496,-6.16074],[106.41486,-6.16138],[106.41619,-6.16171],[106.41533,-6.16338],[106.41703,-6.1647],[106.41541,-6.16523],[106.41347,-6.16497],[106.41333,-6.16289],[106.41094,-6.16328],[106.40947,-6.16478],[106.40949,-6.16526],[106.4107,-6.1655],[106.41042,-6.1667],[106.41108,-6.16822],[106.4097,-6.16849],[106.40931,-6.16985],[106.40911,-6.17322],[106.4099,-6.17571]]]}},{"type":"Feature","properties":{"KODE_KEC":"36.03.03","KECAMATAN":"Tigaraksa","KAB_KOTA":"Tangerang","dist_ind":4249.57,"camp_dens":0.0181,"toll_pct":4.8e-05,"sma_grad":1343,"area_km2":55.1771,"Pred_Reko":1},"geometry":{"type":"Polygon","coordinates":[[[106.44124,-6.31943],[106.43571,-6.31983],[106.43469,-6.32085],[106.43395,-6.3235],[106.43096,-6.32589],[106.42942,-6.32506],[106.42878,-6.31978],[106.42946,-6.31893],[106.42961,-6.31409],[106.43152,-6.31256],[106.43319,-6.31351],[106.43139,-6.31135],[106.43313,-6.31082],[106.43415,-6.31184],[106.4351,-6.30895],[106.43275,-6.30199],[106.43143,-6.30146],[106.42818,-6.30157],[106.42562,-6.29819],[106.42761,-6.29514],[106.43033,-6.29395],[106.43851,-6.29203],[106.44155,-6.29212],[106.44604,-6.29027],[106.45138,-6.29112],[106.45275,-6.28999],[106.46152,-6.2893],[106.4607,-6.287],[106.46219,-6.28535],[106.4609,-6.28422],[106.46105,-6.28295],[106.46205,-6.28269],[106.46242,-6.28073],[106.46304,-6.2803],[106.46243,-6.28004],[106.46299,-6.2793],[106.46228,-6.27869],[106.46367,-6.27584],[106.46336,-6.27516],[106.46478,-6.27557],[106.46508,-6.275],[106.4645,-6.27399],[106.46465,-6.27245],[106.4631,-6.27265],[106.46255,-6.27217],[106.46277,-6.27123],[106.4608,-6.27096],[106.45998,-6.26949],[106.46036,-6.26867],[106.45993,-6.2675],[106.45801,-6.26665],[106.45896,-6.26535],[106.45724,-6.26524],[106.45755,-6.26449],[106.45672,-6.26425],[106.45716,-6.26157],[106.45378,-6.26023],[106.45353,-6.25823],[106.45052,-6.25893],[106.45085,-6.25999],[106.44956,-6.26],[106.44949,-6.26074],[106.44857,-6.26094],[106.44234,-6.25989],[106.44098,-6.25929],[106.44103,-6.25858],[106.44046,-6.25903],[106.43954,-6.2585],[106.43957,-6.2569],[106.44119,-6.25593],[106.43948,-6.25387],[106.44009,-6.25089],[106.43848,-6.24923],[106.4386,-6.24711],[106.43946,-6.24572],[106.43872,-6.24534],[106.43945,-6.24391],[106.4394,-6.23999],[106.43879,-6.23885],[106.43755,-6.23846],[106.43799,-6.23674],[106.43716,-6.23602],[106.4383,-6.2353],[106.43771,-6.23404],[106.43841,-6.23298],[106.43894,-6.23348],[106.44254,-6.23296],[106.44286,-6.23137],[106.44553,-6.23222],[106.44568,-6.23084],[106.44672,-6.22988],[106.44863,-6.23004],[106.44864,-6.22946],[106.45047,-6.2289],[106.45113,-6.22942],[106.45092,-6.22771],[106.45251,-6.22466],[106.45222,-6.22334],[106.45319,-6.22344],[106.45396,-6.22196],[106.45472,-6.22184],[106.45541,-6.22019],[106.45454,-6.21994],[106.45533,-6.21872],[106.45762,-6.21881],[106.45817,-6.21579],[106.46412,-6.21631],[106.46534,-6.21126],[106.46641,-6.21013],[106.46662,-6.20844],[106.46538,-6.20721],[106.46621,-6.20329],[106.46847,-6.20132],[106.4676,-6.19932],[106.46789,-6.19677],[106.46702,-6.19579],[106.46823,-6.19555],[106.46798,-6.19441],[106.46851,-6.19361],[106.46878,-6.19571],[106.47179,-6.1982],[106.47212,-6.19912],[106.47039,-6.2007],[106.47188,-6.20008],[106.47196,-6.20088],[106.47262,-6.20105],[106.47361,-6.19971],[106.47647,-6.20124],[106.47655,-6.20295],[106.47779,-6.20248],[106.47832,-6.2029],[106.47672,-6.20529],[106.47767,-6.20604],[106.47836,-6.20563],[106.47915,-6.20971],[106.47733,-6.20955],[106.47762,-6.21041],[106.47634,-6.21207],[106.47899,-6.21539],[106.47821,-6.21646],[106.47712,-6.21476],[106.47568,-6.21627],[106.47646,-6.21767],[106.4761,-6.21856],[106.47762,-6.21991],[106.47743,-6.22168],[106.47878,-6.22105],[106.47844,-6.22207],[106.4794,-6.22208],[106.47832,-6.22442],[106.47951,-6.22499],[106.47727,-6.22611],[106.47784,-6.22665],[106.48055,-6.22655],[106.48006,-6.22821],[106.47824,-6.22859],[106.48017,-6.22936],[106.47935,-6.23084],[106.48065,-6.23001],[106.48063,-6.23126],[106.48176,-6.23168],[106.48139,-6.2326],[106.48372,-6.23295],[106.48389,-6.23386],[106.48357,-6.2348],[106.4826,-6.23339],[106.48223,-6.23401],[106.48102,-6.23351],[106.47959,-6.23574],[106.48041,-6.23577],[106.48064,-6.23719],[106.4824,-6.2369],[106.48546,-6.23878],[106.48527,-6.23953],[106.48392,-6.23954],[106.48287,-6.24146],[106.48373,-6.24176],[106.48426,-6.24049],[106.48447,-6.2417],[106.48516,-6.24158],[106.48536,-6.24079],[106.48581,-6.24108],[106.48522,-6.24389],[106.48614,-6.24314],[106.48723,-6.24388],[106.48797,-6.24157],[106.48866,-6.2415],[106.48926,-6.2428],[106.48822,-6.24392],[106.48993,-6.24446],[106.48814,-6.24529],[106.48798,-6.24656],[106.49086,-6.24667],[106.49075,-6.24805],[106.49312,-6.24678],[106.49329,-6.24746],[106.49182,-6.24798],[106.49238,-6.24929],[106.49365,-6.2488],[106.49413,-6.24784],[106.49561,-6.24772],[106.49597,-6.24877],[106.49395,-6.25044],[106.49447,-6.25117],[106.49515,-6.25066],[106.49628,-6.25116],[106.49636,-6.25192],[106.49467,-6.25151],[106.49365,-6.25217],[106.496,-6.25262],[106.49585,-6.25319],[106.4949,-6.2531],[106.49457,-6.25447],[106.49728,-6.25564],[106.4967,-6.25627],[106.49538,-6.25564],[106.4954,-6.25747],[106.49718,-6.25679],[106.49657,-6.2585],[106.49854,-6.25931],[106.49908,-6.26132],[106.50007,-6.2598],[106.50085,-6.26],[106.50031,-6.26095],[106.50144,-6.2614],[106.50081,-6.26301],[106.50156,-6.2632],[106.50173,-6.26395],[106.49995,-6.26436],[106.50236,-6.26609],[106.50067,-6.26621],[106.50075,-6.26677],[106.50237,-6.26763],[106.50287,-6.26967],[106.50413,-6.26917],[106.50356,-6.26734],[106.50389,-6.26659],[106.50452,-6.26664],[106.50562,-6.26767],[106.50491,-6.26839],[106.50617,-6.26821],[106.5062,-6.26938],[106.50764,-6.26894],[106.50748,-6.27094],[106.50969,-6.27033],[106.50961,-6.27351],[106.51243,-6.27503],[106.51096,-6.27485],[106.51178,-6.27707],[106.51004,-6.27878],[106.50939,-6.27891],[106.50927,-6.27735],[106.50834,-6.27833],[106.50827,-6.27971],[106.50594,-6.27829],[106.50488,-6.27923],[106.50536,-6.28143],[106.50686,-6.2811],[106.50728,-6.2818],[106.50579,-6.28273],[106.50603,-6.28345],[106.50718,-6.28372],[106.50712,-6.28428],[106.50498,-6.2853],[106.5053,-6.28583],[106.50723,-6.28589],[106.5062,-6.28766],[106.50746,-6.28724],[106.50835,-6.28796],[106.50834,-6.28875],[106.50666,-6.28859],[106.50442,-6.28701],[106.5033,-6.28768],[106.50301,-6.28929],[106.5,-6.28999],[106.49696,-6.28971],[106.49274,-6.28756],[106.49011,-6.28758],[106.48988,-6.29061],[106.48869,-6.29182],[106.48838,-6.29359],[106.47643,-6.29961],[106.47473,-6.30128],[106.46925,-6.30349],[106.46789,-6.30349],[106.46674,-6.30493],[106.46582,-6.30497],[106.46585,-6.30659],[106.46424,-6.30696],[106.46006,-6.31158],[106.45618,-6.31406],[106.45566,-6.31532],[106.45376,-6.31611],[106.45058,-6.31947],[106.44616,-6.32283],[106.44252,-6.32407],[106.44188,-6.32006],[106.44124,-6.31943]]]}},{"type":"Feature","properties":{"KODE_KEC":"36.03.04","KECAMATAN":"Jambe","KAB_KOTA":"Tangerang","dist_ind":3458.91,"camp_dens":0.0,"toll_pct":0.0,"sma_grad":3242,"area_km2":28.1195,"Pred_Reko":2},"geometry":{"type":"Polygon","coordinates":[[[106.50191,-6.35262],[106.48289,-6.3494],[106.48154,-6.35033],[106.47627,-6.35075],[106.47636,-6.34785],[106.4771,-6.34656],[106.47616,-6.34507],[106.47636,-6.34413],[106.48107,-6.34368],[106.4818,-6.34427],[106.48348,-6.34285],[106.48253,-6.3426],[106.48368,-6.33966],[106.48246,-6.33724],[106.48248,-6.33582],[106.48311,-6.33568],[106.48173,-6.3344],[106.48245,-6.33404],[106.48273,-6.33255],[106.4817,-6.33207],[106.48375,-6.331],[106.48435,-6.32875],[106.48342,-6.32668],[106.48417,-6.32532],[106.48347,-6.32256],[106.48266,-6.32231],[106.48249,-6.32152],[106.48033,-6.32075],[106.48038,-6.31843],[106.47916,-6.31753],[106.47927,-6.31659],[106.47819,-6.31665],[106.47848,-6.31416],[106.47733,-6.31245],[106.47705,-6.31067],[106.476,-6.31073],[106.4762,-6.30887],[106.4719,-6.30749],[106.47183,-6.30618],[106.47001,-6.30511],[106.46925,-6.30349],[106.47473,-6.30128],[106.47643,-6.29961],[106.48721,-6.2945],[106.48838,-6.29359],[106.48869,-6.29182],[106.48976,-6.29089],[106.48989,-6.28797],[106.49056,-6.28744],[106.49315,-6.28769],[106.49696,-6.28971],[106.5,-6.28999],[106.50301,-6.28929],[106.5033,-6.28768],[106.50408,-6.28738],[106.5051,-6.28935],[106.50405,-6.29049],[106.50584,-6.29006],[106.50612,-6.29073],[106.50461,-6.2917],[106.50616,-6.29237],[106.50606,-6.29164],[106.50747,-6.29136],[106.50804,-6.2905],[106.50858,-6.29187],[106.50893,-6.29025],[106.5094,-6.29025],[106.51008,-6.29188],[106.51051,-6.29017],[106.5122,-6.2902],[106.51237,-6.29119],[106.51103,-6.2913],[106.51113,-6.29273],[106.5142,-6.2944],[106.51155,-6.29613],[106.5117,-6.29846],[106.51011,-6.29846],[106.5102,-6.29991],[106.50823,-6.30093],[106.50808,-6.30262],[106.50723,-6.30352],[106.50845,-6.30321],[106.5107,-6.30481],[106.50996,-6.30793],[106.50879,-6.30833],[106.50951,-6.30938],[106.50897,-6.31023],[106.51095,-6.3102],[106.51241,-6.31312],[106.51426,-6.31263],[106.51533,-6.31321],[106.51519,-6.31376],[106.51399,-6.31343],[106.51369,-6.3146],[106.51583,-6.31551],[106.5159,-6.31604],[106.51385,-6.31684],[106.51377,-6.31738],[106.51695,-6.31753],[106.5163,-6.31884],[106.51319,-6.31914],[106.51317,-6.31991],[106.51477,-6.32064],[106.51323,-6.32121],[106.51255,-6.32265],[106.51502,-6.32491],[106.51339,-6.32551],[106.51327,-6.32612],[106.51459,-6.32754],[106.51357,-6.32768],[106.51363,-6.32853],[106.51273,-6.32937],[106.51371,-6.32998],[106.51434,-6.32931],[106.51524,-6.32983],[106.5151,-6.33229],[106.5164,-6.33249],[106.51874,-6.33156],[106.52016,-6.33333],[106.52151,-6.33211],[106.52308,-6.33389],[106.5246,-6.33362],[106.52445,-6.33546],[106.52651,-6.3366],[106.52432,-6.33804],[106.52467,-6.33901],[106.52711,-6.33866],[106.52844,-6.33934],[106.52995,-6.3376],[106.53073,-6.3391],[106.53188,-6.33964],[106.53041,-6.34128],[106.53138,-6.34292],[106.53006,-6.34322],[106.5284,-6.34521],[106.52956,-6.34593],[106.52969,-6.34683],[106.52835,-6.3469],[106.52804,-6.34798],[106.52705,-6.3482],[106.52618,-6.34948],[106.5221,-6.35015],[106.52156,-6.35116],[106.52188,-6.35287],[106.51933,-6.35487],[106.51763,-6.35361],[106.5174,-6.3523],[106.51652,-6.3516],[106.51288,-6.35335],[106.50191,-6.35262]]]}},{"type":"Feature","properties":{"KODE_KEC":"36.03.09","KECAMATAN":"Kemiri","KAB_KOTA":"Tangerang","dist_ind":12815.54,"camp_dens":0.0,"toll_pct":0.0,"sma_grad":3320,"area_km2":35.8605,"Pred_Reko":1},"geometry":{"type":"Polygon","coordinates":[[[106.47025,-6.11932],[106.46814,-6.12715],[106.46585,-6.12875],[106.46822,-6.12935],[106.46803,-6.13193],[106.46593,-6.13196],[106.46592,-6.13354],[106.45918,-6.13388],[106.46306,-6.13733],[106.46354,-6.13954],[106.46467,-6.14055],[106.46177,-6.14329],[106.45645,-6.14281],[106.45565,-6.14108],[106.45458,-6.14063],[106.45462,-6.13848],[106.45326,-6.13575],[106.45154,-6.13511],[106.44755,-6.13199],[106.44534,-6.13196],[106.44414,-6.12953],[106.44445,-6.125],[106.44817,-6.12149],[106.44888,-6.11957],[106.44799,-6.1157],[106.44705,-6.11455],[106.4468,-6.11121],[106.4475,-6.10998],[106.44478,-6.10756],[106.44593,-6.10393],[106.44867,-6.10218],[106.4473,-6.10004],[106.44658,-6.09519],[106.44877,-6.09407],[106.44964,-6.09162],[106.44561,-6.08649],[106.44369,-6.08142],[106.44377,-6.08015],[106.44512,-6.07875],[106.44483,-6.07634],[106.44694,-6.07263],[106.44668,-6.06813],[106.45028,-6.06351],[106.44808,-6.05955],[106.44988,-6.05765],[106.45131,-6.05743],[106.45312,-6.05517],[106.45592,-6.04877],[106.45871,-6.03773],[106.46038,-6.03721],[106.46674,-6.03955],[106.46898,-6.0312],[106.46647,-6.04079],[106.46797,-6.04172],[106.46756,-6.04094],[106.46828,-6.04192],[106.4681,-6.0412],[106.46895,-6.04158],[106.46977,-6.04034],[106.46893,-6.04197],[106.46924,-6.04244],[106.47132,-6.03959],[106.47157,-6.03164],[106.47137,-6.03962],[106.46924,-6.04255],[106.47003,-6.04253],[106.47098,-6.04483],[106.48197,-6.04741],[106.48051,-6.05558],[106.4819,-6.05741],[106.48383,-6.07022],[106.48573,-6.07389],[106.48846,-6.07526],[106.48866,-6.07678],[106.48621,-6.08091],[106.48772,-6.08156],[106.48859,-6.0808],[106.48928,-6.08208],[106.48359,-6.08379],[106.48083,-6.08368],[106.48172,-6.08658],[106.48037,-6.08942],[106.47941,-6.09611],[106.4807,-6.10395],[106.47879,-6.10905],[106.4788,-6.11058],[106.47766,-6.11268],[106.47625,-6.11267],[106.47767,-6.11661],[106.47,-6.11731],[106.47025,-6.11932]]]}},{"type":"Feature","properties":{"KODE_KEC":"36.03.07","KECAMATAN":"Kronjo","KAB_KOTA":"Tangerang","dist_ind":16309.6,"camp_dens":0.0,"toll_pct":0.0,"sma_grad":1990,"area_km2":45.0103,"Pred_Reko":1},"geometry":{"type":"Polygon","coordinates":[[[106.44561,-6.08649],[106.44964,-6.09162],[106.44877,-6.09407],[106.44658,-6.09519],[106.4473,-6.10004],[106.44867,-6.10218],[106.44593,-6.10393],[106.44478,-6.10756],[106.4475,-6.10998],[106.4468,-6.11121],[106.447,-6.1142],[106.44799,-6.1157],[106.44884,-6.11998],[106.44817,-6.12149],[106.44445,-6.125],[106.44402,-6.12873],[106.43911,-6.12725],[106.43534,-6.12753],[106.43818,-6.12484],[106.43595,-6.12286],[106.43679,-6.11899],[106.43579,-6.11842],[106.43543,-6.11625],[106.43039,-6.11257],[106.42641,-6.11399],[106.4268,-6.11481],[106.42593,-6.11469],[106.42556,-6.11618],[106.42336,-6.11785],[106.41863,-6.11919],[106.41171,-6.11294],[106.41213,-6.10957],[106.41141,-6.10521],[106.41324,-6.10434],[106.41373,-6.10289],[106.41493,-6.10241],[106.41532,-6.09941],[106.4176,-6.09751],[106.4177,-6.0907],[106.41185,-6.09044],[106.41252,-6.08895],[106.40385,-6.0895],[106.40794,-6.08459],[106.40959,-6.08385],[106.41028,-6.06738],[106.41107,-6.06336],[106.40836,-6.06595],[106.40424,-6.06421],[106.40342,-6.06271],[106.40506,-6.06051],[106.40511,-6.05771],[106.40203,-6.05703],[106.3991,-6.05232],[106.39696,-6.05043],[106.3981,-6.04906],[106.39879,-6.04638],[106.39757,-6.04518],[106.40104,-6.03788],[106.40586,-6.03077],[106.40775,-6.0308],[106.40952,-6.02931],[106.4118,-6.02422],[106.41484,-6.02456],[106.4219,-6.02927],[106.43161,-6.03307],[106.4402,-6.03226],[106.4412,-6.03126],[106.44092,-6.02831],[106.44134,-6.02804],[106.44183,-6.02844],[106.44138,-6.03127],[106.44599,-6.0353],[106.45427,-6.03815],[106.45642,-6.03739],[106.45871,-6.03773],[106.45592,-6.04877],[106.45312,-6.05517],[106.45131,-6.05743],[106.44988,-6.05765],[106.44808,-6.05955],[106.45028,-6.06351],[106.44668,-6.06813],[106.44694,-6.07263],[106.44483,-6.07634],[106.44512,-6.07875],[106.44373,-6.08034],[106.44377,-6.08192],[106.44561,-6.08649]]]}},{"type":"Feature","properties":{"KODE_KEC":"36.03.08","KECAMATAN":"Mauk","KAB_KOTA":"Tangerang","dist_ind":13521.85,"camp_dens":0.0,"toll_pct":0.0,"sma_grad":2578,"area_km2":42.8546,"Pred_Reko":1},"geometry":{"type":"Polygon","coordinates":[[[106.51761,-6.08734],[106.51792,-6.08947],[106.50754,-6.09086],[106.50723,-6.09016],[106.50493,-6.09027],[106.50487,-6.08947],[106.5042,-6.08926],[106.50432,-6.08576],[106.50317,-6.0857],[106.50222,-6.08284],[106.49611,-6.08078],[106.48913,-6.08061],[106.48838,-6.07508],[106.48573,-6.07389],[106.48383,-6.07022],[106.4819,-6.05741],[106.48051,-6.05558],[106.48197,-6.04741],[106.48444,-6.04751],[106.48507,-6.04867],[106.48687,-6.04762],[106.49282,-6.04656],[106.49325,-6.04698],[106.49441,-6.04575],[106.49688,-6.04539],[106.49716,-6.04439],[106.50259,-6.04233],[106.50315,-6.04275],[106.50397,-6.04235],[106.50397,-6.04129],[106.50701,-6.03992],[106.50756,-6.03812],[106.50869,-6.03762],[106.50923,-6.03805],[106.50889,-6.03728],[106.5096,-6.03769],[106.50899,-6.03646],[106.51238,-6.03314],[106.51439,-6.03427],[106.51574,-6.03232],[106.51762,-6.03386],[106.51854,-6.03317],[106.51789,-6.03223],[106.51836,-6.03154],[106.51906,-6.03251],[106.51864,-6.03309],[106.52092,-6.03469],[106.527,-6.02982],[106.52401,-6.02898],[106.52439,-6.02757],[106.52758,-6.0235],[106.52841,-6.02075],[106.52797,-6.02024],[106.53031,-6.01491],[106.52978,-6.01459],[106.53285,-6.01234],[106.53348,-6.01117],[106.53517,-6.01046],[106.53613,-6.01133],[106.53667,-6.01098],[106.53757,-6.01087],[106.53669,-6.01108],[106.53708,-6.01268],[106.53982,-6.01496],[106.54089,-6.01467],[106.54233,-6.01761],[106.544,-6.01923],[106.54952,-6.02353],[106.55161,-6.02428],[106.5526,-6.02535],[106.55181,-6.0265],[106.55438,-6.02737],[106.55422,-6.02825],[106.5523,-6.02833],[106.55189,-6.02918],[106.55247,-6.0301],[106.55138,-6.03102],[106.54947,-6.03502],[106.54767,-6.03534],[106.54649,-6.03777],[106.54966,-6.03847],[106.54897,-6.04153],[106.54839,-6.04135],[106.54826,-6.04203],[106.54646,-6.0415],[106.54447,-6.05035],[106.54484,-6.05964],[106.54547,-6.06061],[106.5452,-6.06297],[106.54697,-6.06365],[106.54659,-6.06438],[106.54476,-6.06435],[106.54401,-6.0678],[106.54314,-6.06774],[106.54229,-6.073],[106.54449,-6.07618],[106.54781,-6.07723],[106.5449,-6.08349],[106.54408,-6.08393],[106.54576,-6.08714],[106.54487,-6.09151],[106.54783,-6.09222],[106.54806,-6.0929],[106.54884,-6.09251],[106.5482,-6.09396],[106.54947,-6.09501],[106.54946,-6.09698],[106.54454,-6.10441],[106.54416,-6.10607],[106.54261,-6.10405],[106.54155,-6.10404],[106.54008,-6.10284],[106.54102,-6.10182],[106.54164,-6.09604],[106.54076,-6.09434],[106.53672,-6.09185],[106.53695,-6.08968],[106.53609,-6.08824],[106.53646,-6.08702],[106.53508,-6.08657],[106.53484,-6.08586],[106.53256,-6.08657],[106.53094,-6.08586],[106.53054,-6.08773],[106.5261,-6.08674],[106.51761,-6.08734]]]}},{"type":"Feature","properties":{"KODE_KEC":"36.03.12","KECAMATAN":"Pasar Kemis","KAB_KOTA":"Tangerang","dist_ind":3029.79,"camp_dens":0.0,"toll_pct":0.0,"sma_grad":3226,"area_km2":31.6779,"Pred_Reko":2},"geometry":{"type":"Polygon","coordinates":[[[106.53792,-6.18844],[106.53583,-6.18816],[106.53541,-6.19285],[106.53231,-6.19273],[106.5308,-6.19489],[106.52795,-6.19415],[106.52863,-6.19226],[106.52959,-6.1748],[106.53158,-6.16484],[106.53224,-6.15515],[106.53071,-6.15131],[106.52686,-6.14961],[106.52802,-6.13599],[106.53239,-6.13446],[106.53526,-6.13427],[106.53576,-6.13318],[106.54169,-6.13111],[106.54674,-6.13072],[106.54769,-6.12928],[106.54894,-6.12906],[106.54936,-6.12827],[106.55539,-6.12933],[106.55634,-6.12809],[106.56132,-6.13052],[106.56352,-6.12902],[106.56588,-6.12886],[106.56529,-6.1324],[106.56794,-6.13527],[106.5683,-6.13696],[106.57289,-6.13935],[106.57524,-6.14203],[106.577,-6.14492],[106.57752,-6.14933],[106.58124,-6.15202],[106.58236,-6.1543],[106.58411,-6.15544],[106.58551,-6.15836],[106.58658,-6.15922],[106.58661,-6.16051],[106.58817,-6.16143],[106.58306,-6.16277],[106.58261,-6.1669],[106.58064,-6.16697],[106.58002,-6.16871],[106.57864,-6.17004],[106.57905,-6.17218],[106.57686,-6.1725],[106.57536,-6.17389],[106.57336,-6.17388],[106.57219,-6.17485],[106.56846,-6.17494],[106.56628,-6.17697],[106.56562,-6.17691],[106.56537,-6.17822],[106.56473,-6.17811],[106.56488,-6.17978],[106.56364,-6.17942],[106.56158,-6.18078],[106.56116,-6.18014],[106.56058,-6.18055],[106.56094,-6.18161],[106.55457,-6.1845],[106.55406,-6.18363],[106.55328,-6.18412],[106.55236,-6.1863],[106.55338,-6.18813],[106.55188,-6.18812],[106.55145,-6.19004],[106.54322,-6.18905],[106.54264,-6.19371],[106.53877,-6.19327],[106.53964,-6.18651],[106.53802,-6.18735],[106.53792,-6.18844]]]}},{"type":"Feature","properties":{"KODE_KEC":"36.03.13","KECAMATAN":"Teluknaga","KAB_KOTA":"Tangerang","dist_ind":19826.69,"camp_dens":0.0,"toll_pct":0.0,"sma_grad":1329,"area_km2":49.2305,"Pred_Reko":0},"geometry":{"type":"MultiPolygon","coordinates":[[[[106.65646,-6.10182],[106.65686,-6.10459],[106.65865,-6.10744],[106.658,-6.10915],[106.6568,-6.10956],[106.64373,-6.10837],[106.64037,-6.10555],[106.63728,-6.10612],[106.6375,-6.10561],[106.63569,-6.10633],[106.63575,-6.10464],[106.63334,-6.09778],[106.63634,-6.09437],[106.63648,-6.09088],[106.63479,-6.08948],[106.63446,-6.088],[106.63793,-6.0865],[106.63832,-6.08322],[106.63645,-6.07906],[106.63481,-6.07056],[106.63256,-6.06555],[106.6332,-6.063],[106.63268,-6.05687],[106.63446,-6.05429],[106.63377,-6.05197],[106.63461,-6.04992],[106.63127,-6.04658],[106.63078,-6.0453],[106.63209,-6.04164],[106.63193,-6.04005],[106.63085,-6.03669],[106.62919,-6.03578],[106.6297,-6.03514],[106.63118,-6.03529],[106.63281,-6.03162],[106.63298,-6.02744],[106.63417,-6.02409],[106.63334,-6.02187],[106.63198,-6.02052],[106.63188,-6.01672],[106.63773,-6.00982],[106.63977,-6.00837],[106.64492,-6.00677],[106.64681,-6.00473],[106.64773,-6.00603],[106.64862,-6.00524],[106.65031,-6.00683],[106.65123,-6.00862],[106.65021,-6.00933],[106.65478,-6.01517],[106.65423,-6.01654],[106.65782,-6.01814],[106.65755,-6.01884],[106.66009,-6.01963],[106.65992,-6.02054],[106.66161,-6.02081],[106.66151,-6.02144],[106.66353,-6.02233],[106.6657,-6.02164],[106.665,-6.02007],[106.66573,-6.02163],[106.66724,-6.02131],[106.66739,-6.02039],[106.66758,-6.02076],[106.66935,-6.01979],[106.67091,-6.01864],[106.67049,-6.01832],[106.67077,-6.01806],[106.67096,-6.01861],[106.67368,-6.01703],[106.67415,-6.01614],[106.6746,-6.01641],[106.67791,-6.01334],[106.67932,-6.01276],[106.68556,-6.01936],[106.69097,-6.02348],[106.6983,-6.02698],[106.6993,-6.02601],[106.69992,-6.0265],[106.69961,-6.02701],[106.70068,-6.02788],[106.70055,-6.02961],[106.70349,-6.0324],[106.70294,-6.03301],[106.70197,-6.03255],[106.701,-6.03335],[106.70119,-6.03401],[106.70322,-6.03436],[106.70329,-6.03613],[106.70544,-6.03618],[106.70656,-6.03799],[106.70839,-6.03608],[106.70965,-6.0365],[106.70968,-6.03767],[106.71261,-6.04061],[106.71263,-6.04361],[106.7149,-6.04472],[106.70934,-6.04458],[106.70715,-6.04389],[106.70612,-6.04288],[106.70619,-6.04423],[106.70418,-6.04488],[106.70388,-6.04359],[106.70303,-6.04367],[106.70292,-6.04301],[106.70122,-6.0438],[106.70087,-6.04098],[106.69693,-6.042],[106.69228,-6.04407],[106.68205,-6.05327],[106.66461,-6.06473],[106.65742,-6.07248],[106.65682,-6.07473],[106.65685,-6.07947],[106.65776,-6.07944],[106.65779,-6.08024],[106.6607,-6.07943],[106.66203,-6.08102],[106.66427,-6.08048],[106.66572,-6.0827],[106.66904,-6.08314],[106.66678,-6.08705],[106.66353,-6.08794],[106.66359,-6.09012],[106.66193,-6.09368],[106.65925,-6.09366],[106.65863,-6.09192],[106.65777,-6.09133],[106.65633,-6.09199],[106.65548,-6.10035],[106.65646,-6.10182]]],[[[106.64424,-6.00466],[106.64301,-6.00685],[106.63827,-6.00842],[106.63334,-6.01401],[106.63432,-6.01262],[106.63369,-6.01087],[106.6324,-6.0099],[106.63219,-6.00778],[106.63303,-6.00645],[106.63386,-6.00602],[106.63632,-6.00786],[106.63666,-6.00735],[106.63593,-6.00722],[106.63565,-6.0064],[106.64045,-6.00391],[106.64296,-6.00128],[106.64424,-6.00466]]]]}},{"type":"Feature","properties":{"KODE_KEC":"36.03.10","KECAMATAN":"Sukadiri","KAB_KOTA":"Tangerang","dist_ind":12424.06,"camp_dens":0.0,"toll_pct":0.0,"sma_grad":2728,"area_km2":26.4802,"Pred_Reko":1},"geometry":{"type":"MultiPolygon","coordinates":[[[[106.54063,-6.10624],[106.53969,-6.10584],[106.54076,-6.10623],[106.54063,-6.10624]]],[[[106.54076,-6.10199],[106.54023,-6.10249],[106.54039,-6.1022],[106.54076,-6.10199]]],[[[106.55633,-6.1093],[106.55136,-6.11069],[106.55107,-6.11177],[106.5429,-6.11279],[106.54454,-6.10441],[106.54951,-6.09664],[106.54947,-6.09501],[106.5482,-6.09396],[106.54884,-6.09251],[106.54806,-6.0929],[106.54783,-6.09222],[106.54487,-6.09151],[106.54576,-6.08714],[106.54408,-6.08393],[106.5449,-6.08349],[106.54781,-6.07723],[106.54449,-6.07618],[106.54229,-6.073],[106.54314,-6.06774],[106.54401,-6.0678],[106.54476,-6.06435],[106.54659,-6.06438],[106.54697,-6.06365],[106.5452,-6.06297],[106.54547,-6.06061],[106.54484,-6.05964],[106.54447,-6.05035],[106.54646,-6.0415],[106.54826,-6.04203],[106.54839,-6.04135],[106.54897,-6.04153],[106.54966,-6.03847],[106.54649,-6.03777],[106.54767,-6.03534],[106.54947,-6.03502],[106.55138,-6.03102],[106.55247,-6.0301],[106.55189,-6.02918],[106.5523,-6.02833],[106.55422,-6.02825],[106.55438,-6.02737],[106.55181,-6.0265],[106.5526,-6.02535],[106.55467,-6.0257],[106.55552,-6.02512],[106.55671,-6.0256],[106.55741,-6.02483],[106.56064,-6.0262],[106.56346,-6.02867],[106.56556,-6.0295],[106.56588,-6.02888],[106.56587,-6.02967],[106.56872,-6.03076],[106.56919,-6.03062],[106.56945,-6.02987],[106.56959,-6.0298],[106.56673,-6.03826],[106.57092,-6.04034],[106.57262,-6.04051],[106.57114,-6.04527],[106.57044,-6.04494],[106.56915,-6.04594],[106.56766,-6.04576],[106.56746,-6.04728],[106.57142,-6.05298],[106.57694,-6.05311],[106.57627,-6.05464],[106.57827,-6.05862],[106.57753,-6.06067],[106.57537,-6.06082],[106.57428,-6.06686],[106.57447,-6.07441],[106.57793,-6.07567],[106.57881,-6.07786],[106.57771,-6.08101],[106.57792,-6.08339],[106.57665,-6.08255],[106.57386,-6.08717],[106.57018,-6.09642],[106.56678,-6.10265],[106.56594,-6.10324],[106.56571,-6.1063],[106.56471,-6.10827],[106.55536,-6.11264],[106.55512,-6.11146],[106.55633,-6.1093]]],[[[106.54142,-6.09827],[106.53973,-6.09811],[106.54021,-6.09581],[106.5397,-6.09559],[106.53951,-6.09373],[106.54076,-6.09434],[106.54164,-6.09604],[106.54142,-6.09827]]],[[[106.56571,-6.1063],[106.56739,-6.10633],[106.56616,-6.10681],[106.56571,-6.1063]]]]}},{"type":"Feature","properties":{"KODE_KEC":"36.03.11","KECAMATAN":"Rajeg","KAB_KOTA":"Tangerang","dist_ind":7484.37,"camp_dens":0.0,"toll_pct":0.0,"sma_grad":3782,"area_km2":51.2232,"Pred_Reko":2},"geometry":{"type":"Polygon","coordinates":[[[106.49508,-6.13582],[106.4969,-6.14455],[106.4954,-6.14664],[106.49386,-6.14675],[106.49357,-6.14814],[106.49256,-6.14854],[106.49046,-6.15245],[106.48868,-6.15431],[106.48532,-6.15368],[106.48438,-6.15136],[106.48363,-6.15116],[106.48324,-6.14935],[106.48376,-6.1472],[106.48136,-6.14595],[106.48169,-6.14023],[106.47252,-6.13912],[106.4718,-6.1401],[106.47195,-6.14213],[106.46902,-6.1421],[106.46669,-6.14013],[106.46465,-6.14088],[106.46344,-6.13933],[106.46312,-6.13741],[106.45918,-6.13388],[106.46592,-6.13354],[106.46593,-6.13196],[106.46803,-6.13193],[106.46822,-6.12935],[106.46585,-6.12875],[106.46814,-6.12715],[106.46906,-6.12505],[106.47006,-6.12104],[106.47044,-6.11775],[106.47,-6.11731],[106.47767,-6.11661],[106.47625,-6.11267],[106.47766,-6.11268],[106.4788,-6.11058],[106.47879,-6.10905],[106.4807,-6.10395],[106.47941,-6.09611],[106.48037,-6.08942],[106.48172,-6.08658],[106.48083,-6.08368],[106.48359,-6.08379],[106.48928,-6.08208],[106.48859,-6.0808],[106.48772,-6.08156],[106.48621,-6.08091],[106.48866,-6.07678],[106.48913,-6.08061],[106.49611,-6.08078],[106.50222,-6.08284],[106.50317,-6.0857],[106.50432,-6.08576],[106.5042,-6.08926],[106.50487,-6.08947],[106.50493,-6.09027],[106.50723,-6.09016],[106.50754,-6.09086],[106.51792,-6.08947],[106.51758,-6.0872],[106.5261,-6.08674],[106.53054,-6.08773],[106.53094,-6.08586],[106.53256,-6.08657],[106.53484,-6.08586],[106.53508,-6.08657],[106.53646,-6.08702],[106.53609,-6.08824],[106.53695,-6.08968],[106.53672,-6.09185],[106.53951,-6.09373],[106.5397,-6.09559],[106.54021,-6.09581],[106.53973,-6.09811],[106.54142,-6.09827],[106.54102,-6.10182],[106.54008,-6.10284],[106.54155,-6.10404],[106.54261,-6.10405],[106.54431,-6.10612],[106.5429,-6.11279],[106.55107,-6.11177],[106.55136,-6.11069],[106.55634,-6.10931],[106.55512,-6.11146],[106.55536,-6.11264],[106.55843,-6.11424],[106.55958,-6.11397],[106.56122,-6.11587],[106.56253,-6.11565],[106.56393,-6.11625],[106.56534,-6.12026],[106.567,-6.12072],[106.56815,-6.1221],[106.56743,-6.12394],[106.56771,-6.125],[106.56843,-6.12622],[106.56965,-6.12663],[106.56898,-6.12882],[106.56425,-6.12882],[106.56132,-6.13052],[106.55634,-6.12809],[106.55539,-6.12933],[106.54936,-6.12827],[106.54894,-6.12906],[106.54769,-6.12928],[106.54674,-6.13072],[106.54169,-6.13111],[106.53576,-6.13318],[106.53526,-6.13427],[106.53239,-6.13446],[106.52802,-6.13599],[106.52714,-6.14565],[106.51815,-6.14614],[106.51471,-6.14396],[106.5126,-6.1406],[106.50534,-6.14243],[106.50411,-6.14217],[106.50384,-6.13905],[106.50265,-6.13753],[106.50037,-6.13757],[106.49965,-6.13657],[106.49839,-6.13737],[106.49795,-6.13575],[106.49631,-6.13558],[106.49508,-6.13582]],[[106.54014,-6.10604],[106.54076,-6.10623],[106.53969,-6.10584],[106.54014,-6.10604]]]}},{"type":"Feature","properties":{"KODE_KEC":"36.03.16","KECAMATAN":"Sepatan","KAB_KOTA":"Tangerang","dist_ind":8445.96,"camp_dens":0.0,"toll_pct":0.0,"sma_grad":3286,"area_km2":19.0236,"Pred_Reko":1},"geometry":{"type":"Polygon","coordinates":[[[106.58761,-6.13973],[106.58865,-6.14426],[106.59142,-6.14784],[106.59152,-6.14829],[106.59036,-6.1485],[106.59138,-6.15643],[106.59189,-6.15675],[106.59106,-6.15837],[106.59204,-6.15852],[106.58817,-6.16143],[106.58661,-6.16051],[106.58658,-6.15922],[106.58551,-6.15836],[106.58411,-6.15544],[106.58236,-6.1543],[106.58124,-6.15202],[106.57752,-6.14933],[106.577,-6.14492],[106.57549,-6.14234],[106.57262,-6.13915],[106.5688,-6.13755],[106.56794,-6.13527],[106.56543,-6.1327],[106.56517,-6.13179],[106.56606,-6.12908],[106.56898,-6.12882],[106.56965,-6.12663],[106.56843,-6.12622],[106.56771,-6.125],[106.56743,-6.12394],[106.56815,-6.1221],[106.567,-6.12072],[106.56534,-6.12026],[106.56375,-6.1161],[106.56122,-6.11587],[106.55958,-6.11397],[106.55843,-6.11424],[106.55536,-6.11264],[106.56471,-6.10827],[106.56571,-6.1063],[106.56594,-6.10324],[106.56834,-6.10008],[106.57258,-6.0896],[106.57665,-6.08255],[106.57933,-6.08368],[106.5797,-6.08291],[106.58153,-6.08328],[106.5808,-6.08596],[106.5815,-6.08693],[106.58275,-6.08629],[106.583,-6.087],[106.58752,-6.08768],[106.58945,-6.08669],[106.59183,-6.08885],[106.59291,-6.08864],[106.59262,-6.09061],[106.59434,-6.09089],[106.59357,-6.09451],[106.59492,-6.09495],[106.59256,-6.09755],[106.59266,-6.09952],[106.59114,-6.10307],[106.59445,-6.10445],[106.59377,-6.10615],[106.59421,-6.10853],[106.59199,-6.10798],[106.5894,-6.1103],[106.58773,-6.11028],[106.58534,-6.11172],[106.58504,-6.11303],[106.58392,-6.1131],[106.58392,-6.11413],[106.58213,-6.11428],[106.58273,-6.11795],[106.59781,-6.12169],[106.60205,-6.12216],[106.5975,-6.12478],[106.59706,-6.1261],[106.59464,-6.12807],[106.59534,-6.12859],[106.59536,-6.13018],[106.59515,-6.13079],[106.59359,-6.1312],[106.59375,-6.1336],[106.58961,-6.13649],[106.58764,-6.13667],[106.58761,-6.13973]],[[106.56571,-6.1063],[106.56739,-6.10633],[106.56735,-6.10577],[106.56571,-6.1063]]]}},{"type":"Feature","properties":{"KODE_KEC":"36.03.17","KECAMATAN":"Curug","KAB_KOTA":"Tangerang","dist_ind":3317.48,"camp_dens":0.0328,"toll_pct":0.000264,"sma_grad":3354,"area_km2":30.52,"Pred_Reko":2},"geometry":{"type":"Polygon","coordinates":[[[106.58652,-6.26124],[106.58515,-6.26319],[106.58503,-6.26473],[106.58206,-6.26439],[106.58121,-6.26544],[106.57776,-6.26661],[106.57678,-6.26877],[106.57333,-6.26948],[106.57273,-6.271],[106.57167,-6.27061],[106.57132,-6.27315],[106.57046,-6.27291],[106.56906,-6.27624],[106.56842,-6.27586],[106.56786,-6.27686],[106.56607,-6.2765],[106.5657,-6.27491],[106.55971,-6.27422],[106.5592,-6.27156],[106.55722,-6.27196],[106.55633,-6.27148],[106.55466,-6.27283],[106.55343,-6.27264],[106.55356,-6.27181],[106.55153,-6.27147],[106.5515,-6.27003],[106.54909,-6.26951],[106.5484,-6.26797],[106.54691,-6.2676],[106.54643,-6.26684],[106.54566,-6.26715],[106.54548,-6.26605],[106.5462,-6.2646],[106.54568,-6.26331],[106.54458,-6.26302],[106.54415,-6.26368],[106.54283,-6.26379],[106.542,-6.26305],[106.53991,-6.26286],[106.53949,-6.26171],[106.53874,-6.26254],[106.53854,-6.26051],[106.53748,-6.25924],[106.53685,-6.25929],[106.53699,-6.25616],[106.53831,-6.25459],[106.53922,-6.25439],[106.54081,-6.25141],[106.54038,-6.25019],[106.53928,-6.2502],[106.53936,-6.24928],[106.53724,-6.24895],[106.53739,-6.24739],[106.53862,-6.24666],[106.54004,-6.24408],[106.54129,-6.24385],[106.5413,-6.24246],[106.54284,-6.2419],[106.54163,-6.24122],[106.54324,-6.23945],[106.54322,-6.23874],[106.5441,-6.23834],[106.54362,-6.23704],[106.54455,-6.2368],[106.54528,-6.23558],[106.546,-6.23574],[106.54834,-6.23321],[106.55024,-6.2335],[106.54974,-6.23246],[106.55012,-6.23123],[106.55095,-6.23133],[106.55203,-6.22956],[106.55085,-6.22917],[106.55351,-6.22563],[106.55498,-6.22495],[106.5553,-6.22288],[106.55689,-6.22249],[106.55752,-6.22045],[106.55695,-6.21981],[106.55794,-6.21927],[106.55714,-6.21863],[106.55781,-6.21806],[106.55813,-6.216],[106.55957,-6.2153],[106.55899,-6.21456],[106.55819,-6.21516],[106.5583,-6.21398],[106.55748,-6.21382],[106.55941,-6.21222],[106.559,-6.21146],[106.55961,-6.21112],[106.559,-6.21044],[106.5577,-6.21077],[106.55785,-6.20957],[106.55637,-6.20946],[106.55747,-6.20857],[106.55685,-6.20776],[106.55792,-6.20747],[106.55784,-6.20657],[106.5567,-6.20708],[106.55635,-6.20556],[106.55538,-6.20506],[106.55561,-6.20409],[106.5542,-6.2039],[106.55347,-6.20295],[106.55279,-6.20322],[106.55294,-6.20252],[106.55233,-6.20212],[106.55327,-6.20148],[106.55262,-6.19949],[106.5542,-6.19944],[106.55787,-6.20076],[106.55807,-6.20146],[106.5631,-6.20408],[106.56908,-6.20627],[106.56659,-6.20831],[106.5649,-6.21124],[106.56955,-6.2128],[106.56953,-6.21324],[106.57073,-6.21332],[106.57085,-6.21205],[106.57149,-6.2121],[106.57133,-6.21411],[106.57334,-6.21432],[106.57323,-6.21554],[106.58033,-6.21634],[106.58076,-6.218],[106.58292,-6.22068],[106.58801,-6.22157],[106.58812,-6.22251],[106.58901,-6.22263],[106.58968,-6.22143],[106.59055,-6.22146],[106.59292,-6.21914],[106.59355,-6.21968],[106.59335,-6.22046],[106.59439,-6.22088],[106.59491,-6.22219],[106.59378,-6.22215],[106.59343,-6.22286],[106.59382,-6.22433],[106.59458,-6.22441],[106.59606,-6.22627],[106.59587,-6.22946],[106.5941,-6.23045],[106.59186,-6.23346],[106.59189,-6.23493],[106.59081,-6.23518],[106.59026,-6.23647],[106.59054,-6.23795],[106.58871,-6.23874],[106.58889,-6.24207],[106.58605,-6.24379],[106.58609,-6.24661],[106.58827,-6.24812],[106.58928,-6.24781],[106.58972,-6.24947],[106.58849,-6.25175],[106.58577,-6.25375],[106.58631,-6.2555],[106.58562,-6.25827],[106.58624,-6.25871],[106.58652,-6.26124]]]}},{"type":"Feature","properties":{"KODE_KEC":"36.03.14","KECAMATAN":"Kosambi","KAB_KOTA":"Tangerang","dist_ind":19916.97,"camp_dens":0.0,"toll_pct":0.0,"sma_grad":1770,"area_km2":37.2707,"Pred_Reko":0},"geometry":{"type":"Polygon","coordinates":[[[106.67256,-6.11946],[106.65512,-6.11946],[106.64782,-6.12151],[106.64679,-6.12234],[106.64135,-6.12263],[106.64257,-6.1161],[106.64197,-6.11066],[106.6428,-6.10859],[106.6396,-6.10652],[106.63775,-6.10607],[106.63953,-6.10544],[106.641,-6.10579],[106.64373,-6.10837],[106.6568,-6.10956],[106.658,-6.10915],[106.65865,-6.10744],[106.65707,-6.1051],[106.65657,-6.102],[106.65549,-6.10057],[106.65596,-6.09269],[106.65682,-6.09149],[106.65777,-6.09133],[106.65863,-6.09192],[106.65925,-6.09366],[106.66193,-6.09368],[106.66359,-6.09012],[106.66353,-6.08794],[106.66678,-6.08705],[106.66904,-6.08314],[106.66572,-6.0827],[106.66427,-6.08048],[106.66203,-6.08102],[106.6607,-6.07943],[106.65779,-6.08024],[106.65776,-6.07944],[106.65685,-6.07947],[106.65682,-6.07473],[106.65742,-6.07248],[106.66492,-6.06446],[106.68205,-6.05327],[106.69269,-6.04385],[106.70021,-6.0409],[106.70113,-6.04116],[106.70122,-6.0438],[106.70292,-6.04301],[106.70303,-6.04367],[106.70388,-6.04359],[106.70418,-6.04488],[106.70619,-6.04423],[106.70612,-6.04288],[106.70715,-6.04389],[106.70934,-6.04458],[106.71339,-6.04489],[106.71291,-6.04555],[106.71114,-6.04589],[106.71015,-6.04736],[106.70943,-6.05184],[106.70873,-6.05234],[106.70868,-6.05576],[106.7106,-6.05813],[106.71104,-6.06305],[106.71286,-6.06892],[106.71416,-6.06843],[106.71641,-6.07283],[106.72259,-6.08175],[106.72254,-6.08293],[106.72178,-6.08303],[106.72274,-6.08469],[106.72378,-6.08401],[106.7214,-6.08624],[106.72161,-6.08695],[106.72265,-6.08701],[106.72323,-6.086],[106.72429,-6.08619],[106.72365,-6.08641],[106.72446,-6.08722],[106.72599,-6.08664],[106.72413,-6.08827],[106.72504,-6.08965],[106.72229,-6.09196],[106.721,-6.09144],[106.71924,-6.09269],[106.71861,-6.09163],[106.71655,-6.09191],[106.71387,-6.09464],[106.71441,-6.09579],[106.71249,-6.09569],[106.7105,-6.09641],[106.70603,-6.09596],[106.70313,-6.09685],[106.70249,-6.09607],[106.69755,-6.09644],[106.69346,-6.09558],[106.68744,-6.09733],[106.67577,-6.09861],[106.67556,-6.10209],[106.67281,-6.10293],[106.67285,-6.10384],[106.67164,-6.10391],[106.67121,-6.10592],[106.67245,-6.10944],[106.67089,-6.10959],[106.67056,-6.11064],[106.67191,-6.11091],[106.67303,-6.11271],[106.67232,-6.11569],[106.67294,-6.1167],[106.67256,-6.11946]]]}},{"type":"Feature","properties":{"KODE_KEC":"36.03.15","KECAMATAN":"Pakuhaji","KAB_KOTA":"Tangerang","dist_ind":15403.97,"camp_dens":0.0,"toll_pct":0.0,"sma_grad":1135,"area_km2":51.999,"Pred_Reko":0},"geometry":{"type":"Polygon","coordinates":[[[106.60266,-6.09769],[106.59906,-6.10223],[106.59405,-6.10537],[106.59445,-6.10445],[106.59114,-6.10307],[106.59266,-6.09952],[106.59256,-6.09755],[106.59492,-6.09495],[106.59357,-6.09451],[106.59434,-6.09089],[106.59262,-6.09061],[106.59291,-6.08864],[106.59183,-6.08885],[106.58945,-6.08669],[106.58752,-6.08768],[106.583,-6.087],[106.58275,-6.08629],[106.5815,-6.08693],[106.5808,-6.08596],[106.58153,-6.08328],[106.5797,-6.08291],[106.57933,-6.08368],[106.57792,-6.08339],[106.57755,-6.08274],[106.57881,-6.07786],[106.57793,-6.07567],[106.57447,-6.07441],[106.57428,-6.06686],[106.57539,-6.06072],[106.57753,-6.06067],[106.57827,-6.05847],[106.57643,-6.05529],[106.5762,-6.05407],[106.57694,-6.05311],[106.57142,-6.05298],[106.56769,-6.04824],[106.56764,-6.04577],[106.56915,-6.04594],[106.57044,-6.04494],[106.57114,-6.04527],[106.57262,-6.04051],[106.57092,-6.04034],[106.56673,-6.03826],[106.56755,-6.03489],[106.5689,-6.03303],[106.56959,-6.03064],[106.57596,-6.03204],[106.5774,-6.03096],[106.57778,-6.03159],[106.58668,-6.03249],[106.59152,-6.03068],[106.59227,-6.03096],[106.59322,-6.02966],[106.59494,-6.02952],[106.59562,-6.02841],[106.6014,-6.02733],[106.60185,-6.02608],[106.60314,-6.02627],[106.60353,-6.0255],[106.60589,-6.02501],[106.60706,-6.02546],[106.61002,-6.02459],[106.61816,-6.02054],[106.62277,-6.01612],[106.6259,-6.01194],[106.62713,-6.01132],[106.62831,-6.01374],[106.62786,-6.01432],[106.629,-6.01496],[106.62914,-6.01623],[106.63201,-6.01652],[106.63158,-6.01882],[106.63198,-6.02052],[106.63413,-6.02322],[106.63298,-6.02744],[106.63281,-6.03162],[106.63118,-6.03529],[106.6297,-6.03514],[106.62919,-6.03578],[106.63085,-6.03669],[106.63193,-6.04005],[106.63209,-6.04164],[106.63078,-6.0453],[106.63127,-6.04658],[106.63461,-6.04992],[106.63377,-6.05197],[106.63446,-6.05429],[106.63268,-6.05687],[106.6332,-6.063],[106.63256,-6.06555],[106.63481,-6.07056],[106.63645,-6.07906],[106.63832,-6.08322],[106.63793,-6.0865],[106.63446,-6.088],[106.63479,-6.08948],[106.63648,-6.09088],[106.63634,-6.09437],[106.6334,-6.09723],[106.634,-6.0994],[106.63218,-6.09947],[106.63227,-6.10104],[106.62362,-6.10116],[106.62361,-6.09759],[106.6189,-6.09733],[106.61845,-6.09666],[106.61765,-6.09692],[106.61703,-6.09826],[106.61433,-6.09852],[106.61389,-6.09965],[106.61163,-6.09769],[106.60821,-6.09842],[106.60266,-6.09769]]]}},{"type":"Feature","properties":{"KODE_KEC":"36.03.18","KECAMATAN":"Cikupa","KAB_KOTA":"Tangerang","dist_ind":1135.7,"camp_dens":0.022,"toll_pct":0.000415,"sma_grad":2674,"area_km2":45.3554,"Pred_Reko":2},"geometry":{"type":"Polygon","coordinates":[[[106.51845,-6.24723],[106.51469,-6.24562],[106.50875,-6.24482],[106.50877,-6.24433],[106.50512,-6.24529],[106.50253,-6.24467],[106.5018,-6.24403],[106.50119,-6.24142],[106.50064,-6.242],[106.49737,-6.2424],[106.49661,-6.24359],[106.49343,-6.24406],[106.4921,-6.24501],[106.49076,-6.2439],[106.48935,-6.24656],[106.4881,-6.24662],[106.48814,-6.24529],[106.48993,-6.24446],[106.48822,-6.24392],[106.48926,-6.2428],[106.48866,-6.2415],[106.48797,-6.24157],[106.48786,-6.24305],[106.4869,-6.24397],[106.48626,-6.24314],[106.48563,-6.24392],[106.485,-6.24362],[106.48578,-6.24252],[106.48553,-6.24082],[106.48447,-6.2417],[106.48419,-6.24051],[106.48382,-6.24167],[106.48292,-6.24176],[106.48388,-6.23958],[106.48519,-6.23957],[106.48553,-6.23894],[106.48245,-6.23692],[106.48055,-6.23714],[106.48041,-6.23577],[106.47959,-6.23574],[106.48102,-6.23351],[106.48223,-6.23401],[106.4826,-6.23339],[106.48288,-6.23447],[106.48381,-6.23475],[106.4838,-6.23315],[106.48143,-6.23265],[106.48174,-6.23162],[106.48063,-6.23126],[106.48065,-6.23001],[106.47931,-6.23076],[106.48017,-6.22936],[106.47824,-6.22859],[106.48006,-6.22821],[106.48059,-6.22664],[106.47733,-6.2263],[106.47725,-6.22569],[106.47936,-6.2254],[106.47943,-6.22477],[106.47832,-6.22433],[106.47942,-6.22212],[106.47844,-6.22207],[106.47878,-6.22105],[106.47743,-6.22168],[106.47762,-6.21991],[106.4761,-6.21856],[106.47646,-6.21767],[106.47568,-6.21627],[106.47712,-6.21476],[106.47821,-6.21646],[106.47899,-6.21539],[106.47634,-6.21207],[106.47762,-6.21041],[106.47733,-6.20955],[106.47915,-6.20971],[106.47836,-6.20563],[106.47767,-6.20604],[106.47672,-6.20529],[106.47832,-6.2029],[106.47779,-6.20248],[106.47655,-6.20295],[106.47647,-6.20124],[106.47361,-6.19971],[106.47262,-6.20105],[106.47196,-6.20088],[106.47188,-6.20008],[106.47039,-6.2007],[106.47072,-6.19987],[106.47207,-6.19949],[106.47193,-6.19846],[106.46878,-6.19571],[106.46834,-6.19276],[106.46732,-6.19244],[106.46667,-6.19042],[106.4689,-6.1903],[106.4694,-6.18916],[106.47893,-6.19021],[106.48244,-6.1892],[106.48424,-6.19133],[106.48372,-6.19457],[106.48489,-6.19572],[106.48822,-6.19633],[106.49121,-6.19865],[106.4929,-6.1992],[106.4954,-6.19845],[106.49843,-6.19876],[106.50202,-6.19824],[106.50714,-6.19914],[106.51056,-6.19915],[106.51044,-6.19841],[106.51812,-6.19935],[106.51818,-6.19869],[106.52025,-6.19778],[106.52052,-6.19858],[106.5245,-6.19906],[106.52526,-6.19987],[106.52652,-6.19841],[106.52795,-6.19415],[106.5308,-6.19489],[106.53231,-6.19273],[106.53541,-6.19285],[106.53583,-6.18816],[106.53792,-6.18844],[106.53802,-6.18735],[106.53964,-6.18651],[106.53877,-6.19327],[106.54264,-6.19371],[106.54322,-6.18905],[106.55399,-6.19034],[106.55322,-6.19673],[106.55393,-6.19777],[106.55277,-6.19836],[106.55255,-6.20003],[106.55326,-6.2016],[106.55233,-6.20221],[106.55292,-6.20249],[106.55282,-6.20326],[106.55347,-6.20295],[106.5542,-6.2039],[106.55561,-6.20409],[106.55538,-6.20506],[106.55635,-6.20556],[106.55666,-6.20705],[106.55784,-6.20657],[106.55792,-6.20747],[106.55685,-6.20776],[106.55747,-6.20857],[106.55637,-6.20946],[106.55785,-6.20957],[106.5577,-6.21077],[106.559,-6.21044],[106.55961,-6.21112],[106.559,-6.21146],[106.55941,-6.21222],[106.55748,-6.21382],[106.5583,-6.21398],[106.55819,-6.21516],[106.55899,-6.21456],[106.55957,-6.2153],[106.55813,-6.216],[106.55781,-6.21806],[106.55714,-6.21863],[106.55794,-6.21927],[106.55695,-6.21981],[106.55752,-6.22045],[106.55689,-6.22249],[106.5553,-6.22288],[106.55498,-6.22495],[106.55351,-6.22563],[106.55085,-6.22917],[106.55203,-6.22956],[106.55095,-6.23133],[106.55012,-6.23123],[106.54974,-6.23246],[106.55024,-6.2335],[106.54834,-6.23321],[106.546,-6.23574],[106.54528,-6.23558],[106.54455,-6.2368],[106.54362,-6.23704],[106.5441,-6.23834],[106.54322,-6.23874],[106.54324,-6.23945],[106.54163,-6.24122],[106.54284,-6.2419],[106.5413,-6.24246],[106.54129,-6.24385],[106.54009,-6.24404],[106.53861,-6.24586],[106.53765,-6.24512],[106.53673,-6.24546],[106.53477,-6.24479],[106.53317,-6.24265],[106.53015,-6.24708],[106.5266,-6.24432],[106.52418,-6.24332],[106.52274,-6.24348],[106.52177,-6.24619],[106.51952,-6.245],[106.51869,-6.2454],[106.51845,-6.24723]]]}},{"type":"Feature","properties":{"KODE_KEC":"36.03.19","KECAMATAN":"Panongan","KAB_KOTA":"Tangerang","dist_ind":2800.25,"camp_dens":0.0278,"toll_pct":0.0,"sma_grad":2422,"area_km2":35.956,"Pred_Reko":1},"geometry":{"type":"Polygon","coordinates":[[[106.55209,-6.28673],[106.55232,-6.28863],[106.55319,-6.28992],[106.55309,-6.29164],[106.55426,-6.29209],[106.55472,-6.29377],[106.55246,-6.29583],[106.55297,-6.29698],[106.55181,-6.29797],[106.55313,-6.29866],[106.55327,-6.30106],[106.5551,-6.30303],[106.55312,-6.30628],[106.55422,-6.31008],[106.55286,-6.31192],[106.55219,-6.31214],[106.55164,-6.31104],[106.54985,-6.31159],[106.54947,-6.3127],[106.54774,-6.31332],[106.54564,-6.31153],[106.54181,-6.31118],[106.5419,-6.31328],[106.54122,-6.31356],[106.54109,-6.31468],[106.53911,-6.31468],[106.53792,-6.31539],[106.53637,-6.31473],[106.53479,-6.31249],[106.53418,-6.31032],[106.53567,-6.30976],[106.53456,-6.30959],[106.53029,-6.31126],[106.52935,-6.3132],[106.52849,-6.31349],[106.52553,-6.31386],[106.52342,-6.31327],[106.5232,-6.31244],[106.52069,-6.31317],[106.5194,-6.31265],[106.51605,-6.31559],[106.51483,-6.31544],[106.51369,-6.31412],[106.51431,-6.31327],[106.51519,-6.31376],[106.515,-6.31289],[106.51241,-6.31312],[106.51095,-6.3102],[106.50891,-6.31011],[106.50951,-6.30938],[106.50879,-6.30833],[106.50996,-6.30793],[106.51065,-6.30466],[106.50892,-6.30401],[106.50845,-6.30321],[106.50723,-6.30352],[106.50808,-6.30262],[106.50823,-6.30093],[106.5102,-6.29991],[106.51011,-6.29846],[106.5117,-6.29846],[106.51155,-6.29613],[106.51415,-6.29451],[106.51411,-6.294],[106.51113,-6.29273],[106.51103,-6.2913],[106.51242,-6.29105],[106.51189,-6.28997],[106.51051,-6.29017],[106.51019,-6.29186],[106.50914,-6.29018],[106.50869,-6.29182],[106.50804,-6.2905],[106.50747,-6.29136],[106.50606,-6.29164],[106.50616,-6.29237],[106.50461,-6.2917],[106.50612,-6.29073],[106.50584,-6.29006],[106.50462,-6.29065],[106.504,-6.29033],[106.5051,-6.28935],[106.50417,-6.28781],[106.50442,-6.28701],[106.50691,-6.28869],[106.50845,-6.28862],[106.50746,-6.28724],[106.5062,-6.28766],[106.50706,-6.28573],[106.5053,-6.28583],[106.50498,-6.2853],[106.50712,-6.28428],[106.50718,-6.28372],[106.50603,-6.28345],[106.50579,-6.28273],[106.50728,-6.2818],[106.50686,-6.2811],[106.50536,-6.28143],[106.50488,-6.27923],[106.50594,-6.27829],[106.50827,-6.27971],[106.50834,-6.27833],[106.50927,-6.27735],[106.50939,-6.27891],[106.51004,-6.27878],[106.51178,-6.27707],[106.51096,-6.27485],[106.51212,-6.27522],[106.51239,-6.27477],[106.50961,-6.27351],[106.50969,-6.27033],[106.50748,-6.27094],[106.50764,-6.26894],[106.5062,-6.26938],[106.50617,-6.26821],[106.50491,-6.26839],[106.50562,-6.26767],[106.50447,-6.26661],[106.50356,-6.26734],[106.50413,-6.26917],[106.50248,-6.26947],[106.50237,-6.26763],[106.50064,-6.26646],[106.50221,-6.26642],[106.50234,-6.26595],[106.49995,-6.26436],[106.50173,-6.26395],[106.50156,-6.2632],[106.50081,-6.26301],[106.50144,-6.2614],[106.50031,-6.26095],[106.50085,-6.26],[106.50007,-6.2598],[106.49908,-6.26132],[106.49854,-6.25931],[106.49657,-6.2585],[106.49718,-6.25679],[106.4954,-6.25747],[106.49538,-6.25564],[106.4967,-6.25627],[106.49728,-6.25564],[106.49457,-6.25447],[106.4949,-6.2531],[106.49585,-6.25319],[106.496,-6.25262],[106.49365,-6.25217],[106.49491,-6.25149],[106.49629,-6.25205],[106.49628,-6.25116],[106.49515,-6.25066],[106.49447,-6.25117],[106.49394,-6.25023],[106.49607,-6.24832],[106.49511,-6.2475],[106.49224,-6.24925],[106.49238,-6.24837],[106.49182,-6.24798],[106.49329,-6.24746],[106.49293,-6.24672],[106.49067,-6.24801],[106.49093,-6.24672],[106.48935,-6.24656],[106.49076,-6.2439],[106.4921,-6.24501],[106.49343,-6.24406],[106.49661,-6.24359],[106.49737,-6.2424],[106.50064,-6.242],[106.50119,-6.24142],[106.5018,-6.24403],[106.50253,-6.24467],[106.50512,-6.24529],[106.50877,-6.24433],[106.50875,-6.24482],[106.51631,-6.24609],[106.51635,-6.24662],[106.51687,-6.24629],[106.51815,-6.2472],[106.51869,-6.2454],[106.51952,-6.245],[106.52198,-6.24606],[106.52258,-6.24371],[106.52355,-6.24336],[106.5263,-6.24414],[106.53015,-6.24708],[106.53316,-6.24265],[106.53486,-6.24484],[106.53673,-6.24546],[106.53765,-6.24512],[106.53846,-6.24585],[106.5391,-6.24536],[106.53862,-6.24666],[106.53739,-6.24739],[106.5372,-6.24882],[106.53936,-6.24928],[106.53928,-6.2502],[106.54038,-6.25019],[106.54076,-6.25189],[106.53922,-6.25439],[106.53831,-6.25459],[106.53699,-6.25616],[106.53676,-6.25908],[106.53854,-6.26051],[106.53874,-6.26254],[106.53949,-6.26171],[106.53991,-6.26286],[106.542,-6.26305],[106.54283,-6.26379],[106.54415,-6.26368],[106.54458,-6.26302],[106.54568,-6.26331],[106.5462,-6.2646],[106.54544,-6.26601],[106.54597,-6.26797],[106.54496,-6.26926],[106.54527,-6.27067],[106.54644,-6.27132],[106.54712,-6.27342],[106.54944,-6.27401],[106.55084,-6.27338],[106.55216,-6.27628],[106.55217,-6.28119],[106.55124,-6.28545],[106.55209,-6.28673]]]}},{"type":"Feature","properties":{"KODE_KEC":"36.03.23","KECAMATAN":"Cisauk","KAB_KOTA":"Tangerang","dist_ind":5438.49,"camp_dens":0.1012,"toll_pct":8.7e-05,"sma_grad":3099,"area_km2":29.6378,"Pred_Reko":1},"geometry":{"type":"Polygon","coordinates":[[[106.60304,-6.36161],[106.59809,-6.35871],[106.59724,-6.35891],[106.59672,-6.35993],[106.59753,-6.36084],[106.59776,-6.36257],[106.59386,-6.36273],[106.59289,-6.3586],[106.59096,-6.35886],[106.58906,-6.35706],[106.59023,-6.35647],[106.58802,-6.35628],[106.58906,-6.35272],[106.59006,-6.35224],[106.58765,-6.3514],[106.58874,-6.34977],[106.58799,-6.34892],[106.58859,-6.34758],[106.58822,-6.34736],[106.59007,-6.34516],[106.59022,-6.34187],[106.59489,-6.34116],[106.60108,-6.34267],[106.60296,-6.3425],[106.60325,-6.34141],[106.6097,-6.34032],[106.60997,-6.33357],[106.61125,-6.33038],[106.61171,-6.32683],[106.61622,-6.32711],[106.61972,-6.32622],[106.6277,-6.3267],[106.63124,-6.32348],[106.63611,-6.32295],[106.63725,-6.32196],[106.64076,-6.32262],[106.64199,-6.32083],[106.64186,-6.31897],[106.64478,-6.31262],[106.64501,-6.30538],[106.64564,-6.30322],[106.64539,-6.2986],[106.64451,-6.29849],[106.6446,-6.29733],[106.64502,-6.29674],[106.64634,-6.29697],[106.64668,-6.29509],[106.64591,-6.29505],[106.6466,-6.29113],[106.65456,-6.29325],[106.65384,-6.29494],[106.65372,-6.29898],[106.65613,-6.30085],[106.65694,-6.30574],[106.659,-6.30803],[106.65803,-6.31152],[106.65567,-6.31375],[106.65548,-6.31578],[106.65684,-6.31668],[106.65905,-6.31558],[106.6607,-6.31558],[106.66216,-6.31729],[106.66152,-6.31834],[106.65894,-6.31823],[106.65784,-6.32445],[106.65817,-6.32554],[106.66071,-6.32756],[106.65819,-6.33001],[106.65681,-6.3328],[106.6546,-6.33535],[106.64763,-6.33956],[106.64682,-6.34248],[106.64725,-6.34415],[106.65005,-6.34716],[106.65469,-6.35053],[106.65561,-6.35307],[106.65551,-6.35521],[106.65703,-6.35843],[106.65671,-6.35963],[106.65098,-6.36219],[106.60304,-6.36161]]]}},{"type":"Feature","properties":{"KODE_KEC":"36.03.22","KECAMATAN":"Pagedangan","KAB_KOTA":"Tangerang","dist_ind":7993.75,"camp_dens":0.0774,"toll_pct":0.000228,"sma_grad":2905,"area_km2":51.6844,"Pred_Reko":1},"geometry":{"type":"Polygon","coordinates":[[[106.59009,-6.34205],[106.59007,-6.34516],[106.58734,-6.34831],[106.58733,-6.34739],[106.58582,-6.34736],[106.58481,-6.34638],[106.58242,-6.34584],[106.58293,-6.34465],[106.57988,-6.34158],[106.57754,-6.34033],[106.57729,-6.33857],[106.57634,-6.33849],[106.57641,-6.34124],[106.57405,-6.34177],[106.57456,-6.34029],[106.57524,-6.34014],[106.57456,-6.33951],[106.5747,-6.33326],[106.58112,-6.31955],[106.58527,-6.31845],[106.59052,-6.31909],[106.59072,-6.31422],[106.59193,-6.31355],[106.59116,-6.31269],[106.5891,-6.31238],[106.59004,-6.31029],[106.5897,-6.30773],[106.58784,-6.3063],[106.58744,-6.30494],[106.58873,-6.30339],[106.59062,-6.30387],[106.59626,-6.30175],[106.59955,-6.30138],[106.60051,-6.29991],[106.60165,-6.30039],[106.60249,-6.29983],[106.60278,-6.29784],[106.60121,-6.29706],[106.60059,-6.29376],[106.60071,-6.28961],[106.60126,-6.28861],[106.59961,-6.28923],[106.5978,-6.28897],[106.59777,-6.28795],[106.59711,-6.28752],[106.59802,-6.28731],[106.59777,-6.28559],[106.59453,-6.28401],[106.59666,-6.2768],[106.60555,-6.26091],[106.60983,-6.24863],[106.61163,-6.24966],[106.61358,-6.25297],[106.61558,-6.25403],[106.61436,-6.2583],[106.6142,-6.26132],[106.61724,-6.26226],[106.61853,-6.26466],[106.61913,-6.26286],[106.62119,-6.26358],[106.62319,-6.26303],[106.62557,-6.26359],[106.63203,-6.26246],[106.63205,-6.25917],[106.63103,-6.25805],[106.63118,-6.25626],[106.62998,-6.25567],[106.63099,-6.25228],[106.62893,-6.25149],[106.62883,-6.25072],[106.62927,-6.24735],[106.63133,-6.24754],[106.63155,-6.24553],[106.63275,-6.24387],[106.63437,-6.2452],[106.63647,-6.24543],[106.64006,-6.24747],[106.64388,-6.24726],[106.64678,-6.2576],[106.64888,-6.26018],[106.64774,-6.26635],[106.65198,-6.26962],[106.65126,-6.27198],[106.64976,-6.27388],[106.6463,-6.27535],[106.64622,-6.27828],[106.64929,-6.2834],[106.65534,-6.28599],[106.65669,-6.28727],[106.65768,-6.29162],[106.6567,-6.29266],[106.65456,-6.29325],[106.6466,-6.29113],[106.64591,-6.29505],[106.64668,-6.29509],[106.64634,-6.29697],[106.64502,-6.29674],[106.6446,-6.29733],[106.64451,-6.29849],[106.64539,-6.2986],[106.64564,-6.30322],[106.64501,-6.30538],[106.64478,-6.31262],[106.64186,-6.31897],[106.64199,-6.32083],[106.64076,-6.32262],[106.63725,-6.32196],[106.63611,-6.32295],[106.63103,-6.32356],[106.6277,-6.3267],[106.61972,-6.32622],[106.61622,-6.32711],[106.61171,-6.32683],[106.61125,-6.33038],[106.60997,-6.33357],[106.6097,-6.34032],[106.60325,-6.34141],[106.60296,-6.3425],[106.60108,-6.34267],[106.59489,-6.34116],[106.59386,-6.34168],[106.59069,-6.34159],[106.59009,-6.34205]]]}},{"type":"Feature","properties":{"KODE_KEC":"36.03.27","KECAMATAN":"Sukamulya","KAB_KOTA":"Tangerang","dist_ind":9859.07,"camp_dens":0.0,"toll_pct":0.0,"sma_grad":1933,"area_km2":26.5367,"Pred_Reko":1},"geometry":{"type":"Polygon","coordinates":[[[106.43461,-6.18863],[106.43018,-6.19079],[106.42101,-6.18668],[106.4175,-6.18302],[106.41197,-6.1823],[106.41138,-6.18051],[106.41169,-6.1781],[106.40944,-6.17488],[106.4091,-6.17165],[106.4097,-6.16849],[106.41107,-6.16844],[106.41042,-6.1667],[106.4107,-6.1655],[106.40945,-6.16512],[106.41068,-6.16343],[106.41333,-6.16289],[106.41347,-6.16497],[106.417,-6.16488],[106.41533,-6.16338],[106.41632,-6.16192],[106.41486,-6.16138],[106.41496,-6.16074],[106.41603,-6.16035],[106.41515,-6.15855],[106.41629,-6.15604],[106.41426,-6.15356],[106.41493,-6.15014],[106.42364,-6.14153],[106.42794,-6.14072],[106.43121,-6.13779],[106.43255,-6.13033],[106.43534,-6.12753],[106.43668,-6.12708],[106.43996,-6.1274],[106.44402,-6.12873],[106.44534,-6.13196],[106.44755,-6.13199],[106.45154,-6.13511],[106.45324,-6.13572],[106.45462,-6.13848],[106.45458,-6.14063],[106.45565,-6.14108],[106.45652,-6.14385],[106.45714,-6.14434],[106.45799,-6.14396],[106.45838,-6.14524],[106.4576,-6.14629],[106.45913,-6.14695],[106.45922,-6.14967],[106.45981,-6.14919],[106.46089,-6.15066],[106.46174,-6.14981],[106.46256,-6.15012],[106.46299,-6.15124],[106.46366,-6.15098],[106.46468,-6.15249],[106.46634,-6.1518],[106.46674,-6.15076],[106.46948,-6.15138],[106.4702,-6.15217],[106.46806,-6.15354],[106.46861,-6.15435],[106.46785,-6.15495],[106.46775,-6.15604],[106.46687,-6.15609],[106.46717,-6.15459],[106.46657,-6.15422],[106.46432,-6.15633],[106.46453,-6.15717],[106.46576,-6.15712],[106.46561,-6.15821],[106.4672,-6.15837],[106.46484,-6.15964],[106.46514,-6.16066],[106.46412,-6.16174],[106.46462,-6.16281],[106.46312,-6.1653],[106.45761,-6.16597],[106.45394,-6.16229],[106.45037,-6.16283],[106.44979,-6.16372],[106.44813,-6.1635],[106.44712,-6.16898],[106.44778,-6.17071],[106.44665,-6.17351],[106.44735,-6.17453],[106.44717,-6.17696],[106.44949,-6.17862],[106.44799,-6.18184],[106.44763,-6.18538],[106.44329,-6.18983],[106.43924,-6.18931],[106.43757,-6.19106],[106.43709,-6.18848],[106.43461,-6.18863]]]}},{"type":"Feature","properties":{"KODE_KEC":"36.03.28","KECAMATAN":"Kelapa Dua","KAB_KOTA":"Tangerang","dist_ind":7957.75,"camp_dens":0.3191,"toll_pct":0.000164,"sma_grad":1406,"area_km2":25.0691,"Pred_Reko":1},"geometry":{"type":"Polygon","coordinates":[[[106.60983,-6.24863],[106.60544,-6.26117],[106.59775,-6.27461],[106.59355,-6.27354],[106.58647,-6.27345],[106.58518,-6.27208],[106.58557,-6.26974],[106.58409,-6.26924],[106.58295,-6.26778],[106.5832,-6.26642],[106.58505,-6.26493],[106.58515,-6.26319],[106.58653,-6.26164],[106.58624,-6.25871],[106.58562,-6.25827],[106.58631,-6.2555],[106.58577,-6.25375],[106.58849,-6.25175],[106.58972,-6.24947],[106.58928,-6.24781],[106.58827,-6.24812],[106.58609,-6.24661],[106.58605,-6.24379],[106.58889,-6.24207],[106.58871,-6.23874],[106.59054,-6.23795],[106.59026,-6.23647],[106.59081,-6.23518],[106.59189,-6.23493],[106.59186,-6.23346],[106.5941,-6.23045],[106.59587,-6.22946],[106.59606,-6.22627],[106.59458,-6.22441],[106.59382,-6.22433],[106.59343,-6.22286],[106.59378,-6.22215],[106.59493,-6.22209],[106.59292,-6.21914],[106.59475,-6.21458],[106.59373,-6.21355],[106.59472,-6.21088],[106.59461,-6.20831],[106.59561,-6.20733],[106.5957,-6.20588],[106.59655,-6.20585],[106.59707,-6.20715],[106.6,-6.20719],[106.6011,-6.20554],[106.60204,-6.2061],[106.6048,-6.20842],[106.60251,-6.21304],[106.60511,-6.21357],[106.60575,-6.21475],[106.6093,-6.2148],[106.61253,-6.2159],[106.60929,-6.22013],[106.61385,-6.22025],[106.61373,-6.22351],[106.61077,-6.225],[106.61163,-6.22715],[106.61387,-6.22692],[106.61522,-6.22514],[106.6176,-6.22495],[106.61879,-6.22755],[106.62557,-6.22726],[106.62803,-6.22855],[106.63041,-6.22549],[106.63868,-6.23024],[106.6392,-6.23184],[106.63669,-6.23688],[106.64436,-6.24262],[106.64388,-6.24726],[106.64295,-6.2477],[106.64006,-6.24747],[106.63647,-6.24543],[106.63437,-6.2452],[106.63275,-6.24387],[106.63155,-6.24553],[106.63133,-6.24754],[106.62927,-6.24735],[106.62893,-6.25149],[106.63099,-6.25228],[106.62998,-6.25567],[106.63118,-6.25626],[106.63103,-6.25805],[106.63205,-6.25917],[106.6319,-6.26249],[106.62557,-6.26359],[106.62319,-6.26303],[106.62119,-6.26358],[106.61913,-6.26286],[106.61853,-6.26466],[106.61724,-6.26226],[106.6142,-6.26132],[106.61436,-6.2583],[106.61558,-6.25403],[106.61358,-6.25297],[106.61163,-6.24966],[106.60983,-6.24863]]]}},{"type":"Feature","properties":{"KODE_KEC":"36.03.20","KECAMATAN":"Legok","KAB_KOTA":"Tangerang","dist_ind":7109.94,"camp_dens":0.0,"toll_pct":0.0,"sma_grad":3183,"area_km2":38.5606,"Pred_Reko":1},"geometry":{"type":"MultiPolygon","coordinates":[[[[106.56183,-6.33856],[106.56024,-6.33862],[106.55913,-6.33701],[106.55862,-6.33848],[106.55927,-6.34017],[106.55796,-6.34061],[106.55793,-6.33861],[106.55632,-6.33845],[106.55634,-6.33629],[106.55395,-6.33502],[106.55267,-6.3361],[106.55183,-6.33596],[106.55205,-6.33407],[106.54977,-6.33467],[106.54882,-6.33387],[106.55178,-6.33328],[106.54971,-6.33318],[106.54903,-6.33245],[106.54841,-6.33322],[106.54668,-6.33282],[106.54545,-6.33406],[106.54188,-6.33399],[106.54176,-6.33339],[106.54235,-6.33348],[106.54204,-6.33202],[106.54049,-6.33331],[106.53843,-6.33098],[106.53705,-6.3313],[106.53723,-6.33216],[106.5362,-6.3316],[106.53436,-6.33237],[106.5339,-6.33057],[106.53205,-6.32968],[106.52996,-6.32973],[106.53072,-6.32882],[106.52854,-6.3282],[106.52839,-6.32688],[106.52908,-6.3262],[106.52768,-6.32575],[106.52684,-6.32462],[106.526,-6.32585],[106.52528,-6.32526],[106.52406,-6.32579],[106.52343,-6.32505],[106.52166,-6.32535],[106.52181,-6.32644],[106.51937,-6.32578],[106.51846,-6.32705],[106.51781,-6.32665],[106.51811,-6.32574],[106.51579,-6.3257],[106.51569,-6.32433],[106.51486,-6.32444],[106.51255,-6.32265],[106.51323,-6.32121],[106.51477,-6.32064],[106.51317,-6.31991],[106.51339,-6.31891],[106.5163,-6.31884],[106.51695,-6.31766],[106.51464,-6.31775],[106.51374,-6.31691],[106.51578,-6.31621],[106.51873,-6.3128],[106.52019,-6.31255],[106.52069,-6.31317],[106.5232,-6.31244],[106.52408,-6.31351],[106.52731,-6.31378],[106.52935,-6.3132],[106.53029,-6.31126],[106.53456,-6.30959],[106.53567,-6.30976],[106.53418,-6.31032],[106.53479,-6.31249],[106.53637,-6.31473],[106.53792,-6.31539],[106.53911,-6.31468],[106.54109,-6.31468],[106.54122,-6.31356],[106.5419,-6.31328],[106.54181,-6.31118],[106.54564,-6.31153],[106.54774,-6.31332],[106.54947,-6.3127],[106.54985,-6.31159],[106.55164,-6.31104],[106.55219,-6.31214],[106.55286,-6.31192],[106.5542,-6.31043],[106.55301,-6.3068],[106.5551,-6.30303],[106.55327,-6.30106],[106.55313,-6.29866],[106.55181,-6.29797],[106.55297,-6.29698],[106.55246,-6.29583],[106.55472,-6.29377],[106.55426,-6.29209],[106.55309,-6.29164],[106.55319,-6.28992],[106.55232,-6.28863],[106.55204,-6.28596],[106.55125,-6.28562],[106.55217,-6.28119],[106.55216,-6.27628],[106.55084,-6.27338],[106.54944,-6.27401],[106.54738,-6.27355],[106.54644,-6.27132],[106.54539,-6.2709],[106.54496,-6.26926],[106.54597,-6.26797],[106.54555,-6.26696],[106.54552,-6.26632],[106.54566,-6.26715],[106.54643,-6.26684],[106.54691,-6.2676],[106.5484,-6.26797],[106.54909,-6.26951],[106.5515,-6.27003],[106.55153,-6.27147],[106.55356,-6.27181],[106.55343,-6.27264],[106.55466,-6.27283],[106.55633,-6.27148],[106.55722,-6.27196],[106.5592,-6.27156],[106.55971,-6.27422],[106.5657,-6.27491],[106.56607,-6.2765],[106.56786,-6.27686],[106.56842,-6.27586],[106.56906,-6.27624],[106.57046,-6.27291],[106.57132,-6.27315],[106.57167,-6.27061],[106.57273,-6.271],[106.57333,-6.26948],[106.57678,-6.26877],[106.57776,-6.26661],[106.58121,-6.26544],[106.58206,-6.26439],[106.58503,-6.26473],[106.5832,-6.26642],[106.58294,-6.2679],[106.58409,-6.26924],[106.58546,-6.26956],[106.58518,-6.27208],[106.58647,-6.27345],[106.59355,-6.27354],[106.59775,-6.27461],[106.59601,-6.27841],[106.59453,-6.28401],[106.59777,-6.28559],[106.59802,-6.28731],[106.59711,-6.28752],[106.59777,-6.28795],[106.5978,-6.28897],[106.59961,-6.28923],[106.60126,-6.28861],[106.60071,-6.28961],[106.60059,-6.29376],[106.60121,-6.29706],[106.60278,-6.29784],[106.60249,-6.29983],[106.60165,-6.30039],[106.60051,-6.29991],[106.59955,-6.30138],[106.59626,-6.30175],[106.59062,-6.30387],[106.58873,-6.30339],[106.58744,-6.30494],[106.58784,-6.3063],[106.5897,-6.30773],[106.59004,-6.31029],[106.5891,-6.31238],[106.59116,-6.31269],[106.59193,-6.31355],[106.59072,-6.31422],[106.59052,-6.31909],[106.58527,-6.31845],[106.58112,-6.31955],[106.57475,-6.33309],[106.57456,-6.33951],[106.57278,-6.33842],[106.57042,-6.33903],[106.56945,-6.33816],[106.56836,-6.33883],[106.56705,-6.33842],[106.56641,-6.33748],[106.56423,-6.3383],[106.56401,-6.33962],[106.56183,-6.33856]]],[[[106.54544,-6.26601],[106.54594,-6.26526],[106.54546,-6.26619],[106.54544,-6.26601]]],[[[106.54614,-6.26489],[106.54607,-6.26505],[106.54603,-6.26507],[106.54614,-6.26489]]]]}},{"type":"Feature","properties":{"KODE_KEC":"31.72.02","KECAMATAN":"Tanjung Priok","KAB_KOTA":"Kota Administrasi Jakarta Utara","dist_ind":6345.09,"camp_dens":0.0444,"toll_pct":0.000822,"sma_grad":4596,"area_km2":22.5006,"Pred_Reko":2},"geometry":{"type":"MultiPolygon","coordinates":[[[[106.89243,-6.13578],[106.88868,-6.15043],[106.88141,-6.16252],[106.87693,-6.16349],[106.86036,-6.15378],[106.8612,-6.15129],[106.86049,-6.15],[106.85598,-6.15059],[106.85249,-6.13941],[106.85226,-6.13652],[106.84996,-6.13407],[106.84945,-6.13119],[106.84773,-6.12851],[106.84766,-6.12715],[106.85326,-6.12571],[106.86508,-6.12022],[106.86566,-6.11963],[106.86498,-6.11414],[106.86825,-6.11191],[106.87173,-6.11049],[106.87096,-6.11424],[106.87022,-6.11474],[106.87055,-6.11534],[106.87167,-6.11517],[106.87151,-6.11558],[106.8728,-6.1145],[106.87467,-6.10359],[106.87673,-6.1018],[106.87751,-6.1019],[106.87741,-6.10524],[106.87596,-6.11053],[106.87649,-6.11044],[106.87738,-6.10676],[106.87797,-6.1075],[106.87745,-6.11044],[106.87857,-6.10993],[106.87879,-6.10234],[106.88022,-6.10243],[106.87876,-6.10147],[106.87953,-6.09431],[106.87962,-6.09856],[106.88014,-6.09673],[106.88108,-6.09671],[106.88114,-6.09535],[106.88202,-6.09603],[106.88214,-6.09479],[106.88269,-6.09481],[106.88228,-6.10638],[106.88378,-6.10643],[106.8842,-6.09603],[106.88645,-6.09611],[106.88701,-6.09741],[106.88669,-6.10655],[106.88796,-6.10657],[106.8883,-6.09721],[106.89101,-6.09731],[106.89071,-6.10678],[106.89146,-6.10674],[106.89153,-6.10748],[106.89322,-6.10754],[106.89372,-6.1294],[106.89236,-6.13365],[106.89243,-6.13578]]],[[[106.87731,-6.09469],[106.87832,-6.09503],[106.87814,-6.09906],[106.87702,-6.10032],[106.87707,-6.09939],[106.87653,-6.09939],[106.87604,-6.10042],[106.87731,-6.09469]]]]}},{"type":"Feature","properties":{"KODE_KEC":"31.72.03","KECAMATAN":"Koja","KAB_KOTA":"Kota Administrasi Jakarta Utara","dist_ind":3725.08,"camp_dens":0.0,"toll_pct":0.000663,"sma_grad":3597,"area_km2":11.6622,"Pred_Reko":2},"geometry":{"type":"Polygon","coordinates":[[[106.91839,-6.12932],[106.91855,-6.13123],[106.91954,-6.13227],[106.91712,-6.13741],[106.91445,-6.13738],[106.91221,-6.14131],[106.90842,-6.14299],[106.90627,-6.14364],[106.90459,-6.14157],[106.90436,-6.13973],[106.90016,-6.13872],[106.8992,-6.14172],[106.892,-6.13776],[106.89236,-6.13365],[106.89372,-6.1294],[106.89322,-6.10754],[106.89153,-6.10748],[106.89166,-6.1066],[106.89237,-6.10685],[106.89273,-6.09736],[106.90515,-6.09786],[106.90522,-6.10702],[106.90681,-6.10872],[106.91062,-6.10897],[106.91744,-6.10827],[106.91694,-6.11864],[106.91885,-6.11867],[106.91887,-6.11963],[106.92068,-6.11905],[106.92099,-6.12211],[106.92167,-6.1224],[106.92252,-6.12451],[106.92314,-6.12395],[106.92361,-6.12467],[106.92136,-6.12659],[106.91972,-6.12658],[106.91839,-6.12932]]]}},{"type":"Feature","properties":{"KODE_KEC":"31.72.01","KECAMATAN":"Penjaringan","KAB_KOTA":"Kota Administrasi Jakarta Utara","dist_ind":18774.56,"camp_dens":0.0248,"toll_pct":0.001273,"sma_grad":2083,"area_km2":40.2781,"Pred_Reko":2},"geometry":{"type":"MultiPolygon","coordinates":[[[[106.80052,-6.1346],[106.80056,-6.14186],[106.79216,-6.14278],[106.78939,-6.14243],[106.78806,-6.14311],[106.77753,-6.14401],[106.77503,-6.14523],[106.77566,-6.14164],[106.7682,-6.14065],[106.75069,-6.1343],[106.74453,-6.12979],[106.7387,-6.1269],[106.73359,-6.12313],[106.72722,-6.11729],[106.71739,-6.10479],[106.71444,-6.09898],[106.71291,-6.09732],[106.71051,-6.09641],[106.71249,-6.09569],[106.71441,-6.09579],[106.71387,-6.09464],[106.71655,-6.09191],[106.71861,-6.09163],[106.71924,-6.09269],[106.721,-6.09144],[106.72229,-6.09196],[106.72563,-6.08908],[106.72685,-6.09027],[106.72612,-6.09222],[106.72725,-6.09217],[106.72725,-6.09356],[106.73141,-6.09764],[106.73341,-6.09582],[106.73641,-6.09864],[106.73613,-6.09933],[106.73661,-6.09978],[106.73742,-6.10027],[106.73815,-6.09942],[106.74063,-6.10095],[106.74098,-6.10198],[106.74151,-6.10207],[106.74186,-6.10123],[106.74467,-6.10191],[106.74583,-6.10057],[106.74643,-6.10132],[106.74681,-6.09987],[106.74851,-6.10026],[106.75015,-6.09941],[106.75059,-6.10121],[106.75228,-6.10094],[106.75607,-6.10369],[106.7602,-6.1041],[106.76431,-6.10245],[106.76515,-6.09985],[106.76434,-6.10007],[106.76499,-6.09964],[106.76461,-6.09943],[106.76331,-6.10051],[106.76455,-6.099],[106.77115,-6.10384],[106.77215,-6.10228],[106.77139,-6.1042],[106.77224,-6.10459],[106.77437,-6.10524],[106.77492,-6.10384],[106.77659,-6.10371],[106.77546,-6.10699],[106.77467,-6.10768],[106.7745,-6.11008],[106.77572,-6.10823],[106.77666,-6.1083],[106.77732,-6.10656],[106.77658,-6.10604],[106.78206,-6.10843],[106.78447,-6.10855],[106.78448,-6.10958],[106.78565,-6.10956],[106.78562,-6.10808],[106.7869,-6.10805],[106.78697,-6.10906],[106.78724,-6.10811],[106.79041,-6.10803],[106.79043,-6.10685],[106.79415,-6.10489],[106.79448,-6.09812],[106.79679,-6.09709],[106.7965,-6.09509],[106.79558,-6.095],[106.79573,-6.09408],[106.79521,-6.09454],[106.79557,-6.09408],[106.79603,-6.09396],[106.79712,-6.09523],[106.79668,-6.10392],[106.79579,-6.1054],[106.79605,-6.10811],[106.79617,-6.10886],[106.79764,-6.1089],[106.79773,-6.10819],[106.7996,-6.10736],[106.79988,-6.10568],[106.80034,-6.10567],[106.79869,-6.09679],[106.80029,-6.09662],[106.80088,-6.10003],[106.80198,-6.09984],[106.80242,-6.10223],[106.80445,-6.10189],[106.80306,-6.09461],[106.80353,-6.09452],[106.80705,-6.11528],[106.80787,-6.11609],[106.80949,-6.1279],[106.81048,-6.13084],[106.8018,-6.13318],[106.80052,-6.1346]]],[[[106.79333,-6.10032],[106.79317,-6.10391],[106.79136,-6.10377],[106.79136,-6.10034],[106.79333,-6.10032]]],[[[106.79491,-6.09343],[106.7936,-6.09652],[106.79133,-6.09581],[106.79099,-6.10428],[106.79341,-6.10457],[106.79271,-6.10533],[106.79194,-6.10479],[106.79176,-6.10575],[106.79086,-6.10482],[106.79127,-6.10623],[106.79038,-6.10665],[106.78996,-6.10051],[106.79094,-6.09406],[106.7919,-6.09308],[106.794,-6.09292],[106.79491,-6.09343]]],[[[106.79158,-6.09693],[106.79357,-6.09721],[106.7932,-6.09975],[106.79124,-6.09961],[106.79158,-6.09693]]],[[[106.7347,-6.08251],[106.7384,-6.08624],[106.74023,-6.08764],[106.74063,-6.08736],[106.73795,-6.09401],[106.73659,-6.09534],[106.73548,-6.09502],[106.72875,-6.08807],[106.72962,-6.08559],[106.73407,-6.0818],[106.73454,-6.08169],[106.7347,-6.08251]]],[[[106.7577,-6.07708],[106.75115,-6.09756],[106.74259,-6.09936],[106.73825,-6.09739],[106.73789,-6.09588],[106.74129,-6.08854],[106.74788,-6.08112],[106.75141,-6.07432],[106.75297,-6.07429],[106.7577,-6.07708]]]]}},{"type":"Feature","properties":{"KODE_KEC":"31.72.06","KECAMATAN":"Kelapa Gading","KAB_KOTA":"Kota Administrasi Jakarta Utara","dist_ind":3687.88,"camp_dens":0.0629,"toll_pct":0.000898,"sma_grad":5088,"area_km2":15.9105,"Pred_Reko":2},"geometry":{"type":"Polygon","coordinates":[[[106.91204,-6.1827],[106.90131,-6.17855],[106.89638,-6.178],[106.891,-6.17313],[106.88135,-6.16726],[106.8789,-6.16642],[106.88868,-6.15043],[106.89198,-6.13775],[106.8992,-6.14172],[106.90016,-6.13872],[106.90436,-6.13973],[106.90459,-6.14157],[106.90627,-6.14364],[106.91221,-6.14131],[106.91445,-6.13738],[106.91691,-6.13766],[106.9155,-6.14492],[106.91742,-6.14815],[106.91756,-6.15168],[106.92152,-6.15881],[106.92203,-6.16088],[106.92038,-6.16997],[106.92193,-6.17803],[106.92164,-6.1805],[106.9225,-6.18312],[106.91204,-6.1827]]]}},{"type":"Feature","properties":{"KODE_KEC":"31.72.04","KECAMATAN":"Cilincing","KAB_KOTA":"Kota Administrasi Jakarta Utara","dist_ind":2333.31,"camp_dens":0.0,"toll_pct":0.000338,"sma_grad":2993,"area_km2":43.575,"Pred_Reko":2},"geometry":{"type":"MultiPolygon","coordinates":[[[[106.94016,-6.15135],[106.93577,-6.15853],[106.93353,-6.15799],[106.93313,-6.15911],[106.92205,-6.16161],[106.92152,-6.15881],[106.91756,-6.15168],[106.9173,-6.1478],[106.91549,-6.14479],[106.9172,-6.13655],[106.91954,-6.13227],[106.91849,-6.13096],[106.91863,-6.12835],[106.91972,-6.12658],[106.92136,-6.12659],[106.92361,-6.12467],[106.92314,-6.12395],[106.92252,-6.12451],[106.92167,-6.1224],[106.92099,-6.12211],[106.92068,-6.11905],[106.91887,-6.11963],[106.91885,-6.11867],[106.91694,-6.11864],[106.91744,-6.10827],[106.91062,-6.10897],[106.90681,-6.10872],[106.9073,-6.10432],[106.91046,-6.10385],[106.91039,-6.10167],[106.90795,-6.10171],[106.90797,-6.09996],[106.91127,-6.09852],[106.91409,-6.09865],[106.91404,-6.10006],[106.91498,-6.09891],[106.91886,-6.0991],[106.91902,-6.10405],[106.91974,-6.10434],[106.92133,-6.10369],[106.91976,-6.10282],[106.92069,-6.10028],[106.92415,-6.09965],[106.92558,-6.09854],[106.92608,-6.09955],[106.92672,-6.0975],[106.93456,-6.09614],[106.93926,-6.09605],[106.93953,-6.09774],[106.94107,-6.09831],[106.94873,-6.09657],[106.95239,-6.0966],[106.94846,-6.09643],[106.94648,-6.09661],[106.94636,-6.09474],[106.94727,-6.09477],[106.94637,-6.09386],[106.9475,-6.09311],[106.94709,-6.09251],[106.94798,-6.09047],[106.94862,-6.09551],[106.95073,-6.09547],[106.95033,-6.09002],[106.95468,-6.0896],[106.95511,-6.09501],[106.95641,-6.09494],[106.95648,-6.09585],[106.95694,-6.09584],[106.95663,-6.0973],[106.95754,-6.0975],[106.95871,-6.09621],[106.95891,-6.09366],[106.96164,-6.09265],[106.96358,-6.09264],[106.96306,-6.09276],[106.96554,-6.09383],[106.96731,-6.09295],[106.96787,-6.09144],[106.96658,-6.09192],[106.96634,-6.09192],[106.96789,-6.09127],[106.96773,-6.09044],[106.96794,-6.08875],[106.96806,-6.09117],[106.97004,-6.09072],[106.97099,-6.09626],[106.97008,-6.09876],[106.97044,-6.11149],[106.96987,-6.11433],[106.97086,-6.12016],[106.97037,-6.12306],[106.97109,-6.12475],[106.97006,-6.12922],[106.97032,-6.13217],[106.96959,-6.13271],[106.97063,-6.13716],[106.97074,-6.14007],[106.97026,-6.1402],[106.97258,-6.14618],[106.97178,-6.14588],[106.97097,-6.14654],[106.9713,-6.14885],[106.97069,-6.15051],[106.9719,-6.15004],[106.97216,-6.15066],[106.97132,-6.15273],[106.97151,-6.15433],[106.96855,-6.15452],[106.96348,-6.15629],[106.96098,-6.15573],[106.961,-6.15833],[106.95862,-6.15888],[106.9586,-6.15951],[106.957,-6.15838],[106.95427,-6.15766],[106.95324,-6.15832],[106.95269,-6.16006],[106.9522,-6.15989],[106.95087,-6.1622],[106.94879,-6.1623],[106.94867,-6.16314],[106.94438,-6.16294],[106.94433,-6.15502],[106.94038,-6.15522],[106.94016,-6.15135]]],[[[106.92327,-6.08989],[106.92296,-6.08931],[106.91944,-6.08954],[106.91856,-6.09023],[106.89983,-6.09024],[106.89906,-6.08988],[106.89903,-6.08231],[106.92337,-6.08217],[106.92339,-6.08878],[106.92388,-6.08951],[106.92327,-6.08989]]]]}},{"type":"Feature","properties":{"KODE_KEC":"31.72.05","KECAMATAN":"Pademangan","KAB_KOTA":"Kota Administrasi Jakarta Utara","dist_ind":10405.94,"camp_dens":0.0755,"toll_pct":0.000883,"sma_grad":2094,"area_km2":13.2405,"Pred_Reko":2},"geometry":{"type":"Polygon","coordinates":[[[106.86017,-6.14986],[106.8612,-6.1512],[106.86029,-6.15381],[106.85652,-6.15181],[106.84523,-6.15345],[106.84127,-6.15074],[106.84347,-6.14725],[106.84312,-6.14657],[106.84408,-6.14496],[106.83842,-6.14176],[106.83715,-6.14605],[106.83544,-6.14283],[106.83101,-6.14008],[106.8307,-6.13514],[106.81678,-6.13712],[106.81505,-6.13024],[106.81048,-6.13084],[106.80949,-6.1279],[106.80787,-6.11609],[106.80904,-6.11694],[106.8096,-6.12023],[106.8114,-6.12049],[106.81183,-6.12267],[106.81253,-6.12255],[106.81203,-6.11928],[106.81311,-6.12066],[106.81383,-6.12075],[106.81456,-6.11945],[106.81647,-6.1199],[106.81721,-6.11487],[106.82327,-6.11576],[106.82349,-6.11644],[106.82362,-6.1158],[106.82567,-6.11603],[106.82565,-6.11735],[106.8282,-6.11745],[106.82898,-6.12138],[106.82945,-6.12135],[106.82907,-6.11848],[106.82936,-6.12014],[106.8306,-6.12107],[106.83408,-6.12079],[106.83498,-6.12173],[106.83859,-6.12147],[106.83883,-6.12089],[106.84265,-6.12105],[106.84309,-6.12172],[106.84255,-6.12252],[106.83928,-6.12252],[106.84014,-6.12375],[106.84265,-6.1237],[106.84322,-6.12358],[106.84385,-6.12108],[106.8465,-6.12014],[106.84632,-6.11933],[106.84733,-6.12051],[106.84875,-6.12013],[106.84873,-6.11925],[106.84945,-6.11962],[106.85387,-6.1184],[106.85825,-6.11549],[106.85859,-6.11422],[106.85728,-6.11374],[106.85318,-6.11665],[106.84954,-6.11745],[106.84883,-6.11709],[106.85257,-6.11631],[106.85524,-6.11481],[106.85415,-6.11252],[106.85584,-6.11046],[106.85741,-6.11012],[106.8586,-6.11083],[106.86084,-6.11016],[106.86137,-6.11464],[106.86315,-6.11409],[106.86353,-6.1153],[106.86392,-6.11157],[106.87293,-6.10435],[106.87205,-6.1085],[106.86492,-6.11233],[106.86462,-6.11355],[106.86518,-6.11369],[106.86566,-6.11963],[106.86508,-6.12022],[106.85326,-6.12571],[106.84766,-6.12715],[106.84791,-6.12897],[106.84947,-6.13125],[106.84992,-6.13399],[106.85226,-6.13652],[106.85249,-6.13941],[106.85598,-6.15059],[106.86017,-6.14986]]]}},{"type":"Feature","properties":{"KODE_KEC":"32.01.09","KECAMATAN":"Sukamakmur","KAB_KOTA":"Bogor","dist_ind":18131.86,"camp_dens":0.0,"toll_pct":0.0,"sma_grad":761,"area_km2":182.0776,"Pred_Reko":0},"geometry":{"type":"Polygon","coordinates":[[[107.06563,-6.63538],[107.07518,-6.63627],[107.07752,-6.63943],[107.08157,-6.63894],[107.08391,-6.63999],[107.08356,-6.64321],[107.08628,-6.64459],[107.08635,-6.64762],[107.08712,-6.64983],[107.09165,-6.64972],[107.09089,-6.65225],[107.09207,-6.65336],[107.09273,-6.6556],[107.09325,-6.66125],[107.09507,-6.66297],[107.09868,-6.66398],[107.09508,-6.66434],[107.09368,-6.66619],[107.08866,-6.66745],[107.08637,-6.66724],[107.0849,-6.66493],[107.07891,-6.66494],[107.07716,-6.66442],[107.07617,-6.66304],[107.07322,-6.66253],[107.07148,-6.66473],[107.06852,-6.66522],[107.06592,-6.66202],[107.06281,-6.66167],[107.06213,-6.66035],[107.05948,-6.66057],[107.05838,-6.65951],[107.0552,-6.65922],[107.05207,-6.65768],[107.05149,-6.65661],[107.04846,-6.657],[107.04684,-6.65824],[107.04592,-6.6567],[107.04279,-6.65669],[107.04041,-6.65981],[107.03848,-6.66086],[107.03532,-6.66054],[107.03314,-6.66293],[107.02833,-6.66239],[107.02675,-6.66321],[107.02544,-6.66242],[107.02495,-6.66342],[107.0241,-6.66304],[107.02114,-6.66407],[107.02034,-6.66574],[107.0193,-6.66573],[107.01589,-6.66797],[107.01294,-6.66646],[107.01183,-6.66485],[107.00941,-6.66473],[107.00688,-6.66712],[107.00523,-6.66721],[107.00179,-6.66613],[106.9984,-6.66749],[106.99648,-6.66671],[106.99391,-6.66811],[106.99248,-6.66777],[106.99095,-6.66838],[106.98645,-6.65629],[106.98289,-6.64931],[106.97763,-6.64571],[106.9755,-6.64159],[106.97486,-6.63901],[106.97557,-6.63492],[106.97506,-6.63059],[106.97697,-6.62595],[106.97609,-6.62309],[106.97581,-6.61776],[106.97476,-6.61512],[106.97249,-6.61354],[106.97135,-6.61083],[106.96904,-6.60971],[106.96655,-6.60982],[106.96458,-6.60692],[106.95952,-6.60297],[106.95886,-6.60011],[106.95736,-6.59859],[106.95727,-6.59724],[106.95413,-6.59457],[106.955,-6.5927],[106.95412,-6.59082],[106.95444,-6.58887],[106.95365,-6.58791],[106.95417,-6.58645],[106.95377,-6.58526],[106.95111,-6.58482],[106.95069,-6.58258],[106.95004,-6.58212],[106.94642,-6.58291],[106.94549,-6.58221],[106.94383,-6.58271],[106.94319,-6.58227],[106.94248,-6.58323],[106.9423,-6.5822],[106.93945,-6.58009],[106.94007,-6.57848],[106.9389,-6.57779],[106.9399,-6.57372],[106.93889,-6.57269],[106.93888,-6.56708],[106.94016,-6.56649],[106.94092,-6.56014],[106.93948,-6.56017],[106.9378,-6.55855],[106.93818,-6.55584],[106.93601,-6.55533],[106.93718,-6.55401],[106.93703,-6.55333],[106.93595,-6.55216],[106.93391,-6.55196],[106.93317,-6.54901],[106.93421,-6.54803],[106.93469,-6.5463],[106.93391,-6.54532],[106.93351,-6.54276],[106.9314,-6.54036],[106.93344,-6.53761],[106.93399,-6.53524],[106.93586,-6.53505],[106.93519,-6.53404],[106.9352,-6.53164],[106.93609,-6.53258],[106.93581,-6.53398],[106.9364,-6.5344],[106.9411,-6.53313],[106.94091,-6.53172],[106.9414,-6.53122],[106.94248,-6.53289],[106.9439,-6.53207],[106.94594,-6.53262],[106.94697,-6.53197],[106.94698,-6.53275],[106.94791,-6.53266],[106.94866,-6.53371],[106.94778,-6.53571],[106.94924,-6.5351],[106.95005,-6.53584],[106.95108,-6.5341],[106.95271,-6.53492],[106.95588,-6.53363],[106.95773,-6.53419],[106.95956,-6.53103],[106.96005,-6.53254],[106.96111,-6.53301],[106.9604,-6.53464],[106.96244,-6.53475],[106.96238,-6.53613],[106.96322,-6.53661],[106.96459,-6.53451],[106.96621,-6.53507],[106.96723,-6.53376],[106.97257,-6.53387],[106.97702,-6.53307],[106.97803,-6.5314],[106.98055,-6.53043],[106.98131,-6.52859],[106.98418,-6.52954],[106.98705,-6.52935],[106.98867,-6.52743],[106.98995,-6.52716],[106.99067,-6.52526],[106.99301,-6.5242],[106.99408,-6.52255],[106.99507,-6.52233],[106.99429,-6.5282],[106.99198,-6.53488],[106.98727,-6.53674],[106.98706,-6.53958],[106.98543,-6.54408],[106.98606,-6.54727],[106.98571,-6.54946],[106.98618,-6.55078],[106.98705,-6.55094],[106.98065,-6.55265],[106.97676,-6.55278],[106.97314,-6.55663],[106.97029,-6.55716],[106.97493,-6.55859],[106.9771,-6.55794],[106.97926,-6.55826],[106.98627,-6.55609],[106.99106,-6.5533],[107.00558,-6.55324],[107.0069,-6.55197],[107.0071,-6.55555],[107.00588,-6.55829],[107.006,-6.55966],[107.00895,-6.56625],[107.0119,-6.57068],[107.01219,-6.57237],[107.01762,-6.5756],[107.01819,-6.57915],[107.0207,-6.5817],[107.02334,-6.58124],[107.02999,-6.58313],[107.03722,-6.58321],[107.03789,-6.58296],[107.03988,-6.5783],[107.04081,-6.57268],[107.0433,-6.57009],[107.043,-6.56884],[107.03899,-6.5663],[107.03551,-6.56669],[107.03421,-6.56419],[107.031,-6.56132],[107.02891,-6.56068],[107.02824,-6.56152],[107.02715,-6.56141],[107.02474,-6.55727],[107.02706,-6.55464],[107.02612,-6.55304],[107.02636,-6.5517],[107.02718,-6.55217],[107.0299,-6.54794],[107.03197,-6.54789],[107.03036,-6.54617],[107.03285,-6.54558],[107.03328,-6.54478],[107.03452,-6.54054],[107.03528,-6.53317],[107.038,-6.52843],[107.04034,-6.52661],[107.04156,-6.5243],[107.04544,-6.52527],[107.05105,-6.52224],[107.0523,-6.52041],[107.05549,-6.51857],[107.05734,-6.51471],[107.06104,-6.51136],[107.06426,-6.50713],[107.06987,-6.50817],[107.07026,-6.51102],[107.06929,-6.51809],[107.06795,-6.52128],[107.07049,-6.52432],[107.07444,-6.52329],[107.07806,-6.52129],[107.07968,-6.5217],[107.0806,-6.51978],[107.0818,-6.51992],[107.0815,-6.52065],[107.08353,-6.52151],[107.08786,-6.51938],[107.08897,-6.52186],[107.08891,-6.52401],[107.08956,-6.52454],[107.09149,-6.52395],[107.09343,-6.52422],[107.09445,-6.52842],[107.09589,-6.53037],[107.09176,-6.53181],[107.09095,-6.53273],[107.08964,-6.53266],[107.0887,-6.53391],[107.08734,-6.53322],[107.0871,-6.53563],[107.08552,-6.53533],[107.0879,-6.53991],[107.08778,-6.54161],[107.08588,-6.54366],[107.08333,-6.55128],[107.08157,-6.55341],[107.08132,-6.55588],[107.07869,-6.55827],[107.07916,-6.56509],[107.07777,-6.57185],[107.0765,-6.57394],[107.07515,-6.57415],[107.07379,-6.57651],[107.07321,-6.57857],[107.07103,-6.58199],[107.07034,-6.58588],[107.06797,-6.58784],[107.06705,-6.59065],[107.06488,-6.5925],[107.06132,-6.59843],[107.06349,-6.60013],[107.07365,-6.59938],[107.07441,-6.59641],[107.07574,-6.59526],[107.07856,-6.59609],[107.08038,-6.59754],[107.08262,-6.59718],[107.08184,-6.60906],[107.08053,-6.61454],[107.08301,-6.61501],[107.08151,-6.61681],[107.07464,-6.62196],[107.06909,-6.62398],[107.0682,-6.62664],[107.06621,-6.62929],[107.06512,-6.63332],[107.06563,-6.63538]]]}},{"type":"Feature","properties":{"KODE_KEC":"32.01.14","KECAMATAN":"Leuwiliang","KAB_KOTA":"Bogor","dist_ind":30313.48,"camp_dens":0.0,"toll_pct":0.0,"sma_grad":3750,"area_km2":92.2684,"Pred_Reko":1},"geometry":{"type":"Polygon","coordinates":[[[106.63277,-6.64243],[106.63158,-6.64783],[106.63031,-6.64949],[106.63158,-6.64963],[106.63313,-6.65139],[106.63254,-6.65322],[106.63324,-6.65528],[106.63055,-6.65527],[106.62582,-6.65761],[106.62586,-6.65845],[106.62399,-6.66101],[106.6237,-6.6647],[106.6226,-6.6672],[106.62363,-6.66918],[106.62293,-6.6731],[106.62198,-6.67373],[106.62187,-6.67272],[106.62079,-6.67282],[106.62099,-6.67356],[106.6203,-6.67417],[106.62105,-6.67458],[106.62112,-6.67568],[106.62015,-6.67604],[106.6206,-6.67802],[106.61975,-6.67947],[106.62026,-6.68012],[106.61932,-6.68073],[106.62068,-6.68212],[106.61866,-6.68461],[106.61933,-6.68455],[106.61964,-6.68535],[106.61799,-6.68639],[106.61828,-6.68868],[106.61738,-6.69021],[106.61835,-6.69082],[106.61766,-6.69342],[106.61845,-6.69498],[106.61826,-6.69655],[106.61956,-6.69854],[106.61806,-6.69916],[106.61838,-6.6997],[106.61625,-6.69999],[106.61656,-6.70131],[106.61386,-6.7013],[106.61314,-6.70301],[106.61356,-6.70395],[106.61061,-6.7046],[106.60967,-6.70652],[106.61073,-6.7085],[106.61245,-6.70946],[106.61347,-6.71155],[106.61244,-6.71262],[106.61091,-6.71236],[106.60868,-6.71445],[106.60742,-6.71798],[106.60757,-6.71916],[106.60643,-6.71975],[106.60678,-6.72126],[106.60951,-6.72225],[106.61002,-6.72302],[106.60896,-6.72269],[106.60925,-6.72391],[106.60742,-6.72511],[106.6077,-6.72601],[106.60676,-6.72657],[106.60631,-6.72842],[106.60531,-6.72835],[106.60511,-6.73236],[106.60234,-6.73569],[106.59848,-6.73749],[106.59534,-6.73808],[106.59424,-6.73933],[106.59105,-6.74084],[106.58932,-6.74089],[106.58844,-6.74337],[106.58671,-6.74157],[106.58474,-6.73724],[106.58491,-6.73284],[106.58366,-6.72869],[106.58361,-6.72508],[106.58275,-6.72186],[106.58017,-6.71859],[106.57724,-6.71748],[106.57555,-6.71754],[106.57363,-6.71018],[106.57321,-6.70573],[106.57389,-6.70027],[106.57904,-6.69959],[106.5803,-6.69708],[106.58066,-6.69209],[106.58285,-6.68761],[106.582,-6.68355],[106.58212,-6.679],[106.58519,-6.67624],[106.58595,-6.67356],[106.58602,-6.66454],[106.58472,-6.66155],[106.58723,-6.65824],[106.58929,-6.65359],[106.58715,-6.65092],[106.58589,-6.64679],[106.58191,-6.64297],[106.58071,-6.6409],[106.57636,-6.62745],[106.57489,-6.62592],[106.57076,-6.62463],[106.56919,-6.62299],[106.56754,-6.61926],[106.56501,-6.61656],[106.56789,-6.61275],[106.56971,-6.61227],[106.57745,-6.61127],[106.58997,-6.61385],[106.60178,-6.61075],[106.60359,-6.60693],[106.60527,-6.60598],[106.60874,-6.59893],[106.61067,-6.59692],[106.60875,-6.5873],[106.61042,-6.5809],[106.60954,-6.57919],[106.60979,-6.57661],[106.61133,-6.57309],[106.61142,-6.56923],[106.61269,-6.56865],[106.61261,-6.5675],[106.61458,-6.56584],[106.61558,-6.56607],[106.61736,-6.56464],[106.61601,-6.56282],[106.61731,-6.56212],[106.61745,-6.56052],[106.61702,-6.55909],[106.61626,-6.55934],[106.61583,-6.55857],[106.61514,-6.55384],[106.61574,-6.55191],[106.61749,-6.55031],[106.61746,-6.54872],[106.62029,-6.54858],[106.6231,-6.54601],[106.62688,-6.55034],[106.6279,-6.55039],[106.62887,-6.5498],[106.62887,-6.54858],[106.62754,-6.54762],[106.6271,-6.54556],[106.62854,-6.54527],[106.63017,-6.54652],[106.63146,-6.54439],[106.63337,-6.54589],[106.6353,-6.54517],[106.63641,-6.54319],[106.63586,-6.54105],[106.63853,-6.54074],[106.63965,-6.53951],[106.6395,-6.53843],[106.63725,-6.5387],[106.63748,-6.53746],[106.63967,-6.53775],[106.64262,-6.53936],[106.64632,-6.5387],[106.64764,-6.54086],[106.64937,-6.53856],[106.64978,-6.5389],[106.64926,-6.54226],[106.65008,-6.54205],[106.65039,-6.54054],[106.65113,-6.54025],[106.65259,-6.54039],[106.65449,-6.54164],[106.65364,-6.54235],[106.65133,-6.54204],[106.6528,-6.54453],[106.65006,-6.54579],[106.65012,-6.54725],[106.65127,-6.5476],[106.65144,-6.54831],[106.64916,-6.54861],[106.64829,-6.55038],[106.64619,-6.54988],[106.64545,-6.55235],[106.64314,-6.55215],[106.6406,-6.55529],[106.63759,-6.55487],[106.63804,-6.5594],[106.63673,-6.56067],[106.63589,-6.56018],[106.636,-6.55827],[106.63505,-6.55543],[106.63353,-6.55468],[106.63297,-6.55579],[106.63285,-6.56018],[106.63364,-6.56203],[106.63715,-6.5653],[106.63911,-6.56376],[106.63975,-6.5645],[106.6395,-6.56705],[106.63628,-6.56748],[106.63712,-6.56922],[106.64033,-6.57226],[106.63869,-6.5748],[106.63872,-6.57594],[106.63953,-6.57677],[106.63906,-6.57834],[106.63948,-6.57946],[106.63811,-6.58176],[106.63804,-6.58368],[106.64316,-6.58335],[106.64372,-6.58584],[106.64198,-6.58777],[106.64464,-6.58737],[106.64437,-6.59037],[106.64697,-6.59435],[106.6453,-6.59559],[106.64665,-6.59794],[106.64575,-6.59875],[106.64331,-6.59815],[106.64438,-6.60111],[106.64266,-6.60141],[106.6429,-6.60663],[106.64493,-6.61109],[106.64455,-6.61264],[106.64499,-6.61339],[106.64347,-6.61625],[106.64465,-6.61713],[106.64375,-6.62125],[106.64413,-6.62539],[106.64257,-6.62612],[106.64299,-6.62734],[106.6421,-6.6282],[106.64267,-6.62984],[106.64217,-6.63268],[106.64097,-6.63312],[106.64014,-6.63549],[106.63778,-6.63756],[106.636,-6.63753],[106.63534,-6.63829],[106.6343,-6.63746],[106.63345,-6.63767],[106.63361,-6.63934],[106.63208,-6.64084],[106.63277,-6.64243]]]}},{"type":"Feature","properties":{"KODE_KEC":"32.01.15","KECAMATAN":"Ciampea","KAB_KOTA":"Bogor","dist_ind":18458.86,"camp_dens":0.0,"toll_pct":0.0,"sma_grad":2876,"area_km2":33.9772,"Pred_Reko":1},"geometry":{"type":"Polygon","coordinates":[[[106.68944,-6.60385],[106.68838,-6.60736],[106.68779,-6.60769],[106.68814,-6.60918],[106.68697,-6.61065],[106.68829,-6.61588],[106.68714,-6.61888],[106.68415,-6.62103],[106.68362,-6.62369],[106.68478,-6.62978],[106.68309,-6.62846],[106.68178,-6.6263],[106.67994,-6.62165],[106.68011,-6.61913],[106.67903,-6.61906],[106.67898,-6.61727],[106.67759,-6.61714],[106.67724,-6.61558],[106.67673,-6.61553],[106.67669,-6.61324],[106.67776,-6.61306],[106.67741,-6.60863],[106.67784,-6.60783],[106.67944,-6.60858],[106.67903,-6.60351],[106.67998,-6.60023],[106.67669,-6.59854],[106.67642,-6.59706],[106.67731,-6.59203],[106.67651,-6.59203],[106.67559,-6.59051],[106.67456,-6.59007],[106.67486,-6.58891],[106.67415,-6.58699],[106.6733,-6.58705],[106.67427,-6.58264],[106.67276,-6.58152],[106.67264,-6.58024],[106.67385,-6.57903],[106.67348,-6.57772],[106.67434,-6.57625],[106.67636,-6.57731],[106.67812,-6.58199],[106.67906,-6.58123],[106.67872,-6.57782],[106.67703,-6.57502],[106.68051,-6.57474],[106.68092,-6.57279],[106.67994,-6.56976],[106.68319,-6.56614],[106.68026,-6.56562],[106.68038,-6.56457],[106.68279,-6.56442],[106.68492,-6.56183],[106.68222,-6.56212],[106.68193,-6.56111],[106.68384,-6.56004],[106.68392,-6.55855],[106.68279,-6.55686],[106.67977,-6.55445],[106.67977,-6.55364],[106.68113,-6.55211],[106.68114,-6.54726],[106.68342,-6.54104],[106.68464,-6.54028],[106.68463,-6.53955],[106.6852,-6.53969],[106.68507,-6.53857],[106.68578,-6.53857],[106.68494,-6.53651],[106.68655,-6.5359],[106.68621,-6.53513],[106.68699,-6.53394],[106.68884,-6.53522],[106.69038,-6.53421],[106.6908,-6.53268],[106.68999,-6.53094],[106.69097,-6.53028],[106.6912,-6.52858],[106.69276,-6.52808],[106.69355,-6.52958],[106.69271,-6.53076],[106.69472,-6.53133],[106.69603,-6.53334],[106.696,-6.53498],[106.69683,-6.53669],[106.69903,-6.53634],[106.69938,-6.53808],[106.70616,-6.53906],[106.70619,-6.54106],[106.70808,-6.5411],[106.70967,-6.54286],[106.71245,-6.54222],[106.71209,-6.54473],[106.71432,-6.54455],[106.71488,-6.54603],[106.71433,-6.54732],[106.71524,-6.54781],[106.71453,-6.54813],[106.71487,-6.54944],[106.7133,-6.54993],[106.71304,-6.55186],[106.71416,-6.55251],[106.71638,-6.55706],[106.71913,-6.55818],[106.72268,-6.56195],[106.72287,-6.564],[106.7238,-6.56463],[106.72391,-6.56579],[106.72606,-6.56622],[106.72682,-6.56493],[106.73085,-6.56444],[106.7304,-6.56538],[106.72825,-6.56548],[106.72943,-6.56675],[106.72853,-6.56743],[106.72883,-6.56848],[106.72758,-6.56835],[106.72764,-6.57034],[106.72918,-6.56929],[106.72876,-6.57246],[106.72741,-6.57169],[106.72759,-6.57372],[106.72631,-6.5745],[106.72508,-6.57798],[106.72297,-6.57836],[106.72256,-6.579],[106.72212,-6.58038],[106.72344,-6.58104],[106.72366,-6.58285],[106.72192,-6.58219],[106.72178,-6.58422],[106.72104,-6.58524],[106.72125,-6.58756],[106.72223,-6.58922],[106.7197,-6.59056],[106.72003,-6.59337],[106.72089,-6.59453],[106.72005,-6.59558],[106.71952,-6.5944],[106.71826,-6.59429],[106.71739,-6.59905],[106.71549,-6.60361],[106.71353,-6.60213],[106.71081,-6.60168],[106.71055,-6.59888],[106.71176,-6.59803],[106.71137,-6.59554],[106.71308,-6.5941],[106.71296,-6.59026],[106.70845,-6.58985],[106.70194,-6.59701],[106.70001,-6.6024],[106.70054,-6.60386],[106.6979,-6.60387],[106.69666,-6.61013],[106.69525,-6.60993],[106.69537,-6.60888],[106.69464,-6.60836],[106.6963,-6.6062],[106.69474,-6.60568],[106.69455,-6.6046],[106.6936,-6.60477],[106.69357,-6.6055],[106.69251,-6.60619],[106.69164,-6.60581],[106.69086,-6.60735],[106.69024,-6.60655],[106.69143,-6.60294],[106.69095,-6.60275],[106.69066,-6.6038],[106.68944,-6.60385]]]}},{"type":"Feature","properties":{"KODE_KEC":"32.01.12","KECAMATAN":"Kemang","KAB_KOTA":"Bogor","dist_ind":13427.07,"camp_dens":0.0301,"toll_pct":7e-06,"sma_grad":1850,"area_km2":33.1833,"Pred_Reko":1},"geometry":{"type":"Polygon","coordinates":[[[106.76332,-6.53335],[106.76148,-6.53415],[106.76313,-6.53608],[106.76419,-6.54225],[106.76515,-6.54365],[106.76442,-6.54549],[106.76289,-6.54675],[106.76253,-6.54968],[106.7607,-6.54998],[106.75867,-6.54822],[106.75581,-6.54758],[106.75415,-6.5486],[106.75328,-6.55081],[106.75204,-6.55106],[106.75061,-6.54998],[106.74967,-6.54715],[106.74797,-6.54782],[106.74823,-6.54611],[106.74709,-6.54512],[106.74687,-6.54369],[106.74413,-6.5438],[106.74074,-6.54258],[106.74053,-6.54188],[106.74211,-6.53912],[106.74236,-6.53747],[106.74639,-6.53796],[106.74711,-6.53292],[106.74811,-6.53285],[106.74825,-6.53188],[106.74734,-6.53148],[106.74774,-6.52802],[106.7466,-6.52617],[106.7468,-6.52479],[106.74624,-6.52457],[106.74695,-6.52348],[106.74799,-6.52323],[106.74793,-6.5221],[106.74715,-6.52228],[106.74728,-6.52058],[106.74534,-6.51987],[106.74578,-6.51894],[106.74538,-6.51825],[106.74318,-6.51858],[106.7379,-6.5178],[106.73645,-6.51607],[106.73535,-6.51581],[106.73105,-6.51215],[106.72695,-6.51378],[106.72608,-6.51508],[106.72529,-6.51441],[106.72258,-6.5149],[106.72176,-6.51452],[106.72043,-6.51638],[106.72007,-6.51576],[106.71683,-6.51564],[106.71489,-6.5149],[106.71414,-6.51268],[106.71516,-6.51098],[106.71355,-6.50856],[106.71352,-6.49977],[106.71215,-6.49957],[106.71199,-6.50031],[106.71101,-6.50044],[106.71116,-6.49865],[106.70928,-6.49804],[106.70936,-6.49707],[106.70848,-6.49649],[106.70725,-6.49658],[106.70757,-6.49523],[106.7071,-6.49519],[106.70763,-6.49461],[106.70667,-6.4943],[106.70696,-6.49366],[106.70472,-6.49374],[106.70453,-6.49308],[106.70335,-6.49289],[106.70334,-6.49158],[106.7026,-6.49103],[106.70139,-6.49105],[106.70116,-6.49239],[106.70038,-6.49154],[106.69942,-6.49225],[106.69887,-6.49059],[106.69829,-6.49133],[106.69857,-6.49081],[106.69771,-6.49022],[106.69848,-6.48761],[106.69773,-6.48672],[106.69789,-6.48558],[106.69574,-6.48484],[106.69426,-6.48323],[106.69493,-6.48157],[106.69608,-6.481],[106.69508,-6.48028],[106.69595,-6.4785],[106.69452,-6.47802],[106.69413,-6.4753],[106.69476,-6.46912],[106.69626,-6.46901],[106.69721,-6.4678],[106.69969,-6.46849],[106.70043,-6.47012],[106.70191,-6.47092],[106.70651,-6.47306],[106.71099,-6.47389],[106.71844,-6.47738],[106.71913,-6.47709],[106.71841,-6.47549],[106.71728,-6.47443],[106.71624,-6.47445],[106.71489,-6.47178],[106.71386,-6.47179],[106.71421,-6.46858],[106.7177,-6.47013],[106.72043,-6.4691],[106.72284,-6.4659],[106.72532,-6.46595],[106.72536,-6.4647],[106.72647,-6.4634],[106.72796,-6.46306],[106.73152,-6.4637],[106.73166,-6.46592],[106.73046,-6.46606],[106.73156,-6.4672],[106.73085,-6.47024],[106.73222,-6.47321],[106.73073,-6.47301],[106.73011,-6.47479],[106.7311,-6.47448],[106.73388,-6.47574],[106.735,-6.47914],[106.73709,-6.47889],[106.73742,-6.48018],[106.73936,-6.48112],[106.73816,-6.48171],[106.73895,-6.48431],[106.74053,-6.48453],[106.74107,-6.48522],[106.74058,-6.48932],[106.74258,-6.48816],[106.74543,-6.48988],[106.74514,-6.49135],[106.74712,-6.49135],[106.74736,-6.49224],[106.74882,-6.49249],[106.74923,-6.49141],[106.75,-6.49128],[106.75167,-6.4933],[106.75317,-6.49378],[106.75293,-6.4929],[106.75367,-6.49275],[106.75568,-6.49475],[106.75728,-6.49362],[106.75701,-6.49227],[106.75893,-6.49202],[106.7591,-6.49412],[106.75841,-6.49436],[106.75829,-6.49538],[106.75952,-6.49839],[106.75821,-6.49982],[106.76052,-6.50499],[106.76098,-6.5076],[106.76246,-6.50783],[106.76391,-6.50648],[106.76464,-6.50766],[106.76455,-6.50952],[106.76378,-6.50891],[106.76319,-6.50922],[106.76394,-6.51045],[106.76763,-6.51089],[106.7681,-6.51145],[106.76774,-6.5127],[106.76875,-6.51268],[106.77203,-6.51521],[106.76509,-6.51549],[106.76569,-6.51618],[106.76497,-6.51689],[106.76636,-6.51813],[106.76638,-6.5194],[106.76467,-6.52107],[106.76432,-6.52318],[106.76511,-6.52388],[106.76433,-6.52515],[106.7661,-6.52733],[106.76462,-6.52899],[106.76503,-6.53025],[106.76434,-6.53098],[106.76455,-6.53226],[106.7637,-6.53233],[106.76332,-6.53335]]]}},{"type":"Feature","properties":{"KODE_KEC":"32.01.13","KECAMATAN":"Bojong Gede","KAB_KOTA":"Bogor","dist_ind":8185.63,"camp_dens":0.0,"toll_pct":0.0,"sma_grad":2637,"area_km2":27.477,"Pred_Reko":1},"geometry":{"type":"Polygon","coordinates":[[[106.79722,-6.50365],[106.79882,-6.50586],[106.79763,-6.50727],[106.80057,-6.50972],[106.80057,-6.51156],[106.7977,-6.51307],[106.79579,-6.51332],[106.79345,-6.51147],[106.7925,-6.51145],[106.7918,-6.51196],[106.79149,-6.51388],[106.78776,-6.5139],[106.78657,-6.51485],[106.78361,-6.51507],[106.78093,-6.51433],[106.77849,-6.51517],[106.77599,-6.51497],[106.77586,-6.51544],[106.77203,-6.51521],[106.76875,-6.51268],[106.76774,-6.5127],[106.7681,-6.51145],[106.76763,-6.51089],[106.76394,-6.51045],[106.76319,-6.50922],[106.76378,-6.50891],[106.76455,-6.50952],[106.76464,-6.50766],[106.76391,-6.50648],[106.76246,-6.50783],[106.76098,-6.5076],[106.76095,-6.50693],[106.7618,-6.50705],[106.76337,-6.50578],[106.76787,-6.50605],[106.76928,-6.50513],[106.76948,-6.50392],[106.7674,-6.50007],[106.76722,-6.49794],[106.7695,-6.49614],[106.76868,-6.49469],[106.77307,-6.49439],[106.77416,-6.49399],[106.77494,-6.49264],[106.78014,-6.49346],[106.78472,-6.49304],[106.78514,-6.49171],[106.7864,-6.49175],[106.78682,-6.48907],[106.78739,-6.48901],[106.78863,-6.48484],[106.78761,-6.4785],[106.78644,-6.47539],[106.78568,-6.47527],[106.78617,-6.47354],[106.78331,-6.46547],[106.78466,-6.46396],[106.78428,-6.46286],[106.78553,-6.46231],[106.78427,-6.45977],[106.7824,-6.45858],[106.78419,-6.45423],[106.78155,-6.4542],[106.78061,-6.45243],[106.77535,-6.4524],[106.77569,-6.45078],[106.77476,-6.45018],[106.7751,-6.44919],[106.77445,-6.44792],[106.77353,-6.44844],[106.7698,-6.44712],[106.77026,-6.44466],[106.76902,-6.4448],[106.76827,-6.44295],[106.76708,-6.44277],[106.76668,-6.44058],[106.76581,-6.44056],[106.7656,-6.4393],[106.78481,-6.43956],[106.7875,-6.43903],[106.78862,-6.43948],[106.78848,-6.44079],[106.79156,-6.44079],[106.79213,-6.44184],[106.79515,-6.44165],[106.79572,-6.44738],[106.79432,-6.45114],[106.79694,-6.45075],[106.80181,-6.45122],[106.80146,-6.44887],[106.8024,-6.44876],[106.81203,-6.44891],[106.81479,-6.44816],[106.81594,-6.44993],[106.8159,-6.45121],[106.81414,-6.45269],[106.81386,-6.45401],[106.81418,-6.4559],[106.81609,-6.45761],[106.81625,-6.4592],[106.81357,-6.46038],[106.81592,-6.46156],[106.81433,-6.46323],[106.81453,-6.46414],[106.81726,-6.46382],[106.81798,-6.46519],[106.81681,-6.46616],[106.81439,-6.46565],[106.81508,-6.4699],[106.81646,-6.47235],[106.81547,-6.47403],[106.81586,-6.47761],[106.81392,-6.4789],[106.81481,-6.48355],[106.81266,-6.48409],[106.81487,-6.48597],[106.81405,-6.48742],[106.81531,-6.48954],[106.81285,-6.48914],[106.80976,-6.48954],[106.80894,-6.48856],[106.80949,-6.48725],[106.80858,-6.48716],[106.80821,-6.48901],[106.80713,-6.48992],[106.80812,-6.49078],[106.8074,-6.49245],[106.80775,-6.49612],[106.80617,-6.49601],[106.8053,-6.49725],[106.80335,-6.49629],[106.80277,-6.49771],[106.80357,-6.4993],[106.7984,-6.50074],[106.79861,-6.50217],[106.80052,-6.50293],[106.80054,-6.5038],[106.79913,-6.50456],[106.79793,-6.50328],[106.79722,-6.50365]]]}},{"type":"Feature","properties":{"KODE_KEC":"32.01.18","KECAMATAN":"Rumpin","KAB_KOTA":"Bogor","dist_ind":14772.97,"camp_dens":0.0,"toll_pct":0.0,"sma_grad":1901,"area_km2":139.0909,"Pred_Reko":1},"geometry":{"type":"Polygon","coordinates":[[[106.64673,-6.53888],[106.64262,-6.53936],[106.63967,-6.53775],[106.63748,-6.53746],[106.63725,-6.5387],[106.6395,-6.53843],[106.63965,-6.53951],[106.63853,-6.54074],[106.63586,-6.54105],[106.63641,-6.54319],[106.6353,-6.54517],[106.63337,-6.54589],[106.63146,-6.54439],[106.63017,-6.54652],[106.62854,-6.54527],[106.6271,-6.54556],[106.62754,-6.54762],[106.62883,-6.54842],[106.62857,-6.55011],[106.62688,-6.55034],[106.62448,-6.54699],[106.62282,-6.54598],[106.62029,-6.54858],[106.6176,-6.54852],[106.61749,-6.55031],[106.61574,-6.55191],[106.61514,-6.55384],[106.61278,-6.55325],[106.61145,-6.5522],[106.60989,-6.55217],[106.60833,-6.55077],[106.60336,-6.54939],[106.60181,-6.54474],[106.59835,-6.54228],[106.59808,-6.54009],[106.59508,-6.5376],[106.59816,-6.53468],[106.60073,-6.52961],[106.60079,-6.52379],[106.59902,-6.51898],[106.59942,-6.51465],[106.60167,-6.51042],[106.60335,-6.50479],[106.6053,-6.50193],[106.60547,-6.49883],[106.60484,-6.49719],[106.60538,-6.4919],[106.60658,-6.49019],[106.60966,-6.48888],[106.61027,-6.48616],[106.60939,-6.48541],[106.61004,-6.4826],[106.60927,-6.48117],[106.60995,-6.48022],[106.61214,-6.47935],[106.61244,-6.47846],[106.61018,-6.47524],[106.61192,-6.47412],[106.614,-6.47384],[106.61008,-6.46861],[106.60749,-6.46841],[106.6043,-6.46677],[106.60305,-6.46525],[106.60324,-6.46393],[106.59938,-6.45964],[106.60017,-6.45851],[106.60285,-6.45846],[106.60278,-6.45749],[106.60364,-6.45681],[106.60278,-6.45653],[106.60323,-6.45549],[106.60256,-6.45545],[106.60281,-6.45421],[106.60252,-6.45464],[106.60099,-6.45431],[106.59941,-6.45182],[106.59958,-6.45041],[106.59831,-6.44889],[106.59711,-6.44868],[106.59727,-6.44636],[106.60006,-6.4436],[106.59982,-6.44032],[106.60066,-6.43941],[106.60202,-6.43922],[106.60202,-6.43807],[106.60306,-6.43703],[106.59938,-6.43289],[106.59764,-6.43399],[106.59709,-6.43296],[106.59636,-6.43314],[106.59597,-6.43141],[106.59539,-6.43124],[106.59501,-6.43205],[106.59481,-6.43117],[106.59561,-6.43071],[106.59482,-6.42989],[106.5952,-6.42841],[106.5937,-6.42809],[106.5927,-6.42626],[106.59269,-6.42459],[106.59366,-6.4245],[106.59333,-6.42356],[106.59402,-6.4238],[106.5943,-6.42205],[106.59585,-6.42325],[106.59834,-6.42335],[106.59881,-6.42436],[106.59981,-6.42378],[106.59909,-6.4213],[106.59816,-6.4208],[106.59885,-6.41954],[106.59633,-6.41818],[106.59607,-6.416],[106.59481,-6.41646],[106.59254,-6.41503],[106.59375,-6.4112],[106.59382,-6.40726],[106.59174,-6.40675],[106.59257,-6.40661],[106.59313,-6.40494],[106.59741,-6.40352],[106.5974,-6.4024],[106.59618,-6.40225],[106.59794,-6.40175],[106.59865,-6.4009],[106.59759,-6.40079],[106.59693,-6.39994],[106.59582,-6.40056],[106.5938,-6.39695],[106.59174,-6.39673],[106.5902,-6.39527],[106.5911,-6.39434],[106.59092,-6.3934],[106.5902,-6.39315],[106.58978,-6.39396],[106.58908,-6.39248],[106.58989,-6.39137],[106.58888,-6.3889],[106.58969,-6.38738],[106.59158,-6.38614],[106.59149,-6.38464],[106.59051,-6.38445],[106.59046,-6.3838],[106.59343,-6.38399],[106.59261,-6.38253],[106.59153,-6.38248],[106.59135,-6.38125],[106.59246,-6.38069],[106.59231,-6.38192],[106.59333,-6.38227],[106.59414,-6.3814],[106.59425,-6.3777],[106.59273,-6.37795],[106.59301,-6.37675],[106.59136,-6.37562],[106.59232,-6.37529],[106.59238,-6.37411],[106.59391,-6.37449],[106.59399,-6.37202],[106.5957,-6.37079],[106.59475,-6.37012],[106.59306,-6.37027],[106.594,-6.36805],[106.59201,-6.36794],[106.59112,-6.36659],[106.59213,-6.36399],[106.59165,-6.36293],[106.59257,-6.36211],[106.59181,-6.36075],[106.59292,-6.35907],[106.59369,-6.36044],[106.59386,-6.36273],[106.59776,-6.36257],[106.59753,-6.36084],[106.59672,-6.35993],[106.59724,-6.35891],[106.59809,-6.35871],[106.60163,-6.36068],[106.60154,-6.36116],[106.60397,-6.36188],[106.65152,-6.36221],[106.65148,-6.36348],[106.65349,-6.3655],[106.65478,-6.36934],[106.65627,-6.37156],[106.65613,-6.37353],[106.65477,-6.37581],[106.65487,-6.37741],[106.65267,-6.37854],[106.64858,-6.38293],[106.64522,-6.38506],[106.6418,-6.39004],[106.64197,-6.39159],[106.64482,-6.39776],[106.64752,-6.40111],[106.64852,-6.40407],[106.64817,-6.40625],[106.6456,-6.40856],[106.64545,-6.40948],[106.64627,-6.41028],[106.64954,-6.41026],[106.6506,-6.4113],[106.65062,-6.41333],[106.64919,-6.41587],[106.64875,-6.41836],[106.64984,-6.42021],[106.65255,-6.42122],[106.65349,-6.42237],[106.65296,-6.42605],[106.64997,-6.43132],[106.64972,-6.43322],[106.65162,-6.4365],[106.65069,-6.43913],[106.65267,-6.4406],[106.65676,-6.44149],[106.65753,-6.44273],[106.65702,-6.44789],[106.65754,-6.45105],[106.65636,-6.45393],[106.65705,-6.45624],[106.65411,-6.45814],[106.65144,-6.46176],[106.65403,-6.46449],[106.65364,-6.46715],[106.65426,-6.46854],[106.65831,-6.46921],[106.66052,-6.46757],[106.66243,-6.46737],[106.66149,-6.47167],[106.6625,-6.47231],[106.66772,-6.46938],[106.66787,-6.47455],[106.67288,-6.47631],[106.67277,-6.47915],[106.67367,-6.4824],[106.67314,-6.48725],[106.67462,-6.48874],[106.67774,-6.49024],[106.67828,-6.49157],[106.67458,-6.49502],[106.6739,-6.49729],[106.67159,-6.50046],[106.6717,-6.50222],[106.67275,-6.50384],[106.67452,-6.50495],[106.68063,-6.50737],[106.67816,-6.51418],[106.67851,-6.51555],[106.67982,-6.51566],[106.68309,-6.51332],[106.68479,-6.51294],[106.68973,-6.5173],[106.6916,-6.52078],[106.68897,-6.52676],[106.68727,-6.52595],[106.68617,-6.52643],[106.68617,-6.52708],[106.68801,-6.52874],[106.6848,-6.52887],[106.68507,-6.53043],[106.68439,-6.53166],[106.68035,-6.53229],[106.67911,-6.53082],[106.67742,-6.53221],[106.67301,-6.53325],[106.67112,-6.5347],[106.66965,-6.53462],[106.66791,-6.53654],[106.66461,-6.53542],[106.66022,-6.53714],[106.659,-6.53658],[106.65717,-6.5369],[106.65634,-6.53789],[106.65743,-6.53927],[106.65587,-6.53986],[106.65449,-6.54164],[106.65259,-6.54039],[106.65113,-6.54025],[106.65039,-6.54054],[106.65008,-6.54205],[106.64926,-6.54226],[106.6497,-6.5387],[106.64879,-6.53884],[106.64764,-6.54086],[106.64673,-6.53888]]]}},{"type":"Feature","properties":{"KODE_KEC":"32.01.19","KECAMATAN":"Jasinga","KAB_KOTA":"Bogor","dist_ind":19114.79,"camp_dens":0.0,"toll_pct":0.0,"sma_grad":2161,"area_km2":137.5125,"Pred_Reko":1},"geometry":{"type":"Polygon","coordinates":[[[106.4719,-6.55746],[106.45946,-6.5569],[106.4472,-6.55463],[106.43853,-6.54848],[106.43792,-6.55149],[106.43568,-6.55037],[106.4347,-6.551],[106.43027,-6.54852],[106.42995,-6.54783],[106.43079,-6.54777],[106.4308,-6.5472],[106.42956,-6.54628],[106.42937,-6.5453],[106.42733,-6.54431],[106.42638,-6.5452],[106.4265,-6.54591],[106.42757,-6.54546],[106.42685,-6.54673],[106.42458,-6.54509],[106.42295,-6.54641],[106.41998,-6.5462],[106.42,-6.548],[106.41602,-6.54177],[106.41484,-6.53596],[106.4126,-6.53367],[106.41131,-6.53016],[106.40783,-6.52722],[106.40784,-6.52391],[106.40505,-6.52188],[106.40557,-6.5203],[106.40361,-6.51536],[106.40481,-6.51343],[106.40491,-6.50101],[106.40617,-6.49813],[106.40646,-6.49527],[106.40597,-6.48151],[106.41079,-6.47631],[106.4117,-6.47323],[106.41185,-6.46805],[106.40989,-6.46504],[106.40904,-6.46219],[106.40749,-6.46029],[106.4047,-6.45906],[106.40496,-6.45676],[106.40349,-6.45719],[106.40356,-6.45632],[106.40212,-6.45599],[106.40308,-6.45567],[106.4028,-6.45518],[106.40126,-6.4556],[106.40194,-6.45441],[106.40127,-6.45293],[106.40691,-6.45395],[106.42254,-6.44955],[106.43198,-6.44847],[106.43539,-6.44836],[106.43794,-6.44943],[106.44053,-6.44951],[106.44034,-6.44739],[106.44221,-6.44606],[106.44239,-6.4452],[106.4404,-6.44423],[106.43862,-6.44556],[106.4379,-6.44434],[106.441,-6.44133],[106.44361,-6.44106],[106.44385,-6.43835],[106.44637,-6.43695],[106.44633,-6.43543],[106.44864,-6.43545],[106.45024,-6.43414],[106.45026,-6.43276],[106.4484,-6.43143],[106.44799,-6.43036],[106.44855,-6.42982],[106.4514,-6.42978],[106.45289,-6.42848],[106.45041,-6.4279],[106.45001,-6.42686],[106.45167,-6.42617],[106.45361,-6.42747],[106.45467,-6.42692],[106.45346,-6.42513],[106.45076,-6.42391],[106.44964,-6.42132],[106.44627,-6.42318],[106.44456,-6.42233],[106.4447,-6.42106],[106.44602,-6.41943],[106.44924,-6.41861],[106.45323,-6.41907],[106.45407,-6.41842],[106.45385,-6.41383],[106.45233,-6.41326],[106.45076,-6.41359],[106.44998,-6.413],[106.45158,-6.40942],[106.45124,-6.40737],[106.45064,-6.40695],[106.45193,-6.40572],[106.45171,-6.40447],[106.4522,-6.40402],[106.45056,-6.40326],[106.44858,-6.40341],[106.44391,-6.39526],[106.44599,-6.39448],[106.44688,-6.39176],[106.44898,-6.39078],[106.44902,-6.38762],[106.45147,-6.38307],[106.45303,-6.38136],[106.45789,-6.37831],[106.47188,-6.38201],[106.4713,-6.38014],[106.4779,-6.38315],[106.48043,-6.38518],[106.47396,-6.38547],[106.47483,-6.39137],[106.47541,-6.40915],[106.47698,-6.41064],[106.48109,-6.41165],[106.48376,-6.417],[106.48628,-6.41762],[106.49253,-6.42379],[106.4943,-6.42305],[106.5,-6.41777],[106.50191,-6.41862],[106.50354,-6.41829],[106.50819,-6.42004],[106.5096,-6.42175],[106.51119,-6.4204],[106.51237,-6.42273],[106.51497,-6.42392],[106.51279,-6.42739],[106.5129,-6.43208],[106.50894,-6.44286],[106.5018,-6.44479],[106.5,-6.44393],[106.48119,-6.44996],[106.47975,-6.44978],[106.47922,-6.45078],[106.47758,-6.45036],[106.47734,-6.45134],[106.47805,-6.45256],[106.47936,-6.453],[106.47907,-6.45476],[106.47665,-6.45671],[106.47383,-6.45715],[106.47266,-6.45993],[106.48176,-6.46809],[106.48527,-6.47277],[106.4912,-6.4783],[106.50061,-6.49106],[106.50068,-6.49491],[106.5027,-6.49856],[106.50283,-6.5],[106.50204,-6.50135],[106.50223,-6.50336],[106.50057,-6.5048],[106.5001,-6.50667],[106.50113,-6.5077],[106.50082,-6.5096],[106.49999,-6.5097],[106.49892,-6.51123],[106.49785,-6.5171],[106.4967,-6.51692],[106.49609,-6.51805],[106.4949,-6.51804],[106.49406,-6.51677],[106.49364,-6.51736],[106.49298,-6.5171],[106.49323,-6.51797],[106.49242,-6.51861],[106.49174,-6.51767],[106.49076,-6.51836],[106.49097,-6.52356],[106.49009,-6.52463],[106.49036,-6.52649],[106.4883,-6.53067],[106.48891,-6.53535],[106.48779,-6.53816],[106.48616,-6.53948],[106.48572,-6.54469],[106.47581,-6.55548],[106.4719,-6.55746]]]}},{"type":"Feature","properties":{"KODE_KEC":"32.01.16","KECAMATAN":"Cibungbulang","KAB_KOTA":"Bogor","dist_ind":22408.33,"camp_dens":0.0,"toll_pct":0.0,"sma_grad":1381,"area_km2":37.6978,"Pred_Reko":0},"geometry":{"type":"Polygon","coordinates":[[[106.66236,-6.61148],[106.66134,-6.62083],[106.66011,-6.62516],[106.66102,-6.62602],[106.66123,-6.62795],[106.65848,-6.62832],[106.65754,-6.626],[106.65403,-6.6259],[106.65418,-6.62819],[106.65278,-6.62808],[106.65183,-6.62941],[106.64925,-6.63057],[106.64772,-6.62833],[106.64621,-6.62945],[106.64238,-6.63069],[106.6421,-6.6282],[106.64299,-6.62734],[106.64257,-6.62612],[106.64413,-6.62539],[106.64375,-6.62125],[106.64465,-6.61713],[106.64347,-6.61625],[106.64499,-6.61339],[106.64455,-6.61264],[106.64493,-6.61109],[106.6429,-6.60663],[106.64266,-6.60141],[106.64438,-6.60111],[106.64331,-6.59815],[106.64575,-6.59875],[106.64665,-6.59794],[106.6453,-6.59559],[106.64697,-6.59435],[106.64437,-6.59037],[106.64464,-6.58737],[106.64198,-6.58777],[106.64372,-6.58584],[106.64316,-6.58335],[106.63804,-6.58368],[106.63811,-6.58176],[106.63948,-6.57946],[106.63906,-6.57834],[106.63953,-6.57677],[106.63872,-6.57594],[106.63869,-6.5748],[106.64033,-6.57226],[106.63712,-6.56922],[106.63628,-6.56748],[106.6395,-6.56705],[106.63975,-6.5645],[106.63911,-6.56376],[106.63715,-6.5653],[106.63364,-6.56203],[106.63284,-6.56009],[106.63303,-6.55548],[106.63353,-6.55468],[106.63493,-6.55528],[106.636,-6.55827],[106.63589,-6.56018],[106.63735,-6.56041],[106.63804,-6.5594],[106.63759,-6.55487],[106.6406,-6.55529],[106.64314,-6.55215],[106.64545,-6.55235],[106.64619,-6.54988],[106.64813,-6.55043],[106.64933,-6.5485],[106.65133,-6.54842],[106.65143,-6.54776],[106.65012,-6.54725],[106.65006,-6.54579],[106.6528,-6.54453],[106.65133,-6.54204],[106.65364,-6.54235],[106.65587,-6.53986],[106.65721,-6.53961],[106.65743,-6.53877],[106.65641,-6.53807],[106.65657,-6.53725],[106.659,-6.53658],[106.66022,-6.53714],[106.66461,-6.53542],[106.66791,-6.53654],[106.66965,-6.53462],[106.67112,-6.5347],[106.67301,-6.53325],[106.67742,-6.53221],[106.67911,-6.53082],[106.68035,-6.53229],[106.68439,-6.53166],[106.68507,-6.53043],[106.6848,-6.52887],[106.68801,-6.52874],[106.68617,-6.52708],[106.68617,-6.52643],[106.68727,-6.52595],[106.68897,-6.52676],[106.69113,-6.52274],[106.6917,-6.52496],[106.69383,-6.52636],[106.69276,-6.52808],[106.69113,-6.52867],[106.69097,-6.53028],[106.68999,-6.53094],[106.6908,-6.53268],[106.69041,-6.53418],[106.68884,-6.53522],[106.68699,-6.53394],[106.68621,-6.53513],[106.68655,-6.5359],[106.68494,-6.53651],[106.68578,-6.53857],[106.68507,-6.53857],[106.6852,-6.53969],[106.68463,-6.53955],[106.68464,-6.54028],[106.68342,-6.54104],[106.68206,-6.54402],[106.68114,-6.54726],[106.68142,-6.54901],[106.68082,-6.54992],[106.68107,-6.55239],[106.67977,-6.55364],[106.67992,-6.55466],[106.68318,-6.55726],[106.68414,-6.55928],[106.68193,-6.56111],[106.68222,-6.56212],[106.68492,-6.56183],[106.68279,-6.56442],[106.68038,-6.56457],[106.68026,-6.56562],[106.68319,-6.56614],[106.67994,-6.56976],[106.68092,-6.57279],[106.68051,-6.57474],[106.67703,-6.57502],[106.67872,-6.57782],[106.67906,-6.58123],[106.67812,-6.58199],[106.67636,-6.57731],[106.67434,-6.57625],[106.67348,-6.57772],[106.67385,-6.57903],[106.67267,-6.5799],[106.67272,-6.58146],[106.67427,-6.58264],[106.6733,-6.58705],[106.67415,-6.58699],[106.67486,-6.58891],[106.67456,-6.59007],[106.67559,-6.59051],[106.67651,-6.59203],[106.67731,-6.59203],[106.67642,-6.59706],[106.67669,-6.59854],[106.67998,-6.60023],[106.67903,-6.60351],[106.67944,-6.60858],[106.67773,-6.60785],[106.67718,-6.60928],[106.67776,-6.61306],[106.67669,-6.61324],[106.67673,-6.61553],[106.67765,-6.61665],[106.67431,-6.61848],[106.67293,-6.61756],[106.67265,-6.61604],[106.67164,-6.61561],[106.67282,-6.6145],[106.67214,-6.61129],[106.67108,-6.61113],[106.67134,-6.60998],[106.6703,-6.61037],[106.66991,-6.60917],[106.6686,-6.60856],[106.66834,-6.60766],[106.66895,-6.60686],[106.66797,-6.6063],[106.66792,-6.60529],[106.66852,-6.60133],[106.66786,-6.59945],[106.66507,-6.60143],[106.66224,-6.60096],[106.6625,-6.60178],[106.66139,-6.60319],[106.66195,-6.60385],[106.66137,-6.60551],[106.66146,-6.60685],[106.66219,-6.60761],[106.66145,-6.61024],[106.66236,-6.61148]]]}},{"type":"Feature","properties":{"KODE_KEC":"32.01.17","KECAMATAN":"Pamijahan","KAB_KOTA":"Bogor","dist_ind":29065.52,"camp_dens":0.0,"toll_pct":0.0,"sma_grad":1913,"area_km2":125.1737,"Pred_Reko":0},"geometry":{"type":"Polygon","coordinates":[[[106.65941,-6.73167],[106.657,-6.7358],[106.65601,-6.73931],[106.65769,-6.74502],[106.65605,-6.74775],[106.65409,-6.74874],[106.6423,-6.74902],[106.64019,-6.75122],[106.63923,-6.75101],[106.63607,-6.75221],[106.63493,-6.75395],[106.63258,-6.75497],[106.63091,-6.75474],[106.62998,-6.75223],[106.62589,-6.75116],[106.62296,-6.74899],[106.61462,-6.74955],[106.60232,-6.74918],[106.59654,-6.74809],[106.58844,-6.74337],[106.58932,-6.74089],[106.59105,-6.74084],[106.59424,-6.73933],[106.59534,-6.73808],[106.59848,-6.73749],[106.60234,-6.73569],[106.60511,-6.73236],[106.60531,-6.72835],[106.60631,-6.72842],[106.60676,-6.72657],[106.6077,-6.72601],[106.60742,-6.72511],[106.60925,-6.72391],[106.60896,-6.72269],[106.61002,-6.72302],[106.60951,-6.72225],[106.60678,-6.72126],[106.60643,-6.71975],[106.60757,-6.71916],[106.60742,-6.71798],[106.60868,-6.71445],[106.61091,-6.71236],[106.61244,-6.71262],[106.61347,-6.71155],[106.61245,-6.70946],[106.61073,-6.7085],[106.60967,-6.70652],[106.61061,-6.7046],[106.61356,-6.70395],[106.61314,-6.70301],[106.61386,-6.7013],[106.61656,-6.70131],[106.61625,-6.69999],[106.61838,-6.6997],[106.61806,-6.69916],[106.61956,-6.69854],[106.61826,-6.69655],[106.61845,-6.69498],[106.61766,-6.69342],[106.61835,-6.69082],[106.61738,-6.69021],[106.61828,-6.68868],[106.61799,-6.68639],[106.61964,-6.68535],[106.61933,-6.68455],[106.61866,-6.68461],[106.62068,-6.68212],[106.61932,-6.68073],[106.62026,-6.68012],[106.61975,-6.67947],[106.6206,-6.67802],[106.62015,-6.67604],[106.62112,-6.67568],[106.62105,-6.67458],[106.6203,-6.67417],[106.62099,-6.67356],[106.62079,-6.67282],[106.62187,-6.67272],[106.62198,-6.67373],[106.62293,-6.6731],[106.62363,-6.66918],[106.6226,-6.6672],[106.6237,-6.6647],[106.62399,-6.66101],[106.62586,-6.65845],[106.62582,-6.65761],[106.63055,-6.65527],[106.63324,-6.65528],[106.63254,-6.65322],[106.63313,-6.65139],[106.63158,-6.64963],[106.6303,-6.64934],[106.63168,-6.64746],[106.632,-6.64365],[106.63277,-6.64243],[106.63208,-6.64084],[106.63361,-6.63934],[106.63335,-6.63781],[106.6343,-6.63746],[106.63534,-6.63829],[106.63592,-6.63755],[106.63801,-6.63743],[106.64014,-6.63549],[106.64097,-6.63312],[106.64212,-6.63284],[106.64238,-6.63069],[106.64396,-6.62987],[106.64621,-6.62945],[106.64772,-6.62833],[106.64925,-6.63057],[106.65183,-6.62941],[106.65278,-6.62808],[106.65418,-6.62819],[106.65379,-6.62595],[106.65754,-6.626],[106.65848,-6.62832],[106.66123,-6.62795],[106.66102,-6.62602],[106.66011,-6.62516],[106.66134,-6.62083],[106.66112,-6.61929],[106.662,-6.6162],[106.66168,-6.6141],[106.66256,-6.6117],[106.66145,-6.61024],[106.66219,-6.60761],[106.66143,-6.6067],[106.66195,-6.60385],[106.66139,-6.60319],[106.6625,-6.60178],[106.6623,-6.60084],[106.66477,-6.60151],[106.66786,-6.59945],[106.66852,-6.60133],[106.66792,-6.60529],[106.66797,-6.6063],[106.66895,-6.60686],[106.66834,-6.60766],[106.6686,-6.60856],[106.66991,-6.60917],[106.6703,-6.61037],[106.67134,-6.60998],[106.67108,-6.61113],[106.67214,-6.61129],[106.67282,-6.6145],[106.67164,-6.61561],[106.67265,-6.61604],[106.67293,-6.61756],[106.67431,-6.61848],[106.67765,-6.61665],[106.67759,-6.61714],[106.67898,-6.61727],[106.67903,-6.61906],[106.68011,-6.61913],[106.67994,-6.62165],[106.68178,-6.6263],[106.68747,-6.63371],[106.68739,-6.63626],[106.68919,-6.64276],[106.68843,-6.64405],[106.68899,-6.64927],[106.69195,-6.65538],[106.69354,-6.66148],[106.69651,-6.66553],[106.69801,-6.66584],[106.69858,-6.66716],[106.698,-6.67156],[106.69629,-6.67424],[106.69545,-6.67738],[106.69399,-6.6789],[106.69462,-6.68143],[106.69573,-6.68182],[106.6962,-6.68345],[106.69825,-6.68585],[106.69967,-6.68649],[106.70252,-6.69067],[106.70394,-6.69189],[106.70523,-6.69205],[106.70888,-6.69604],[106.71254,-6.69709],[106.71451,-6.6994],[106.7174,-6.70503],[106.72069,-6.70761],[106.72575,-6.71309],[106.73083,-6.71654],[106.72524,-6.71835],[106.71635,-6.72732],[106.71192,-6.73035],[106.70272,-6.73336],[106.70273,-6.73494],[106.70175,-6.73569],[106.69939,-6.74178],[106.69381,-6.74481],[106.68786,-6.74479],[106.68297,-6.74653],[106.68128,-6.7437],[106.6758,-6.73787],[106.67421,-6.73298],[106.6732,-6.73164],[106.6712,-6.73476],[106.66752,-6.73663],[106.6602,-6.73167],[106.65941,-6.73167]]]}},{"type":"Feature","properties":{"KODE_KEC":"32.01.10","KECAMATAN":"Parung","KAB_KOTA":"Bogor","dist_ind":11656.44,"camp_dens":0.0,"toll_pct":0.0,"sma_grad":3937,"area_km2":27.7361,"Pred_Reko":2},"geometry":{"type":"Polygon","coordinates":[[[106.72536,-6.4647],[106.72532,-6.46595],[106.72284,-6.4659],[106.72043,-6.4691],[106.7177,-6.47013],[106.71218,-6.46802],[106.7113,-6.46586],[106.70689,-6.46253],[106.70669,-6.46076],[106.70545,-6.45864],[106.70539,-6.45621],[106.70349,-6.45365],[106.70373,-6.45235],[106.70216,-6.45106],[106.70137,-6.4489],[106.70154,-6.44629],[106.70238,-6.44512],[106.7007,-6.44475],[106.70164,-6.44285],[106.69792,-6.44209],[106.69759,-6.43808],[106.69518,-6.43817],[106.69527,-6.43534],[106.69395,-6.43226],[106.69282,-6.4329],[106.69111,-6.43089],[106.69081,-6.43338],[106.68779,-6.43264],[106.68717,-6.43161],[106.68775,-6.42926],[106.68743,-6.42549],[106.68668,-6.42375],[106.68371,-6.4237],[106.68403,-6.42227],[106.68293,-6.42455],[106.6816,-6.4244],[106.68086,-6.42362],[106.68141,-6.42166],[106.68011,-6.41915],[106.67923,-6.41885],[106.67798,-6.4194],[106.67714,-6.41863],[106.67696,-6.41709],[106.67553,-6.41478],[106.67301,-6.41521],[106.67213,-6.41432],[106.67115,-6.41215],[106.67104,-6.4111],[106.67161,-6.41058],[106.67115,-6.40938],[106.67395,-6.41061],[106.67897,-6.4115],[106.68187,-6.41031],[106.68262,-6.41136],[106.6863,-6.41261],[106.6906,-6.41206],[106.69181,-6.41032],[106.6931,-6.41043],[106.6943,-6.4118],[106.69571,-6.41187],[106.69587,-6.40918],[106.69737,-6.40899],[106.69764,-6.41045],[106.6987,-6.41056],[106.69995,-6.41197],[106.70405,-6.40943],[106.70649,-6.40902],[106.70703,-6.41051],[106.70881,-6.41217],[106.72645,-6.41248],[106.73083,-6.41168],[106.73058,-6.41472],[106.73217,-6.41379],[106.73373,-6.41619],[106.73724,-6.41896],[106.73712,-6.41983],[106.73557,-6.42041],[106.73614,-6.42106],[106.73536,-6.42263],[106.73681,-6.42437],[106.73563,-6.42487],[106.73519,-6.42625],[106.73282,-6.4266],[106.73349,-6.42868],[106.73285,-6.42918],[106.73417,-6.42953],[106.73631,-6.43173],[106.73579,-6.4341],[106.73662,-6.43452],[106.73747,-6.4378],[106.73841,-6.43892],[106.73751,-6.44009],[106.73745,-6.44138],[106.73926,-6.44278],[106.73804,-6.4434],[106.7369,-6.44251],[106.73578,-6.44741],[106.7331,-6.44848],[106.73474,-6.45322],[106.73579,-6.45422],[106.73525,-6.4554],[106.73641,-6.45597],[106.73598,-6.45681],[106.7364,-6.4581],[106.73433,-6.45922],[106.73473,-6.4596],[106.73418,-6.46051],[106.73542,-6.46134],[106.73394,-6.46264],[106.73381,-6.46552],[106.73166,-6.46592],[106.73152,-6.4637],[106.72808,-6.46307],[106.72647,-6.4634],[106.72536,-6.4647]]]}},{"type":"Feature","properties":{"KODE_KEC":"32.01.11","KECAMATAN":"Gunung Sindur","KAB_KOTA":"Bogor","dist_ind":5835.98,"camp_dens":0.0,"toll_pct":0.0,"sma_grad":3460,"area_km2":48.4477,"Pred_Reko":2},"geometry":{"type":"Polygon","coordinates":[[[106.71771,-6.41261],[106.70875,-6.41216],[106.70703,-6.41051],[106.70649,-6.40902],[106.70405,-6.40943],[106.69995,-6.41197],[106.6987,-6.41056],[106.69764,-6.41045],[106.69755,-6.40909],[106.69587,-6.40918],[106.69571,-6.41187],[106.6943,-6.4118],[106.6931,-6.41043],[106.69181,-6.41032],[106.6906,-6.41206],[106.68756,-6.41263],[106.68501,-6.41249],[106.68411,-6.41158],[106.68262,-6.41136],[106.68187,-6.41031],[106.67897,-6.4115],[106.67395,-6.41061],[106.67171,-6.40929],[106.67115,-6.40938],[106.67161,-6.41058],[106.67104,-6.4111],[106.67115,-6.41215],[106.65799,-6.41302],[106.65541,-6.41243],[106.65073,-6.41261],[106.6506,-6.4113],[106.64954,-6.41026],[106.64571,-6.41002],[106.6456,-6.40856],[106.64817,-6.40625],[106.64852,-6.40407],[106.64752,-6.40111],[106.64482,-6.39776],[106.64197,-6.39159],[106.6418,-6.39004],[106.64522,-6.38506],[106.64858,-6.38293],[106.65267,-6.37854],[106.65508,-6.37695],[106.65477,-6.37581],[106.65613,-6.37353],[106.65627,-6.37156],[106.65478,-6.36934],[106.65349,-6.3655],[106.65148,-6.36348],[106.65136,-6.36235],[106.67502,-6.35904],[106.70269,-6.35913],[106.7069,-6.35843],[106.71881,-6.35875],[106.71863,-6.36186],[106.71943,-6.36195],[106.71961,-6.36068],[106.72045,-6.36046],[106.72134,-6.36299],[106.72023,-6.36426],[106.71795,-6.36407],[106.71707,-6.36518],[106.71729,-6.36639],[106.71844,-6.36715],[106.71697,-6.36969],[106.71789,-6.37121],[106.72271,-6.37434],[106.72093,-6.37637],[106.72376,-6.37662],[106.72167,-6.37982],[106.72332,-6.3812],[106.72185,-6.38595],[106.72278,-6.38514],[106.72333,-6.38692],[106.72438,-6.38685],[106.72598,-6.38542],[106.72802,-6.38595],[106.7278,-6.38669],[106.72687,-6.38695],[106.72668,-6.38797],[106.72829,-6.38769],[106.72859,-6.3882],[106.72871,-6.38974],[106.72702,-6.38961],[106.72694,-6.39186],[106.72854,-6.3945],[106.72728,-6.39415],[106.72619,-6.3958],[106.72647,-6.39637],[106.72769,-6.39572],[106.72941,-6.39643],[106.72863,-6.39724],[106.72864,-6.39863],[106.73091,-6.3992],[106.7297,-6.40008],[106.72966,-6.40201],[106.73127,-6.40215],[106.73117,-6.40443],[106.73207,-6.40456],[106.7319,-6.40571],[106.73279,-6.40554],[106.73248,-6.40664],[106.73133,-6.40693],[106.73201,-6.40854],[106.73074,-6.41031],[106.73083,-6.41168],[106.72645,-6.41248],[106.71771,-6.41261]]]}},{"type":"Feature","properties":{"KODE_KEC":"32.01.25","KECAMATAN":"Cisarua","KAB_KOTA":"Bogor","dist_ind":22885.85,"camp_dens":0.0,"toll_pct":0.0,"sma_grad":3802,"area_km2":71.0651,"Pred_Reko":1},"geometry":{"type":"Polygon","coordinates":[[[106.99869,-6.70264],[106.99185,-6.70546],[106.99141,-6.70868],[106.99042,-6.71064],[106.98997,-6.71589],[106.98654,-6.72034],[106.98835,-6.72786],[106.98731,-6.73212],[106.98622,-6.73398],[106.98657,-6.74019],[106.98498,-6.74467],[106.98265,-6.74675],[106.97816,-6.7471],[106.97712,-6.7485],[106.975,-6.74918],[106.97312,-6.7516],[106.96817,-6.75437],[106.9661,-6.75794],[106.96576,-6.76316],[106.96432,-6.76624],[106.96521,-6.77046],[106.96365,-6.76668],[106.96158,-6.7637],[106.95733,-6.76096],[106.9533,-6.76016],[106.95124,-6.74515],[106.94954,-6.73856],[106.94469,-6.73143],[106.94058,-6.72877],[106.93896,-6.72664],[106.93827,-6.71939],[106.93691,-6.71675],[106.93544,-6.71555],[106.93531,-6.71255],[106.93343,-6.71092],[106.93382,-6.70925],[106.93292,-6.70665],[106.93131,-6.70479],[106.93169,-6.70225],[106.92861,-6.69494],[106.92776,-6.69443],[106.92777,-6.6933],[106.92238,-6.68986],[106.91985,-6.68461],[106.9173,-6.68394],[106.91557,-6.68133],[106.91551,-6.68007],[106.91378,-6.67882],[106.91435,-6.6774],[106.91349,-6.67574],[106.91273,-6.67601],[106.91219,-6.67529],[106.91087,-6.67519],[106.91041,-6.67387],[106.90784,-6.67315],[106.90422,-6.67032],[106.90162,-6.67063],[106.89587,-6.66906],[106.896,-6.66781],[106.89712,-6.66641],[106.89677,-6.66262],[106.89486,-6.66039],[106.89521,-6.65672],[106.89649,-6.65527],[106.8981,-6.65466],[106.90088,-6.65592],[106.9037,-6.6526],[106.90621,-6.65285],[106.90698,-6.65384],[106.90781,-6.6537],[106.90948,-6.65205],[106.90907,-6.6506],[106.91126,-6.64975],[106.91156,-6.64803],[106.91262,-6.6471],[106.91379,-6.64707],[106.91528,-6.64833],[106.91604,-6.6476],[106.91694,-6.64836],[106.91913,-6.64799],[106.91946,-6.6487],[106.92106,-6.64685],[106.92441,-6.64637],[106.92439,-6.64786],[106.92558,-6.6496],[106.92904,-6.6508],[106.93391,-6.65068],[106.9362,-6.65257],[106.93601,-6.65306],[106.93232,-6.65252],[106.93172,-6.65329],[106.93254,-6.65421],[106.93358,-6.6536],[106.9344,-6.65415],[106.93359,-6.65654],[106.93434,-6.6586],[106.93591,-6.65764],[106.93989,-6.65823],[106.94234,-6.66167],[106.94419,-6.66088],[106.94368,-6.66207],[106.94421,-6.66169],[106.94561,-6.6623],[106.94854,-6.66515],[106.95415,-6.66684],[106.95524,-6.66856],[106.95551,-6.67333],[106.95711,-6.67211],[106.95672,-6.67394],[106.95783,-6.67364],[106.95653,-6.67453],[106.96133,-6.67298],[106.96505,-6.67354],[106.97507,-6.66973],[106.99236,-6.66791],[106.99214,-6.66892],[106.99358,-6.67322],[106.99362,-6.67636],[106.99994,-6.68361],[107.00177,-6.68432],[107.00399,-6.6883],[107.00328,-6.68931],[107.00176,-6.68986],[107.0011,-6.69205],[106.99984,-6.69342],[106.99994,-6.69561],[107.00088,-6.69771],[106.99869,-6.70264]]]}},{"type":"Feature","properties":{"KODE_KEC":"32.01.26","KECAMATAN":"Megamendung","KAB_KOTA":"Bogor","dist_ind":17576.94,"camp_dens":0.0158,"toll_pct":0.0,"sma_grad":1531,"area_km2":63.4439,"Pred_Reko":0},"geometry":{"type":"Polygon","coordinates":[[[106.88688,-6.6907],[106.88668,-6.68761],[106.88466,-6.68653],[106.88339,-6.68709],[106.88192,-6.68653],[106.88067,-6.68494],[106.87961,-6.68564],[106.87793,-6.68553],[106.87698,-6.68309],[106.87526,-6.68279],[106.87505,-6.682],[106.87033,-6.67784],[106.86902,-6.67763],[106.86835,-6.67661],[106.86351,-6.67372],[106.86316,-6.67234],[106.86115,-6.67042],[106.86121,-6.6689],[106.85932,-6.66862],[106.85916,-6.66722],[106.85818,-6.66616],[106.85765,-6.66279],[106.86147,-6.66535],[106.86404,-6.67008],[106.86714,-6.6734],[106.8682,-6.67337],[106.87046,-6.67547],[106.87427,-6.677],[106.87591,-6.6749],[106.86794,-6.66873],[106.86588,-6.66505],[106.86038,-6.65925],[106.86049,-6.65817],[106.85923,-6.6554],[106.86823,-6.65313],[106.86624,-6.65023],[106.86411,-6.65008],[106.86255,-6.64887],[106.85636,-6.64748],[106.85551,-6.64668],[106.85522,-6.6452],[106.85364,-6.64405],[106.85226,-6.64109],[106.84987,-6.64053],[106.84954,-6.63878],[106.85307,-6.63812],[106.85299,-6.63633],[106.85397,-6.63499],[106.85455,-6.63108],[106.85558,-6.63104],[106.86644,-6.63647],[106.86856,-6.63604],[106.87019,-6.63776],[106.87164,-6.63774],[106.8727,-6.63898],[106.87736,-6.63933],[106.88163,-6.63769],[106.88476,-6.63831],[106.8858,-6.63737],[106.88818,-6.6371],[106.89344,-6.63848],[106.89878,-6.63699],[106.90306,-6.63948],[106.91038,-6.6359],[106.91312,-6.63531],[106.91349,-6.63384],[106.91628,-6.63242],[106.92264,-6.63117],[106.92525,-6.63157],[106.92849,-6.63067],[106.93073,-6.62865],[106.93891,-6.625],[106.94505,-6.63117],[106.95006,-6.63478],[106.95539,-6.63541],[106.96031,-6.63125],[106.96451,-6.63446],[106.96921,-6.63432],[106.97274,-6.63903],[106.9755,-6.64159],[106.97763,-6.64571],[106.98289,-6.64931],[106.98645,-6.65629],[106.99095,-6.66838],[106.97507,-6.66973],[106.96505,-6.67354],[106.96133,-6.67298],[106.95653,-6.67453],[106.95783,-6.67364],[106.95672,-6.67394],[106.95711,-6.67211],[106.95551,-6.67333],[106.95524,-6.66856],[106.95415,-6.66684],[106.94854,-6.66515],[106.94561,-6.6623],[106.94421,-6.66169],[106.94368,-6.66207],[106.94419,-6.66088],[106.94234,-6.66167],[106.93989,-6.65823],[106.93591,-6.65764],[106.93434,-6.6586],[106.93359,-6.65654],[106.9344,-6.65415],[106.93358,-6.6536],[106.93254,-6.65421],[106.93172,-6.65329],[106.93232,-6.65252],[106.93601,-6.65306],[106.9362,-6.65257],[106.93391,-6.65068],[106.92904,-6.6508],[106.92558,-6.6496],[106.92439,-6.64786],[106.92441,-6.64637],[106.92106,-6.64685],[106.91946,-6.6487],[106.91913,-6.64799],[106.91694,-6.64836],[106.91604,-6.6476],[106.91528,-6.64833],[106.91379,-6.64707],[106.91262,-6.6471],[106.91156,-6.64803],[106.91126,-6.64975],[106.90907,-6.6506],[106.90945,-6.65212],[106.90753,-6.65385],[106.90621,-6.65285],[106.9037,-6.6526],[106.90071,-6.656],[106.8981,-6.65466],[106.89589,-6.65573],[106.89521,-6.65672],[106.89486,-6.66039],[106.89677,-6.66262],[106.89712,-6.66641],[106.896,-6.66781],[106.89587,-6.66906],[106.90162,-6.67063],[106.90422,-6.67032],[106.90784,-6.67315],[106.91041,-6.67387],[106.91087,-6.67519],[106.91219,-6.67529],[106.91273,-6.67601],[106.91349,-6.67574],[106.91435,-6.6774],[106.91378,-6.67882],[106.91551,-6.68007],[106.91557,-6.68133],[106.9173,-6.68394],[106.91985,-6.68461],[106.92238,-6.68986],[106.92777,-6.6933],[106.92776,-6.69443],[106.92861,-6.69494],[106.93169,-6.70225],[106.93131,-6.70479],[106.93292,-6.70665],[106.93382,-6.70925],[106.93343,-6.71092],[106.93531,-6.71255],[106.93544,-6.71555],[106.93691,-6.71675],[106.93827,-6.71939],[106.93896,-6.72664],[106.9351,-6.72298],[106.93029,-6.72293],[106.92976,-6.72123],[106.92657,-6.71963],[106.92485,-6.71791],[106.92441,-6.71656],[106.92243,-6.71601],[106.92023,-6.71442],[106.91526,-6.71631],[106.91247,-6.71441],[106.91053,-6.71469],[106.90909,-6.71288],[106.90844,-6.70989],[106.90709,-6.70824],[106.90453,-6.70259],[106.89211,-6.69623],[106.89154,-6.69441],[106.88688,-6.6907]]]}},{"type":"Feature","properties":{"KODE_KEC":"32.01.23","KECAMATAN":"Tenjo","KAB_KOTA":"Bogor","dist_ind":8036.63,"camp_dens":0.0,"toll_pct":0.0,"sma_grad":1035,"area_km2":83.025,"Pred_Reko":0},"geometry":{"type":"Polygon","coordinates":[[[106.5464,-6.41468],[106.54826,-6.41785],[106.54643,-6.42065],[106.54359,-6.422],[106.54165,-6.42383],[106.53831,-6.42503],[106.53359,-6.42867],[106.53155,-6.42947],[106.52902,-6.42906],[106.52733,-6.42966],[106.52592,-6.43089],[106.52438,-6.43446],[106.5194,-6.43741],[106.51726,-6.44032],[106.50946,-6.44227],[106.50969,-6.43989],[106.51117,-6.43784],[106.51206,-6.43344],[106.5129,-6.43208],[106.51279,-6.42739],[106.51497,-6.42392],[106.51237,-6.42273],[106.51119,-6.4204],[106.5096,-6.42175],[106.50819,-6.42004],[106.50354,-6.41829],[106.50191,-6.41862],[106.5,-6.41777],[106.4943,-6.42305],[106.49253,-6.42379],[106.48628,-6.41762],[106.48333,-6.41663],[106.48109,-6.41165],[106.47721,-6.41074],[106.4755,-6.40949],[106.47483,-6.39137],[106.47396,-6.38547],[106.48043,-6.38518],[106.4779,-6.38315],[106.4713,-6.38014],[106.47188,-6.38201],[106.46604,-6.38012],[106.45717,-6.37852],[106.45147,-6.38307],[106.44902,-6.38762],[106.44898,-6.39078],[106.44688,-6.39176],[106.44599,-6.39448],[106.44391,-6.39526],[106.44842,-6.40322],[106.45056,-6.40326],[106.4522,-6.40402],[106.45171,-6.40447],[106.45193,-6.40572],[106.45022,-6.40701],[106.44931,-6.40916],[106.44714,-6.41073],[106.4443,-6.40804],[106.44394,-6.40484],[106.44165,-6.4055],[106.4393,-6.40448],[106.43818,-6.39959],[106.44149,-6.3985],[106.44226,-6.39694],[106.44166,-6.39615],[106.43995,-6.39767],[106.43685,-6.39512],[106.43421,-6.39417],[106.43395,-6.39286],[106.43461,-6.3923],[106.43595,-6.39251],[106.43683,-6.39389],[106.43835,-6.39435],[106.43754,-6.39133],[106.43539,-6.39017],[106.43795,-6.38782],[106.43389,-6.38502],[106.43226,-6.38059],[106.43195,-6.37696],[106.4286,-6.37723],[106.4274,-6.37643],[106.42761,-6.37529],[106.43078,-6.37346],[106.4291,-6.37251],[106.42837,-6.36989],[106.42906,-6.368],[106.43194,-6.36656],[106.42983,-6.36311],[106.43111,-6.36092],[106.43096,-6.35985],[106.42964,-6.35843],[106.43075,-6.35809],[106.43076,-6.35724],[106.42806,-6.35645],[106.42806,-6.35446],[106.42678,-6.35374],[106.42831,-6.3526],[106.42924,-6.35033],[106.42542,-6.3498],[106.4267,-6.34789],[106.42769,-6.34846],[106.42782,-6.3472],[106.42977,-6.34559],[106.43103,-6.34216],[106.43738,-6.3344],[106.44061,-6.3268],[106.44264,-6.32531],[106.44252,-6.32407],[106.44585,-6.32301],[106.45058,-6.31947],[106.45376,-6.31611],[106.45566,-6.31532],[106.45618,-6.31406],[106.46006,-6.31158],[106.46424,-6.30696],[106.46585,-6.30659],[106.46582,-6.30497],[106.46674,-6.30493],[106.46789,-6.30349],[106.46912,-6.30333],[106.47001,-6.30511],[106.47183,-6.30618],[106.4719,-6.30749],[106.47611,-6.30879],[106.476,-6.31073],[106.47705,-6.31067],[106.47733,-6.31245],[106.47848,-6.31416],[106.47819,-6.31665],[106.47927,-6.31659],[106.47916,-6.31753],[106.48038,-6.31843],[106.48033,-6.32075],[106.48249,-6.32152],[106.48266,-6.32231],[106.48347,-6.32256],[106.48419,-6.32553],[106.48342,-6.32685],[106.48435,-6.32875],[106.48375,-6.331],[106.4817,-6.33207],[106.48273,-6.33255],[106.48245,-6.33404],[106.48173,-6.3344],[106.48311,-6.33568],[106.48248,-6.33582],[106.48246,-6.33724],[106.48368,-6.33966],[106.48253,-6.3426],[106.48348,-6.34285],[106.4818,-6.34427],[106.48107,-6.34368],[106.47636,-6.34413],[106.47616,-6.34507],[106.4771,-6.34656],[106.47636,-6.34785],[106.47627,-6.35075],[106.48154,-6.35033],[106.48289,-6.3494],[106.49913,-6.35238],[106.50793,-6.35328],[106.51288,-6.35335],[106.51652,-6.3516],[106.5174,-6.3523],[106.51763,-6.35361],[106.51933,-6.35487],[106.5199,-6.35406],[106.52008,-6.35387],[106.52033,-6.35372],[106.51857,-6.35624],[106.52045,-6.3583],[106.5213,-6.35734],[106.52182,-6.35757],[106.52227,-6.35902],[106.52056,-6.35967],[106.52148,-6.36131],[106.51992,-6.36299],[106.52013,-6.36368],[106.51938,-6.36389],[106.51911,-6.3658],[106.51778,-6.36663],[106.51615,-6.37052],[106.51468,-6.37127],[106.51371,-6.37387],[106.51238,-6.37477],[106.5127,-6.37608],[106.5103,-6.37818],[106.51032,-6.37901],[106.51149,-6.37923],[106.51259,-6.38192],[106.51116,-6.38216],[106.51082,-6.38281],[106.51228,-6.38396],[106.51381,-6.38417],[106.51465,-6.38742],[106.51546,-6.38783],[106.51462,-6.38901],[106.51577,-6.39045],[106.51515,-6.39127],[106.51451,-6.39115],[106.51477,-6.39209],[106.51359,-6.39381],[106.51429,-6.39459],[106.51201,-6.39479],[106.51205,-6.39664],[106.51138,-6.39752],[106.51532,-6.40088],[106.51872,-6.40127],[106.52088,-6.40316],[106.52996,-6.40514],[106.5349,-6.40821],[106.53673,-6.41062],[106.5409,-6.41339],[106.54491,-6.41398],[106.5464,-6.41468]]]}},{"type":"Feature","properties":{"KODE_KEC":"32.01.24","KECAMATAN":"Ciawi","KAB_KOTA":"Bogor","dist_ind":21623.99,"camp_dens":0.0,"toll_pct":9.9e-05,"sma_grad":2122,"area_km2":47.0706,"Pred_Reko":1},"geometry":{"type":"Polygon","coordinates":[[[106.84512,-6.68952],[106.84109,-6.68772],[106.84041,-6.68802],[106.83859,-6.68627],[106.83731,-6.68648],[106.83432,-6.68358],[106.83383,-6.6821],[106.83237,-6.68124],[106.83338,-6.68051],[106.83285,-6.68033],[106.83361,-6.67853],[106.8387,-6.67849],[106.84127,-6.6793],[106.84514,-6.6781],[106.84578,-6.67699],[106.84811,-6.67623],[106.84488,-6.66144],[106.84816,-6.65193],[106.84825,-6.64605],[106.84694,-6.64274],[106.84096,-6.63463],[106.84876,-6.6376],[106.84999,-6.64072],[106.85226,-6.64109],[106.85364,-6.64405],[106.85522,-6.6452],[106.85623,-6.6474],[106.86255,-6.64887],[106.86411,-6.65008],[106.8659,-6.65001],[106.86823,-6.65313],[106.85923,-6.6554],[106.86049,-6.65817],[106.86038,-6.65925],[106.86588,-6.66505],[106.86794,-6.66873],[106.87591,-6.6749],[106.87427,-6.677],[106.87046,-6.67547],[106.8682,-6.67337],[106.86714,-6.6734],[106.86404,-6.67008],[106.86147,-6.66535],[106.85765,-6.66279],[106.85818,-6.66616],[106.85916,-6.66722],[106.85932,-6.66862],[106.86121,-6.6689],[106.86115,-6.67042],[106.86316,-6.67234],[106.86351,-6.67372],[106.86835,-6.67661],[106.86902,-6.67763],[106.87033,-6.67784],[106.87505,-6.682],[106.87526,-6.68279],[106.87698,-6.68309],[106.87793,-6.68553],[106.87961,-6.68564],[106.88067,-6.68494],[106.88192,-6.68653],[106.88339,-6.68709],[106.88466,-6.68653],[106.88668,-6.68761],[106.88691,-6.69084],[106.89154,-6.69441],[106.89211,-6.69623],[106.89604,-6.69866],[106.90431,-6.70238],[106.90844,-6.70989],[106.90909,-6.71288],[106.91053,-6.71469],[106.91247,-6.71441],[106.91526,-6.71631],[106.92023,-6.71442],[106.92243,-6.71601],[106.92441,-6.71656],[106.92485,-6.71791],[106.92657,-6.71963],[106.92976,-6.72123],[106.93029,-6.72293],[106.9351,-6.72298],[106.94058,-6.72877],[106.94469,-6.73143],[106.94964,-6.73883],[106.95138,-6.74594],[106.9533,-6.76016],[106.947,-6.76079],[106.93792,-6.76653],[106.9329,-6.75855],[106.92853,-6.7555],[106.92618,-6.75121],[106.92252,-6.75],[106.91671,-6.74547],[106.91483,-6.74557],[106.91375,-6.74443],[106.91304,-6.74229],[106.90939,-6.74089],[106.90688,-6.73781],[106.90331,-6.73707],[106.90044,-6.73351],[106.89606,-6.73202],[106.88717,-6.72405],[106.88018,-6.72057],[106.879,-6.71833],[106.87909,-6.71648],[106.87655,-6.71406],[106.8737,-6.71312],[106.87244,-6.71186],[106.86584,-6.70948],[106.865,-6.70769],[106.86359,-6.70705],[106.86065,-6.70333],[106.8601,-6.69951],[106.86099,-6.69864],[106.85875,-6.69605],[106.85941,-6.69496],[106.85915,-6.69271],[106.85721,-6.69123],[106.85169,-6.68926],[106.84982,-6.68914],[106.8488,-6.68989],[106.84512,-6.68952]]]}},{"type":"Feature","properties":{"KODE_KEC":"32.01.29","KECAMATAN":"Ciomas","KAB_KOTA":"Bogor","dist_ind":14467.39,"camp_dens":0.0,"toll_pct":0.0,"sma_grad":2999,"area_km2":17.9609,"Pred_Reko":1},"geometry":{"type":"Polygon","coordinates":[[[106.75508,-6.61523],[106.75431,-6.61941],[106.7522,-6.61988],[106.75169,-6.62226],[106.75072,-6.62267],[106.75001,-6.62461],[106.74805,-6.62486],[106.74746,-6.62672],[106.74623,-6.6264],[106.74596,-6.6257],[106.74636,-6.61959],[106.74296,-6.61932],[106.74188,-6.62002],[106.74105,-6.62105],[106.74055,-6.62392],[106.73956,-6.62328],[106.73832,-6.62355],[106.73598,-6.62035],[106.73908,-6.61334],[106.73983,-6.60897],[106.74143,-6.60762],[106.74106,-6.60569],[106.7403,-6.60609],[106.74056,-6.60503],[106.74158,-6.60511],[106.74293,-6.60405],[106.74283,-6.59912],[106.74441,-6.59781],[106.74358,-6.59701],[106.74453,-6.59469],[106.74349,-6.59418],[106.74372,-6.59247],[106.75215,-6.5923],[106.75226,-6.58985],[106.75079,-6.58935],[106.75065,-6.58799],[106.74915,-6.58774],[106.74958,-6.58673],[106.74812,-6.58714],[106.74876,-6.58617],[106.74818,-6.58503],[106.74683,-6.58522],[106.74717,-6.58447],[106.75044,-6.58332],[106.75093,-6.58205],[106.75068,-6.57899],[106.75125,-6.5797],[106.75295,-6.57972],[106.75214,-6.57593],[106.75139,-6.57506],[106.75168,-6.57393],[106.75316,-6.57607],[106.75617,-6.57726],[106.75653,-6.57859],[106.75805,-6.57914],[106.75822,-6.58008],[106.7602,-6.58132],[106.76056,-6.58233],[106.7629,-6.58312],[106.76282,-6.58464],[106.76452,-6.58696],[106.76371,-6.58734],[106.76471,-6.58825],[106.76515,-6.59037],[106.76628,-6.59187],[106.76654,-6.5948],[106.76809,-6.59605],[106.76834,-6.59867],[106.76992,-6.59905],[106.77004,-6.60032],[106.77122,-6.60199],[106.77293,-6.60156],[106.77452,-6.60196],[106.77468,-6.6033],[106.77542,-6.6039],[106.77552,-6.60623],[106.77671,-6.60609],[106.77866,-6.60715],[106.77868,-6.6079],[106.77972,-6.60839],[106.77949,-6.61086],[106.78189,-6.61101],[106.78184,-6.61331],[106.78441,-6.6163],[106.78365,-6.61832],[106.78458,-6.61874],[106.78446,-6.62111],[106.78637,-6.62143],[106.78571,-6.62204],[106.7866,-6.62351],[106.78627,-6.62475],[106.78755,-6.62443],[106.78764,-6.62507],[106.78898,-6.62531],[106.79048,-6.62755],[106.78882,-6.6298],[106.78837,-6.63177],[106.78619,-6.63398],[106.78612,-6.63548],[106.78536,-6.63621],[106.78516,-6.63944],[106.78278,-6.63671],[106.78008,-6.63818],[106.77576,-6.63576],[106.77638,-6.63295],[106.778,-6.63221],[106.77514,-6.63087],[106.77606,-6.62342],[106.77176,-6.62371],[106.77022,-6.62681],[106.76854,-6.62731],[106.76897,-6.62839],[106.76825,-6.62848],[106.76746,-6.62992],[106.76495,-6.62727],[106.76161,-6.62807],[106.76034,-6.62763],[106.76143,-6.62423],[106.75819,-6.61826],[106.75752,-6.61526],[106.75508,-6.61523]]]}},{"type":"Feature","properties":{"KODE_KEC":"32.01.27","KECAMATAN":"Caringin","KAB_KOTA":"Bogor","dist_ind":24266.53,"camp_dens":0.0,"toll_pct":8e-05,"sma_grad":1912,"area_km2":77.9097,"Pred_Reko":0},"geometry":{"type":"Polygon","coordinates":[[[106.82162,-6.73507],[106.81657,-6.73138],[106.81645,-6.73052],[106.81485,-6.73025],[106.81504,-6.72939],[106.81624,-6.72905],[106.81638,-6.72805],[106.81509,-6.72793],[106.81326,-6.72419],[106.81713,-6.72272],[106.81539,-6.72021],[106.8136,-6.7193],[106.81365,-6.71733],[106.81508,-6.71353],[106.81725,-6.71284],[106.81925,-6.70921],[106.81847,-6.70766],[106.81875,-6.70613],[106.81582,-6.70241],[106.81747,-6.70153],[106.8167,-6.7],[106.81888,-6.69837],[106.81986,-6.69535],[106.81883,-6.69482],[106.81776,-6.69252],[106.81866,-6.6915],[106.81842,-6.69015],[106.81955,-6.68546],[106.82072,-6.6843],[106.82053,-6.6832],[106.81856,-6.6813],[106.81886,-6.67973],[106.81781,-6.67807],[106.81941,-6.67557],[106.8192,-6.67203],[106.82194,-6.67328],[106.82232,-6.67481],[106.82405,-6.67493],[106.82621,-6.67623],[106.82644,-6.67718],[106.82956,-6.67873],[106.83082,-6.67995],[106.83098,-6.68104],[106.83365,-6.68195],[106.83432,-6.68358],[106.83731,-6.68648],[106.8387,-6.68632],[106.84041,-6.68802],[106.84109,-6.68772],[106.84376,-6.68933],[106.8488,-6.68989],[106.84982,-6.68914],[106.85169,-6.68926],[106.85764,-6.69145],[106.85943,-6.69301],[106.85895,-6.6943],[106.85941,-6.69496],[106.85872,-6.69593],[106.86099,-6.69864],[106.8601,-6.69951],[106.86065,-6.70333],[106.86359,-6.70705],[106.865,-6.70769],[106.86584,-6.70948],[106.87244,-6.71186],[106.8737,-6.71312],[106.87655,-6.71406],[106.87909,-6.71648],[106.879,-6.71833],[106.88018,-6.72057],[106.88717,-6.72405],[106.89606,-6.73202],[106.90044,-6.73351],[106.90331,-6.73707],[106.90688,-6.73781],[106.90939,-6.74089],[106.91304,-6.74229],[106.91375,-6.74443],[106.91483,-6.74557],[106.91671,-6.74547],[106.92252,-6.75],[106.92618,-6.75121],[106.92853,-6.7555],[106.9329,-6.75855],[106.93792,-6.76653],[106.93539,-6.7677],[106.93372,-6.76934],[106.93179,-6.77244],[106.93101,-6.77522],[106.92703,-6.78037],[106.92617,-6.78298],[106.92434,-6.78439],[106.92148,-6.786],[106.91128,-6.78476],[106.90923,-6.78501],[106.90866,-6.78331],[106.9069,-6.78247],[106.90543,-6.7789],[106.90422,-6.77932],[106.90211,-6.77877],[106.90417,-6.77586],[106.9027,-6.774],[106.90032,-6.77341],[106.89522,-6.77357],[106.89248,-6.77124],[106.88962,-6.77044],[106.88805,-6.77092],[106.88761,-6.76955],[106.88572,-6.7686],[106.87957,-6.76812],[106.87696,-6.76889],[106.87605,-6.76981],[106.87266,-6.76996],[106.86527,-6.76654],[106.86403,-6.76715],[106.86267,-6.76534],[106.85992,-6.76633],[106.85673,-6.76533],[106.85474,-6.76602],[106.84833,-6.76316],[106.8434,-6.7641],[106.84274,-6.763],[106.84056,-6.76165],[106.83395,-6.76226],[106.83094,-6.76111],[106.82866,-6.75625],[106.83016,-6.75561],[106.83012,-6.75486],[106.824,-6.75023],[106.82247,-6.74208],[106.82409,-6.74168],[106.82134,-6.73636],[106.82162,-6.73507]]]}},{"type":"Feature","properties":{"KODE_KEC":"32.01.28","KECAMATAN":"Cijeruk","KAB_KOTA":"Bogor","dist_ind":20213.86,"camp_dens":0.0,"toll_pct":0.0,"sma_grad":2764,"area_km2":47.9993,"Pred_Reko":1},"geometry":{"type":"Polygon","coordinates":[[[106.79461,-6.71097],[106.78925,-6.7127],[106.78807,-6.71433],[106.78639,-6.71446],[106.78414,-6.71616],[106.77871,-6.71576],[106.77632,-6.71812],[106.77402,-6.71877],[106.76936,-6.71823],[106.76237,-6.71877],[106.76029,-6.71839],[106.75,-6.71225],[106.74121,-6.71308],[106.74279,-6.70775],[106.74753,-6.70036],[106.74851,-6.68742],[106.75172,-6.68473],[106.75313,-6.68003],[106.75687,-6.67254],[106.75783,-6.67181],[106.75939,-6.66349],[106.7623,-6.66316],[106.76296,-6.6617],[106.77163,-6.65371],[106.77685,-6.65683],[106.77962,-6.65658],[106.7807,-6.65704],[106.78476,-6.66037],[106.78696,-6.65922],[106.78929,-6.65704],[106.79058,-6.65314],[106.79222,-6.65374],[106.7938,-6.65172],[106.7945,-6.64876],[106.79526,-6.64796],[106.79516,-6.6437],[106.79573,-6.6436],[106.80044,-6.64532],[106.79942,-6.64673],[106.80065,-6.64635],[106.80175,-6.64806],[106.80257,-6.64785],[106.80271,-6.6483],[106.80339,-6.64771],[106.8054,-6.6487],[106.80443,-6.65125],[106.8058,-6.65217],[106.8086,-6.64866],[106.80958,-6.64626],[106.81046,-6.64642],[106.81052,-6.64927],[106.8084,-6.65234],[106.80873,-6.65607],[106.81021,-6.65686],[106.81144,-6.65849],[106.81294,-6.65905],[106.81345,-6.66025],[106.81568,-6.66137],[106.81653,-6.66319],[106.81631,-6.66545],[106.81689,-6.66614],[106.8185,-6.66626],[106.81945,-6.67528],[106.81781,-6.67807],[106.81886,-6.67973],[106.81856,-6.6813],[106.82053,-6.6832],[106.82072,-6.68413],[106.81893,-6.6872],[106.81866,-6.6915],[106.81776,-6.69242],[106.81883,-6.69482],[106.81984,-6.69545],[106.81888,-6.69837],[106.8167,-6.7],[106.81747,-6.70153],[106.81582,-6.70241],[106.81783,-6.70457],[106.81671,-6.70651],[106.81353,-6.70782],[106.81069,-6.71047],[106.80363,-6.71221],[106.80022,-6.71139],[106.79547,-6.71364],[106.79486,-6.71446],[106.79461,-6.71097]]]}},{"type":"Feature","properties":{"KODE_KEC":"32.01.21","KECAMATAN":"Nanggung","KAB_KOTA":"Bogor","dist_ind":39051.48,"camp_dens":0.0,"toll_pct":0.0,"sma_grad":2902,"area_km2":158.1417,"Pred_Reko":0},"geometry":{"type":"Polygon","coordinates":[[[106.55994,-6.73828],[106.54613,-6.75258],[106.53346,-6.75392],[106.52976,-6.75569],[106.52512,-6.75907],[106.52471,-6.76238],[106.5217,-6.76202],[106.51362,-6.7592],[106.50678,-6.75547],[106.49796,-6.75202],[106.47589,-6.75216],[106.46677,-6.751],[106.46599,-6.75008],[106.46611,-6.74526],[106.46466,-6.73961],[106.46288,-6.73635],[106.4591,-6.73372],[106.46287,-6.73106],[106.47077,-6.72881],[106.47631,-6.72624],[106.48176,-6.72495],[106.49707,-6.71045],[106.5015,-6.70718],[106.50179,-6.70573],[106.50413,-6.70342],[106.50547,-6.7001],[106.50714,-6.69858],[106.50778,-6.69518],[106.50936,-6.6947],[106.50822,-6.68853],[106.50614,-6.68581],[106.50575,-6.68411],[106.51002,-6.67712],[106.51157,-6.67616],[106.51223,-6.67392],[106.51328,-6.67342],[106.51444,-6.67148],[106.51498,-6.66708],[106.51358,-6.66491],[106.51406,-6.66449],[106.51431,-6.66022],[106.51254,-6.65688],[106.51049,-6.65714],[106.51026,-6.6562],[106.50926,-6.65602],[106.50932,-6.65447],[106.50667,-6.65148],[106.50722,-6.6487],[106.50642,-6.6482],[106.50652,-6.64627],[106.50361,-6.64685],[106.50177,-6.64538],[106.5012,-6.64638],[106.50094,-6.64357],[106.50176,-6.6433],[106.50267,-6.64122],[106.5024,-6.638],[106.50454,-6.63714],[106.50651,-6.63413],[106.5083,-6.63307],[106.50759,-6.63117],[106.5085,-6.6305],[106.50856,-6.62935],[106.50976,-6.62966],[106.51147,-6.62818],[106.51121,-6.62678],[106.50883,-6.62608],[106.50926,-6.62355],[106.51174,-6.62137],[106.51228,-6.61669],[106.51463,-6.6162],[106.51393,-6.61309],[106.51465,-6.61181],[106.51458,-6.61017],[106.51734,-6.60837],[106.51807,-6.60587],[106.51767,-6.60435],[106.5205,-6.60344],[106.52427,-6.60418],[106.52595,-6.60391],[106.52853,-6.60199],[106.5314,-6.59303],[106.53382,-6.58929],[106.53636,-6.58157],[106.53993,-6.57489],[106.54282,-6.56418],[106.54622,-6.55885],[106.5484,-6.55736],[106.55035,-6.56128],[106.55136,-6.56003],[106.55355,-6.56137],[106.55562,-6.56161],[106.55665,-6.56341],[106.55844,-6.56402],[106.55824,-6.56599],[106.56173,-6.56687],[106.56921,-6.56622],[106.56973,-6.56368],[106.5725,-6.56152],[106.57376,-6.56169],[106.57318,-6.56423],[106.57504,-6.56349],[106.57642,-6.56375],[106.57578,-6.56566],[106.57474,-6.56546],[106.57434,-6.56604],[106.57509,-6.56623],[106.57606,-6.56803],[106.57412,-6.56982],[106.57186,-6.56919],[106.57151,-6.5704],[106.57303,-6.57066],[106.57419,-6.56999],[106.57322,-6.57177],[106.5738,-6.5724],[106.57176,-6.57862],[106.57322,-6.57824],[106.57415,-6.58056],[106.57429,-6.58334],[106.57537,-6.5817],[106.57284,-6.58565],[106.57407,-6.58738],[106.5741,-6.58926],[106.57508,-6.59169],[106.57279,-6.59462],[106.57237,-6.59924],[106.57057,-6.60138],[106.57129,-6.60496],[106.57057,-6.60906],[106.57322,-6.60689],[106.57494,-6.60932],[106.57626,-6.60766],[106.57834,-6.6096],[106.57834,-6.61077],[106.57814,-6.61146],[106.56793,-6.61271],[106.56501,-6.61676],[106.56754,-6.61926],[106.56919,-6.62299],[106.57076,-6.62463],[106.57489,-6.62592],[106.57636,-6.62745],[106.58071,-6.6409],[106.58191,-6.64297],[106.58589,-6.64679],[106.58715,-6.65092],[106.58934,-6.65389],[106.58723,-6.65824],[106.58472,-6.66155],[106.58602,-6.66454],[106.58595,-6.67356],[106.58519,-6.67624],[106.58212,-6.679],[106.582,-6.68355],[106.58285,-6.68761],[106.58066,-6.69209],[106.5803,-6.69708],[106.57904,-6.69959],[106.57371,-6.70053],[106.57325,-6.70706],[106.57555,-6.71754],[106.57496,-6.71919],[106.57336,-6.72068],[106.5686,-6.72263],[106.56663,-6.72772],[106.56081,-6.73348],[106.55994,-6.73828]]]}},{"type":"Feature","properties":{"KODE_KEC":"32.01.22","KECAMATAN":"Cigudeg","KAB_KOTA":"Bogor","dist_ind":22763.52,"camp_dens":0.0056,"toll_pct":0.0,"sma_grad":3172,"area_km2":179.1608,"Pred_Reko":1},"geometry":{"type":"Polygon","coordinates":[[[106.53993,-6.57489],[106.53636,-6.58157],[106.53403,-6.58882],[106.53091,-6.59422],[106.52853,-6.60199],[106.52595,-6.60391],[106.52427,-6.60418],[106.5205,-6.60344],[106.51938,-6.60217],[106.51997,-6.60091],[106.51969,-6.59919],[106.52175,-6.59635],[106.51845,-6.59175],[106.51611,-6.59074],[106.51527,-6.58859],[106.51516,-6.5858],[106.51651,-6.58046],[106.51643,-6.57436],[106.51564,-6.56945],[106.51415,-6.56623],[106.51428,-6.56449],[106.51181,-6.56297],[106.51118,-6.56063],[106.51203,-6.56078],[106.50928,-6.55717],[106.50105,-6.55119],[106.5,-6.54769],[106.49648,-6.54708],[106.48926,-6.54454],[106.48572,-6.54469],[106.48616,-6.53948],[106.48779,-6.53816],[106.48891,-6.53535],[106.4883,-6.53067],[106.49036,-6.52649],[106.49009,-6.52463],[106.49097,-6.52356],[106.49084,-6.51818],[106.49174,-6.51767],[106.49242,-6.51861],[106.49323,-6.51797],[106.49298,-6.5171],[106.49364,-6.51736],[106.4941,-6.51676],[106.4949,-6.51804],[106.49609,-6.51805],[106.4967,-6.51692],[106.49785,-6.5171],[106.49892,-6.51123],[106.49999,-6.5097],[106.50082,-6.5096],[106.50113,-6.5077],[106.5001,-6.50667],[106.50104,-6.50389],[106.50223,-6.50336],[106.50204,-6.50135],[106.50283,-6.5],[106.5027,-6.49856],[106.50068,-6.49491],[106.50061,-6.49106],[106.4912,-6.4783],[106.48527,-6.47277],[106.48176,-6.46809],[106.47266,-6.45993],[106.47383,-6.45715],[106.47665,-6.45671],[106.47907,-6.45476],[106.47936,-6.453],[106.47805,-6.45256],[106.47734,-6.45134],[106.47758,-6.45036],[106.47922,-6.45078],[106.47975,-6.44978],[106.48119,-6.44996],[106.5,-6.44393],[106.5018,-6.44479],[106.50685,-6.4436],[106.51409,-6.44071],[106.51517,-6.44102],[106.51726,-6.44032],[106.5194,-6.43741],[106.52438,-6.43446],[106.52592,-6.43089],[106.52719,-6.42976],[106.52902,-6.42906],[106.53155,-6.42947],[106.53484,-6.42807],[106.53831,-6.42503],[106.54165,-6.42383],[106.54359,-6.422],[106.54643,-6.42065],[106.54883,-6.41716],[106.5567,-6.41812],[106.5618,-6.41727],[106.56793,-6.41881],[106.57217,-6.41792],[106.5801,-6.41815],[106.58826,-6.42033],[106.59166,-6.41937],[106.59428,-6.42194],[106.59406,-6.42372],[106.59333,-6.42356],[106.59367,-6.42446],[106.59271,-6.42453],[106.59266,-6.42588],[106.59366,-6.42805],[106.5952,-6.42841],[106.59482,-6.42989],[106.59561,-6.43071],[106.59481,-6.43117],[106.59501,-6.43205],[106.59539,-6.43124],[106.59597,-6.43141],[106.59636,-6.43314],[106.59709,-6.43296],[106.59764,-6.43399],[106.59938,-6.43289],[106.60306,-6.43703],[106.60202,-6.43807],[106.60202,-6.43922],[106.60066,-6.43941],[106.59982,-6.44032],[106.60006,-6.4436],[106.59727,-6.44636],[106.59711,-6.44868],[106.59831,-6.44889],[106.59958,-6.45041],[106.59941,-6.45182],[106.60099,-6.45431],[106.60252,-6.45464],[106.60281,-6.45421],[106.60256,-6.45545],[106.60323,-6.45549],[106.60278,-6.45653],[106.60364,-6.45681],[106.60278,-6.45749],[106.60285,-6.45846],[106.60017,-6.45851],[106.59938,-6.45964],[106.60324,-6.46393],[106.60305,-6.46525],[106.6043,-6.46677],[106.60749,-6.46841],[106.61008,-6.46861],[106.614,-6.47384],[106.61192,-6.47412],[106.61018,-6.47524],[106.61244,-6.47846],[106.61214,-6.47935],[106.60995,-6.48022],[106.60927,-6.48117],[106.61004,-6.4826],[106.60939,-6.48541],[106.61027,-6.48616],[106.60966,-6.48888],[106.60658,-6.49019],[106.60538,-6.4919],[106.60484,-6.49719],[106.60547,-6.49883],[106.6053,-6.50193],[106.60335,-6.50479],[106.60167,-6.51042],[106.59942,-6.51465],[106.59902,-6.51898],[106.60079,-6.52379],[106.60073,-6.52961],[106.59816,-6.53468],[106.59666,-6.53631],[106.59419,-6.53807],[106.59127,-6.53897],[106.5862,-6.544],[106.57896,-6.54808],[106.57597,-6.54676],[106.57263,-6.5462],[106.57287,-6.54203],[106.57209,-6.54109],[106.57225,-6.53986],[106.56862,-6.54173],[106.56703,-6.54463],[106.56035,-6.54242],[106.55814,-6.54267],[106.55626,-6.54825],[106.55522,-6.54856],[106.55469,-6.54986],[106.55205,-6.55207],[106.55221,-6.5537],[106.54622,-6.55885],[106.5432,-6.56344],[106.53993,-6.57489]]]}},{"type":"Feature","properties":{"KODE_KEC":"32.01.20","KECAMATAN":"Parung Panjang","KAB_KOTA":"Bogor","dist_ind":11009.26,"camp_dens":0.0,"toll_pct":0.0,"sma_grad":1432,"area_km2":70.9705,"Pred_Reko":1},"geometry":{"type":"Polygon","coordinates":[[[106.57185,-6.41796],[106.56793,-6.41881],[106.5618,-6.41727],[106.55715,-6.41812],[106.54954,-6.417],[106.54807,-6.41755],[106.5464,-6.41468],[106.5409,-6.41339],[106.53673,-6.41062],[106.5349,-6.40821],[106.52996,-6.40514],[106.52088,-6.40316],[106.51872,-6.40127],[106.51532,-6.40088],[106.51141,-6.39758],[106.51216,-6.39609],[106.51195,-6.39488],[106.51429,-6.39459],[106.51359,-6.39381],[106.51477,-6.39209],[106.51451,-6.39115],[106.51515,-6.39127],[106.51577,-6.39045],[106.51462,-6.38901],[106.51546,-6.38783],[106.51465,-6.38742],[106.51381,-6.38417],[106.51228,-6.38396],[106.51082,-6.38281],[106.51116,-6.38216],[106.51259,-6.38192],[106.51147,-6.3792],[106.51025,-6.37895],[106.51031,-6.37813],[106.5127,-6.37608],[106.51238,-6.37477],[106.51371,-6.37387],[106.51468,-6.37127],[106.51615,-6.37052],[106.51778,-6.36663],[106.51911,-6.3658],[106.51938,-6.36389],[106.52013,-6.36368],[106.51992,-6.36299],[106.52148,-6.36131],[106.52056,-6.35967],[106.52227,-6.35902],[106.52182,-6.35757],[106.5213,-6.35734],[106.52045,-6.3583],[106.51862,-6.35645],[106.51879,-6.35563],[106.52011,-6.35387],[106.52188,-6.35287],[106.52156,-6.35116],[106.5221,-6.35015],[106.52618,-6.34948],[106.52705,-6.3482],[106.52804,-6.34798],[106.52835,-6.3469],[106.52969,-6.34683],[106.52956,-6.34593],[106.5284,-6.34521],[106.53006,-6.34322],[106.53138,-6.34292],[106.53041,-6.34128],[106.53188,-6.33964],[106.53073,-6.3391],[106.52995,-6.3376],[106.52827,-6.33939],[106.52744,-6.33869],[106.52445,-6.33888],[106.52432,-6.33804],[106.52602,-6.33737],[106.5265,-6.33636],[106.52445,-6.33546],[106.5246,-6.33362],[106.52308,-6.33389],[106.52151,-6.33211],[106.52043,-6.33342],[106.51874,-6.33156],[106.5164,-6.33249],[106.5151,-6.33229],[106.51524,-6.32983],[106.51434,-6.32931],[106.51371,-6.32998],[106.51272,-6.32931],[106.51363,-6.32853],[106.51357,-6.32768],[106.51454,-6.32765],[106.51324,-6.32592],[106.51352,-6.32537],[106.51489,-6.3253],[106.51476,-6.32446],[106.51575,-6.32439],[106.51579,-6.3257],[106.51811,-6.32574],[106.51781,-6.32665],[106.51869,-6.32709],[106.51937,-6.32578],[106.52181,-6.32644],[106.52166,-6.32535],[106.52343,-6.32505],[106.52406,-6.32579],[106.52528,-6.32526],[106.526,-6.32585],[106.52684,-6.32462],[106.52768,-6.32575],[106.52908,-6.3262],[106.52839,-6.32688],[106.52854,-6.3282],[106.53072,-6.32882],[106.52996,-6.32973],[106.53205,-6.32968],[106.5339,-6.33057],[106.53436,-6.33237],[106.5362,-6.3316],[106.53723,-6.33216],[106.53705,-6.3313],[106.53843,-6.33098],[106.54049,-6.33331],[106.54204,-6.33202],[106.54199,-6.33401],[106.54568,-6.33404],[106.54657,-6.33287],[106.54841,-6.33322],[106.54892,-6.33245],[106.54971,-6.33318],[106.55159,-6.33312],[106.54882,-6.33387],[106.54977,-6.33467],[106.55205,-6.33407],[106.55183,-6.33596],[106.55267,-6.3361],[106.55395,-6.33502],[106.55634,-6.33629],[106.55632,-6.33845],[106.55793,-6.33861],[106.55796,-6.34061],[106.55927,-6.34017],[106.55862,-6.33848],[106.55913,-6.33701],[106.56024,-6.33862],[106.56132,-6.33828],[106.56401,-6.33962],[106.56423,-6.3383],[106.56631,-6.33748],[106.56836,-6.33883],[106.56945,-6.33816],[106.57042,-6.33903],[106.5731,-6.33847],[106.57522,-6.33992],[106.57402,-6.34157],[106.57438,-6.34193],[106.57654,-6.34109],[106.57634,-6.33849],[106.57708,-6.33849],[106.57754,-6.34033],[106.57988,-6.34158],[106.58293,-6.34465],[106.58242,-6.34584],[106.58481,-6.34638],[106.58582,-6.34736],[106.58733,-6.34739],[106.58734,-6.34831],[106.58858,-6.34753],[106.58797,-6.34883],[106.58874,-6.34977],[106.58766,-6.35156],[106.59008,-6.35211],[106.58906,-6.35272],[106.58798,-6.35619],[106.59023,-6.35647],[106.58904,-6.35698],[106.59078,-6.35877],[106.59298,-6.35875],[106.59181,-6.36075],[106.59257,-6.36211],[106.59165,-6.36293],[106.59213,-6.36399],[106.59112,-6.36659],[106.59201,-6.36794],[106.594,-6.36805],[106.59306,-6.37027],[106.59475,-6.37012],[106.5957,-6.37079],[106.59399,-6.37202],[106.59391,-6.37449],[106.59238,-6.37411],[106.59232,-6.37529],[106.59136,-6.37562],[106.59301,-6.37675],[106.59273,-6.37795],[106.59425,-6.3777],[106.59414,-6.3814],[106.59333,-6.38227],[106.59231,-6.38192],[106.59246,-6.38069],[106.59135,-6.38125],[106.59153,-6.38248],[106.59261,-6.38253],[106.59343,-6.38399],[106.59046,-6.3838],[106.59051,-6.38445],[106.59149,-6.38464],[106.59158,-6.38614],[106.58969,-6.38738],[106.58888,-6.3889],[106.58989,-6.39137],[106.58908,-6.39248],[106.58978,-6.39396],[106.5902,-6.39315],[106.59092,-6.3934],[106.5911,-6.39434],[106.5902,-6.39527],[106.59174,-6.39673],[106.5938,-6.39695],[106.59582,-6.40056],[106.59693,-6.39994],[106.59759,-6.40079],[106.59865,-6.4009],[106.59794,-6.40175],[106.59618,-6.40225],[106.5974,-6.4024],[106.59741,-6.40352],[106.59313,-6.40494],[106.59257,-6.40661],[106.59174,-6.40675],[106.59382,-6.40726],[106.59375,-6.4112],[106.59254,-6.41503],[106.59481,-6.41646],[106.59607,-6.416],[106.59633,-6.41818],[106.59885,-6.41954],[106.59816,-6.4208],[106.59913,-6.42138],[106.59978,-6.42402],[106.59898,-6.42441],[106.59834,-6.42335],[106.59502,-6.42293],[106.59147,-6.41932],[106.58826,-6.42033],[106.5801,-6.41815],[106.57185,-6.41796]]]}},{"type":"Feature","properties":{"KODE_KEC":"32.01.36","KECAMATAN":"Tanjungsari","KAB_KOTA":"Bogor","dist_ind":24406.74,"camp_dens":0.0,"toll_pct":0.0,"sma_grad":4007,"area_km2":147.356,"Pred_Reko":1},"geometry":{"type":"Polygon","coordinates":[[[107.17027,-6.63866],[107.16814,-6.64107],[107.1691,-6.6431],[107.16502,-6.64696],[107.16358,-6.64729],[107.16022,-6.64551],[107.15779,-6.64735],[107.15781,-6.6502],[107.15454,-6.64925],[107.15252,-6.64983],[107.1503,-6.65434],[107.15158,-6.66003],[107.15042,-6.66295],[107.14416,-6.66508],[107.14163,-6.66685],[107.13793,-6.66645],[107.1346,-6.67047],[107.13236,-6.66946],[107.13018,-6.66981],[107.12927,-6.66842],[107.12452,-6.66631],[107.12307,-6.66397],[107.12188,-6.66339],[107.11922,-6.66323],[107.11683,-6.66432],[107.11314,-6.66355],[107.10999,-6.6659],[107.10795,-6.66391],[107.10681,-6.6639],[107.10641,-6.66491],[107.10377,-6.66366],[107.10215,-6.6665],[107.10034,-6.66444],[107.09496,-6.66291],[107.09318,-6.66109],[107.09273,-6.6556],[107.09207,-6.65336],[107.09093,-6.65239],[107.09165,-6.64972],[107.08712,-6.64983],[107.08635,-6.64762],[107.08628,-6.64459],[107.08356,-6.64321],[107.08391,-6.63999],[107.08157,-6.63894],[107.07752,-6.63943],[107.07518,-6.63627],[107.06524,-6.63524],[107.06512,-6.63332],[107.06624,-6.6292],[107.0682,-6.62664],[107.06909,-6.62398],[107.07464,-6.62196],[107.08151,-6.61681],[107.08301,-6.61501],[107.08053,-6.61454],[107.08184,-6.60906],[107.08262,-6.59718],[107.08038,-6.59754],[107.07856,-6.59609],[107.07574,-6.59526],[107.07441,-6.59641],[107.07365,-6.59938],[107.06349,-6.60013],[107.06132,-6.59843],[107.06488,-6.5925],[107.06705,-6.59065],[107.06797,-6.58784],[107.07034,-6.58588],[107.07103,-6.58199],[107.07321,-6.57857],[107.07379,-6.57651],[107.07515,-6.57415],[107.0765,-6.57394],[107.07777,-6.57185],[107.07895,-6.56646],[107.08322,-6.56651],[107.08989,-6.56498],[107.0936,-6.56155],[107.09543,-6.56046],[107.09731,-6.56084],[107.09853,-6.55938],[107.10015,-6.56029],[107.10325,-6.55917],[107.10691,-6.55992],[107.10849,-6.56093],[107.1113,-6.56023],[107.11338,-6.56072],[107.11402,-6.55997],[107.11536,-6.56086],[107.11851,-6.55963],[107.12114,-6.55969],[107.1221,-6.55899],[107.12228,-6.56172],[107.12744,-6.56191],[107.13098,-6.56535],[107.13444,-6.56695],[107.1377,-6.56653],[107.14018,-6.56757],[107.14106,-6.5654],[107.14179,-6.56551],[107.14211,-6.56595],[107.14103,-6.56666],[107.14368,-6.56869],[107.14394,-6.57188],[107.14582,-6.57132],[107.14743,-6.57178],[107.15164,-6.57481],[107.15241,-6.57031],[107.15388,-6.56796],[107.15758,-6.56935],[107.15712,-6.57113],[107.16351,-6.57256],[107.16633,-6.57389],[107.16813,-6.56816],[107.17427,-6.56986],[107.17465,-6.57095],[107.17699,-6.5714],[107.1796,-6.57104],[107.1832,-6.57412],[107.18544,-6.57397],[107.18716,-6.57745],[107.18781,-6.57772],[107.18919,-6.57547],[107.19188,-6.57318],[107.19311,-6.57829],[107.20512,-6.58702],[107.21352,-6.5905],[107.22051,-6.59075],[107.2222,-6.59445],[107.22498,-6.59713],[107.2256,-6.60058],[107.22715,-6.6022],[107.22534,-6.60782],[107.22618,-6.61141],[107.22778,-6.614],[107.22635,-6.61552],[107.22579,-6.6207],[107.22454,-6.62199],[107.2234,-6.62466],[107.21424,-6.62628],[107.21328,-6.62744],[107.21301,-6.63193],[107.21487,-6.63514],[107.215,-6.63674],[107.21277,-6.63785],[107.21239,-6.6404],[107.2108,-6.64065],[107.20841,-6.63887],[107.20405,-6.63837],[107.20255,-6.63989],[107.20127,-6.64023],[107.19935,-6.64304],[107.19744,-6.64271],[107.19458,-6.64325],[107.1918,-6.64591],[107.1893,-6.64665],[107.18632,-6.6454],[107.18449,-6.64607],[107.18289,-6.64574],[107.17957,-6.6463],[107.17438,-6.64113],[107.171,-6.64042],[107.17027,-6.63866]]]}},{"type":"Feature","properties":{"KODE_KEC":"32.01.37","KECAMATAN":"Tajurhalang","KAB_KOTA":"Bogor","dist_ind":11830.14,"camp_dens":0.0,"toll_pct":0.0,"sma_grad":2257,"area_km2":31.7487,"Pred_Reko":1},"geometry":{"type":"Polygon","coordinates":[[[106.76881,-6.4946],[106.7695,-6.49614],[106.76722,-6.49794],[106.7674,-6.50007],[106.76948,-6.50392],[106.76914,-6.50534],[106.76787,-6.50605],[106.76371,-6.50568],[106.7618,-6.50705],[106.76095,-6.50693],[106.75821,-6.49982],[106.75952,-6.49839],[106.75829,-6.49538],[106.75841,-6.49436],[106.7591,-6.49412],[106.75893,-6.49202],[106.75701,-6.49227],[106.75728,-6.49362],[106.75568,-6.49475],[106.75367,-6.49275],[106.75293,-6.4929],[106.75317,-6.49378],[106.75167,-6.4933],[106.75,-6.49128],[106.74923,-6.49141],[106.74882,-6.49249],[106.74736,-6.49224],[106.74712,-6.49135],[106.74514,-6.49135],[106.74543,-6.48988],[106.74258,-6.48816],[106.74062,-6.48936],[106.74107,-6.48522],[106.74053,-6.48453],[106.73895,-6.48431],[106.73816,-6.48171],[106.73936,-6.48112],[106.73742,-6.48018],[106.73709,-6.47889],[106.735,-6.47914],[106.73388,-6.47574],[106.7311,-6.47448],[106.73011,-6.47479],[106.73073,-6.47301],[106.73132,-6.47271],[106.732,-6.47333],[106.73224,-6.47287],[106.73085,-6.47024],[106.73156,-6.4672],[106.73047,-6.46596],[106.73381,-6.46552],[106.73394,-6.46264],[106.73542,-6.46134],[106.73418,-6.46051],[106.73473,-6.4596],[106.73433,-6.45922],[106.73646,-6.45799],[106.73598,-6.45681],[106.73639,-6.4559],[106.73525,-6.4554],[106.73579,-6.45422],[106.73474,-6.45322],[106.7331,-6.44848],[106.73578,-6.44741],[106.7369,-6.44251],[106.73804,-6.4434],[106.73921,-6.44297],[106.73914,-6.44222],[106.73745,-6.44138],[106.73751,-6.44009],[106.73859,-6.43863],[106.76528,-6.43912],[106.76581,-6.44056],[106.76668,-6.44058],[106.76708,-6.44277],[106.76827,-6.44295],[106.76868,-6.44456],[106.77026,-6.44466],[106.7698,-6.44712],[106.77353,-6.44844],[106.77445,-6.44792],[106.7751,-6.44919],[106.77476,-6.45018],[106.77569,-6.45078],[106.77535,-6.4524],[106.78061,-6.45243],[106.78155,-6.4542],[106.78419,-6.45423],[106.7824,-6.45858],[106.78427,-6.45977],[106.78553,-6.46231],[106.78428,-6.46286],[106.78466,-6.46396],[106.78331,-6.46547],[106.78617,-6.47354],[106.78568,-6.47527],[106.78644,-6.47539],[106.78761,-6.4785],[106.78864,-6.48463],[106.78739,-6.48901],[106.78682,-6.48907],[106.7864,-6.49175],[106.78514,-6.49171],[106.78472,-6.49304],[106.7822,-6.49338],[106.77494,-6.49264],[106.77416,-6.49399],[106.76881,-6.4946]]]}},{"type":"Feature","properties":{"KODE_KEC":"32.01.34","KECAMATAN":"Ranca Bungur","KAB_KOTA":"Bogor","dist_ind":15633.33,"camp_dens":0.0431,"toll_pct":0.0,"sma_grad":2627,"area_km2":23.1936,"Pred_Reko":1},"geometry":{"type":"Polygon","coordinates":[[[106.73086,-6.53891],[106.72388,-6.54003],[106.72313,-6.54256],[106.72086,-6.54438],[106.71973,-6.54404],[106.71614,-6.54521],[106.71373,-6.54448],[106.71256,-6.54497],[106.71209,-6.54473],[106.71241,-6.54219],[106.70967,-6.54286],[106.70808,-6.5411],[106.70619,-6.54106],[106.70616,-6.53906],[106.69938,-6.53808],[106.69903,-6.53634],[106.69683,-6.53669],[106.696,-6.53498],[106.69603,-6.53334],[106.69472,-6.53133],[106.69271,-6.53076],[106.69355,-6.52958],[106.69276,-6.52808],[106.69381,-6.52625],[106.69152,-6.52469],[106.69113,-6.52274],[106.69159,-6.52037],[106.68973,-6.5173],[106.68455,-6.51284],[106.67982,-6.51566],[106.67872,-6.51568],[106.67813,-6.51476],[106.68063,-6.50737],[106.68114,-6.50765],[106.68043,-6.50919],[106.68084,-6.51026],[106.68167,-6.50959],[106.68167,-6.50721],[106.6846,-6.50742],[106.68467,-6.50836],[106.68547,-6.50831],[106.68689,-6.50511],[106.68843,-6.50472],[106.68741,-6.50346],[106.6877,-6.50287],[106.6896,-6.5037],[106.69009,-6.50323],[106.68978,-6.50126],[106.68853,-6.50146],[106.68862,-6.50069],[106.68736,-6.50072],[106.68701,-6.5],[106.68699,-6.49896],[106.68813,-6.4987],[106.6886,-6.49758],[106.68931,-6.49747],[106.68914,-6.49689],[106.69137,-6.49643],[106.69205,-6.49551],[106.69673,-6.49587],[106.70181,-6.4952],[106.70261,-6.49561],[106.70416,-6.49478],[106.70755,-6.49517],[106.70729,-6.49664],[106.70848,-6.49649],[106.70936,-6.49707],[106.70928,-6.49804],[106.71116,-6.49865],[106.71101,-6.50044],[106.71199,-6.50031],[106.71215,-6.49957],[106.71352,-6.49977],[106.71355,-6.50856],[106.71516,-6.51098],[106.71414,-6.51268],[106.71492,-6.51494],[106.71683,-6.51564],[106.71891,-6.51546],[106.72043,-6.51638],[106.72176,-6.51452],[106.72258,-6.5149],[106.72529,-6.51441],[106.72608,-6.51508],[106.72695,-6.51378],[106.73105,-6.51215],[106.73535,-6.51581],[106.73645,-6.51607],[106.7379,-6.5178],[106.74318,-6.51858],[106.74544,-6.51828],[106.74534,-6.51987],[106.74724,-6.52052],[106.74715,-6.52228],[106.74793,-6.5221],[106.74802,-6.52298],[106.74626,-6.52405],[106.7468,-6.52479],[106.7466,-6.52617],[106.74774,-6.52802],[106.74734,-6.53148],[106.74825,-6.53188],[106.74811,-6.53285],[106.74711,-6.53292],[106.74639,-6.53796],[106.74241,-6.53743],[106.74151,-6.53991],[106.73843,-6.53965],[106.73742,-6.54206],[106.73639,-6.54243],[106.73492,-6.54025],[106.73366,-6.54035],[106.73301,-6.54162],[106.73119,-6.54158],[106.73086,-6.53891]]]}},{"type":"Feature","properties":{"KODE_KEC":"32.01.35","KECAMATAN":"Sukajaya","KAB_KOTA":"Bogor","dist_ind":35852.87,"camp_dens":0.0,"toll_pct":0.0,"sma_grad":3931,"area_km2":166.2197,"Pred_Reko":1},"geometry":{"type":"Polygon","coordinates":[[[106.50252,-6.63779],[106.50265,-6.64128],[106.50176,-6.6433],[106.50093,-6.64363],[106.5012,-6.64638],[106.50177,-6.64538],[106.50361,-6.64685],[106.50652,-6.64627],[106.50642,-6.6482],[106.50722,-6.6487],[106.50667,-6.65148],[106.50932,-6.65447],[106.50926,-6.65602],[106.51026,-6.6562],[106.51049,-6.65714],[106.51254,-6.65688],[106.51431,-6.66022],[106.51406,-6.66449],[106.51358,-6.66491],[106.51498,-6.66708],[106.51444,-6.67148],[106.51328,-6.67342],[106.51223,-6.67392],[106.51157,-6.67616],[106.51002,-6.67712],[106.50575,-6.68411],[106.50614,-6.68581],[106.50822,-6.68853],[106.50936,-6.6947],[106.50778,-6.69518],[106.50714,-6.69858],[106.50547,-6.7001],[106.50413,-6.70342],[106.50179,-6.70573],[106.5015,-6.70718],[106.49707,-6.71045],[106.48176,-6.72495],[106.47631,-6.72624],[106.47077,-6.72881],[106.46287,-6.73106],[106.4591,-6.73372],[106.45373,-6.73052],[106.45154,-6.72844],[106.45071,-6.72672],[106.45162,-6.71387],[106.44845,-6.70556],[106.4462,-6.703],[106.44015,-6.69904],[106.436,-6.69478],[106.43085,-6.68613],[106.42928,-6.68105],[106.42904,-6.67306],[106.43157,-6.65317],[106.43114,-6.64794],[106.42999,-6.64398],[106.4304,-6.62476],[106.43152,-6.62327],[106.42868,-6.61836],[106.42647,-6.60643],[106.42963,-6.59415],[106.42902,-6.58931],[106.43001,-6.58005],[106.4295,-6.57759],[106.42499,-6.56794],[106.41984,-6.56576],[106.41709,-6.56231],[106.41677,-6.55962],[106.42016,-6.55574],[106.4221,-6.5519],[106.42204,-6.54991],[106.42,-6.548],[106.41998,-6.5462],[106.42295,-6.54641],[106.42471,-6.54507],[106.42685,-6.54673],[106.42757,-6.54546],[106.4265,-6.54591],[106.42638,-6.5452],[106.42733,-6.54431],[106.42937,-6.5453],[106.42956,-6.54628],[106.4308,-6.5472],[106.43079,-6.54777],[106.42995,-6.54783],[106.43027,-6.54852],[106.4347,-6.551],[106.43568,-6.55037],[106.43792,-6.55149],[106.43853,-6.54848],[106.4472,-6.55463],[106.45946,-6.5569],[106.4719,-6.55746],[106.47581,-6.55548],[106.48545,-6.54489],[106.48926,-6.54454],[106.49648,-6.54708],[106.5,-6.54769],[106.50105,-6.55119],[106.50928,-6.55717],[106.51203,-6.56078],[106.51118,-6.56063],[106.51181,-6.56297],[106.51431,-6.56454],[106.51415,-6.56623],[106.51586,-6.5704],[106.51651,-6.58046],[106.51516,-6.5858],[106.51534,-6.58888],[106.51611,-6.59074],[106.51845,-6.59175],[106.52018,-6.5938],[106.52173,-6.59668],[106.51969,-6.59919],[106.51997,-6.60091],[106.51938,-6.60217],[106.5204,-6.60282],[106.52045,-6.60362],[106.51767,-6.60435],[106.51807,-6.60587],[106.51734,-6.60837],[106.51458,-6.61017],[106.51465,-6.61181],[106.51393,-6.61309],[106.51463,-6.6162],[106.51228,-6.61669],[106.51174,-6.62137],[106.50926,-6.62355],[106.50883,-6.62608],[106.51121,-6.62678],[106.51147,-6.62818],[106.50976,-6.62966],[106.50856,-6.62935],[106.5085,-6.6305],[106.50759,-6.63117],[106.50842,-6.63289],[106.50651,-6.63413],[106.50454,-6.63714],[106.50252,-6.63779]]]}},{"type":"Feature","properties":{"KODE_KEC":"32.01.38","KECAMATAN":"Cigombong","KAB_KOTA":"Bogor","dist_ind":25710.94,"camp_dens":0.0,"toll_pct":0.00031,"sma_grad":979,"area_km2":46.5463,"Pred_Reko":0},"geometry":{"type":"Polygon","coordinates":[[[106.83016,-6.75561],[106.8287,-6.75643],[106.83083,-6.76099],[106.83395,-6.76226],[106.84041,-6.76161],[106.84274,-6.763],[106.8432,-6.76408],[106.84833,-6.76316],[106.85474,-6.76602],[106.85673,-6.76533],[106.85992,-6.76633],[106.86253,-6.76531],[106.86403,-6.76715],[106.86527,-6.76654],[106.87266,-6.76996],[106.87605,-6.76981],[106.87696,-6.76889],[106.87957,-6.76812],[106.88524,-6.7685],[106.88761,-6.76955],[106.88812,-6.77095],[106.88962,-6.77044],[106.89248,-6.77124],[106.89522,-6.77357],[106.90256,-6.77391],[106.90417,-6.77586],[106.90211,-6.77877],[106.90422,-6.77932],[106.90552,-6.77898],[106.9069,-6.78247],[106.90866,-6.78331],[106.9091,-6.78496],[106.92148,-6.786],[106.91796,-6.78747],[106.91275,-6.78815],[106.89986,-6.78822],[106.89729,-6.78634],[106.88742,-6.78531],[106.88309,-6.78224],[106.87849,-6.78124],[106.87368,-6.7819],[106.87174,-6.7816],[106.86473,-6.77822],[106.85939,-6.77701],[106.85313,-6.77731],[106.84444,-6.77581],[106.83808,-6.7711],[106.8377,-6.76982],[106.83566,-6.76943],[106.83131,-6.76697],[106.82632,-6.76793],[106.82267,-6.76957],[106.81438,-6.76858],[106.80767,-6.76426],[106.80209,-6.76244],[106.80072,-6.76111],[106.79829,-6.75678],[106.79825,-6.7551],[106.79524,-6.75402],[106.79318,-6.75236],[106.79109,-6.75372],[106.78786,-6.75423],[106.78668,-6.75595],[106.7814,-6.75441],[106.77757,-6.75476],[106.77171,-6.75047],[106.77044,-6.7478],[106.76818,-6.74564],[106.76556,-6.74163],[106.76215,-6.73902],[106.7586,-6.73432],[106.7559,-6.73212],[106.75449,-6.72971],[106.74621,-6.72207],[106.74278,-6.71673],[106.74152,-6.71556],[106.74013,-6.71534],[106.74121,-6.71308],[106.75,-6.71225],[106.76029,-6.71839],[106.77427,-6.71875],[106.77632,-6.71812],[106.77871,-6.71576],[106.78414,-6.71616],[106.78639,-6.71446],[106.78807,-6.71433],[106.78925,-6.7127],[106.79404,-6.71078],[106.79485,-6.71102],[106.79441,-6.71275],[106.79506,-6.71292],[106.79486,-6.71446],[106.79547,-6.71364],[106.80022,-6.71139],[106.80363,-6.71221],[106.81069,-6.71047],[106.81353,-6.70782],[106.81659,-6.70661],[106.81785,-6.7051],[106.81875,-6.70613],[106.81847,-6.70766],[106.81921,-6.7094],[106.81725,-6.71284],[106.81501,-6.71364],[106.81347,-6.71869],[106.81713,-6.72272],[106.81612,-6.7235],[106.81358,-6.72371],[106.81328,-6.72429],[106.81509,-6.72793],[106.81638,-6.72805],[106.81624,-6.72905],[106.81504,-6.72939],[106.81485,-6.73025],[106.81645,-6.73052],[106.81657,-6.73138],[106.8216,-6.735],[106.82134,-6.73636],[106.82409,-6.74168],[106.82247,-6.74208],[106.824,-6.75023],[106.83012,-6.75486],[106.83016,-6.75561]]]}},{"type":"Feature","properties":{"KODE_KEC":"32.01.39","KECAMATAN":"Leuwisadeng","KAB_KOTA":"Bogor","dist_ind":28261.64,"camp_dens":0.0,"toll_pct":0.0,"sma_grad":2239,"area_km2":35.9542,"Pred_Reko":0},"geometry":{"type":"Polygon","coordinates":[[[106.57834,-6.6096],[106.57626,-6.60766],[106.57494,-6.60932],[106.57315,-6.60689],[106.57199,-6.60838],[106.57057,-6.60906],[106.57129,-6.60496],[106.57057,-6.60138],[106.57237,-6.59924],[106.57279,-6.59462],[106.57508,-6.59169],[106.5741,-6.58926],[106.57407,-6.58738],[106.57284,-6.58565],[106.57334,-6.58423],[106.57455,-6.58328],[106.57537,-6.5817],[106.57429,-6.58334],[106.57415,-6.58056],[106.57322,-6.57824],[106.57176,-6.57862],[106.5738,-6.5724],[106.57322,-6.57177],[106.57419,-6.56999],[106.57303,-6.57066],[106.57151,-6.5704],[106.57186,-6.56919],[106.57412,-6.56982],[106.57606,-6.56803],[106.57509,-6.56623],[106.57434,-6.56604],[106.57474,-6.56546],[106.57578,-6.56566],[106.57642,-6.56375],[106.57504,-6.56349],[106.57318,-6.56423],[106.57376,-6.56169],[106.5725,-6.56152],[106.56973,-6.56368],[106.56921,-6.56622],[106.56173,-6.56687],[106.55824,-6.56599],[106.55844,-6.56402],[106.55665,-6.56341],[106.55562,-6.56161],[106.55355,-6.56137],[106.55136,-6.56003],[106.55035,-6.56128],[106.5484,-6.55736],[106.55221,-6.5537],[106.55205,-6.55207],[106.55469,-6.54986],[106.55522,-6.54856],[106.55626,-6.54825],[106.55814,-6.54267],[106.56035,-6.54242],[106.56703,-6.54463],[106.56862,-6.54173],[106.57225,-6.53986],[106.57209,-6.54109],[106.57287,-6.54203],[106.57263,-6.5462],[106.57597,-6.54676],[106.57896,-6.54808],[106.5862,-6.544],[106.59127,-6.53897],[106.59508,-6.5376],[106.59808,-6.54009],[106.59835,-6.54228],[106.60181,-6.54474],[106.60336,-6.54939],[106.60833,-6.55077],[106.60989,-6.55217],[106.61145,-6.5522],[106.61278,-6.55325],[106.61514,-6.55384],[106.61583,-6.55857],[106.61626,-6.55934],[106.61702,-6.55909],[106.61745,-6.56052],[106.61731,-6.56212],[106.61601,-6.56282],[106.61733,-6.5647],[106.61558,-6.56607],[106.61458,-6.56584],[106.61261,-6.5675],[106.61269,-6.56865],[106.61142,-6.56923],[106.61133,-6.57309],[106.60979,-6.57661],[106.60954,-6.57919],[106.61042,-6.5809],[106.60875,-6.5873],[106.61067,-6.59692],[106.60874,-6.59893],[106.60527,-6.60598],[106.60359,-6.60693],[106.60178,-6.61075],[106.59985,-6.61088],[106.59198,-6.61366],[106.58889,-6.61381],[106.57814,-6.61146],[106.57834,-6.6096]]]}},{"type":"Feature","properties":{"KODE_KEC":"32.01.32","KECAMATAN":"Klapanunggal","KAB_KOTA":"Bogor","dist_ind":5350.56,"camp_dens":0.0,"toll_pct":0.0,"sma_grad":2342,"area_km2":95.8936,"Pred_Reko":1},"geometry":{"type":"Polygon","coordinates":[[[106.97884,-6.52227],[106.97717,-6.52377],[106.97363,-6.53358],[106.96723,-6.53376],[106.96608,-6.53508],[106.96485,-6.53441],[106.96322,-6.53661],[106.96238,-6.53613],[106.96244,-6.53475],[106.9604,-6.53464],[106.96111,-6.53301],[106.96005,-6.53254],[106.95956,-6.53103],[106.95773,-6.53419],[106.95588,-6.53363],[106.95271,-6.53492],[106.95108,-6.5341],[106.95005,-6.53584],[106.94924,-6.5351],[106.94778,-6.53571],[106.94866,-6.53371],[106.94791,-6.53266],[106.94698,-6.53275],[106.94697,-6.53197],[106.94594,-6.53262],[106.9439,-6.53207],[106.9424,-6.53288],[106.94179,-6.53121],[106.94096,-6.53152],[106.94106,-6.53316],[106.93597,-6.53431],[106.93617,-6.53281],[106.93457,-6.5303],[106.92869,-6.5291],[106.92894,-6.5278],[106.93167,-6.52745],[106.93152,-6.52624],[106.9285,-6.52653],[106.92836,-6.52469],[106.92492,-6.52331],[106.92329,-6.52103],[106.9211,-6.52205],[106.9193,-6.52009],[106.91592,-6.51928],[106.91471,-6.51778],[106.91407,-6.51499],[106.91208,-6.51285],[106.91172,-6.51023],[106.9093,-6.51208],[106.90712,-6.51076],[106.90735,-6.5062],[106.90879,-6.50433],[106.90919,-6.50038],[106.91071,-6.4958],[106.90628,-6.49275],[106.90795,-6.48792],[106.90699,-6.48583],[106.90405,-6.48346],[106.90449,-6.48227],[106.90731,-6.48178],[106.90784,-6.48076],[106.90548,-6.47915],[106.90042,-6.4717],[106.89641,-6.47114],[106.89328,-6.46953],[106.89242,-6.46743],[106.89302,-6.46615],[106.89581,-6.46487],[106.89888,-6.46456],[106.90035,-6.4619],[106.90452,-6.46227],[106.90595,-6.46185],[106.90709,-6.46023],[106.90719,-6.45727],[106.90915,-6.45624],[106.91114,-6.45692],[106.91268,-6.46012],[106.91343,-6.4604],[106.91506,-6.46012],[106.91573,-6.45911],[106.91569,-6.45765],[106.91461,-6.45564],[106.91525,-6.4547],[106.9178,-6.4555],[106.92027,-6.45837],[106.92328,-6.45808],[106.92428,-6.45647],[106.92408,-6.45405],[106.92748,-6.4471],[106.92845,-6.44685],[106.93039,-6.44764],[106.93218,-6.44574],[106.9312,-6.44467],[106.93143,-6.44402],[106.93346,-6.444],[106.93483,-6.44303],[106.93693,-6.44271],[106.93605,-6.44186],[106.93602,-6.44058],[106.93716,-6.4389],[106.93717,-6.43653],[106.93888,-6.43491],[106.93821,-6.43332],[106.94037,-6.43007],[106.94152,-6.43149],[106.94156,-6.43389],[106.94275,-6.43412],[106.94372,-6.43274],[106.94634,-6.43336],[106.94855,-6.43626],[106.95201,-6.43648],[106.95122,-6.43814],[106.95248,-6.43965],[106.95128,-6.44041],[106.95618,-6.44234],[106.96019,-6.44075],[106.96188,-6.44069],[106.9619,-6.4428],[106.96444,-6.44679],[106.96782,-6.44517],[106.96758,-6.44455],[106.96914,-6.44279],[106.97043,-6.44173],[106.97137,-6.44206],[106.97236,-6.43996],[106.97675,-6.44095],[106.97863,-6.44201],[106.9812,-6.43793],[106.98372,-6.43967],[106.98541,-6.439],[106.98625,-6.43963],[106.99168,-6.43918],[106.99235,-6.44032],[106.99209,-6.44115],[106.99655,-6.44335],[106.99772,-6.44516],[106.99943,-6.44393],[107.00572,-6.44314],[107.0069,-6.4421],[107.00686,-6.44102],[107.00815,-6.4404],[107.0103,-6.44108],[107.01264,-6.43932],[107.01256,-6.43783],[107.01393,-6.43826],[107.01441,-6.43737],[107.01655,-6.43736],[107.01926,-6.4363],[107.02015,-6.4352],[107.0216,-6.43551],[107.02244,-6.4384],[107.02384,-6.43818],[107.02612,-6.43918],[107.02608,-6.4414],[107.02805,-6.44359],[107.0269,-6.4456],[107.02752,-6.44704],[107.02673,-6.44707],[107.02574,-6.44493],[107.02266,-6.44504],[107.02089,-6.44349],[107.0201,-6.4438],[107.02,-6.44471],[107.01609,-6.44422],[107.01361,-6.44489],[107.01384,-6.44593],[107.01242,-6.44614],[107.01157,-6.44728],[107.01192,-6.44801],[107.01054,-6.44888],[107.01073,-6.44981],[107.00803,-6.44776],[107.00626,-6.44825],[107.00622,-6.45032],[107.00457,-6.45269],[107.00557,-6.45289],[107.00539,-6.45449],[107.00593,-6.45514],[107.0044,-6.45579],[107.00503,-6.45671],[107.00459,-6.45701],[107.0036,-6.45631],[107.00355,-6.45847],[107.0019,-6.45921],[107.0,-6.45871],[106.99849,-6.46099],[106.99489,-6.46302],[106.99339,-6.46556],[106.99438,-6.46788],[106.999,-6.47013],[106.99894,-6.47191],[107.0,-6.47263],[107.00027,-6.47391],[107.00099,-6.47339],[107.00184,-6.47537],[107.00287,-6.4753],[107.00224,-6.4755],[107.0029,-6.47606],[107.00207,-6.47843],[107.00221,-6.48057],[107.00162,-6.48195],[107.00014,-6.48163],[106.99987,-6.48276],[107.0011,-6.4833],[107.0004,-6.48399],[107.00141,-6.4838],[107.00171,-6.48457],[107.00053,-6.48642],[107.00102,-6.4867],[107.00101,-6.48919],[107.00185,-6.48981],[107.00137,-6.49151],[107.00205,-6.49161],[107.00229,-6.49355],[107.00395,-6.49367],[107.0056,-6.49597],[107.00434,-6.50048],[107.00227,-6.50171],[107.0,-6.50203],[106.99606,-6.50443],[106.99435,-6.50577],[106.99279,-6.50854],[106.98659,-6.51207],[106.98296,-6.51539],[106.98157,-6.51587],[106.98085,-6.51894],[106.97884,-6.52227]]]}},{"type":"Feature","properties":{"KODE_KEC":"32.01.33","KECAMATAN":"Ciseeng","KAB_KOTA":"Bogor","dist_ind":13339.29,"camp_dens":0.025,"toll_pct":0.0,"sma_grad":960,"area_km2":40.0016,"Pred_Reko":0},"geometry":{"type":"Polygon","coordinates":[[[106.68741,-6.50346],[106.68843,-6.50472],[106.68689,-6.50511],[106.68547,-6.50831],[106.68467,-6.50836],[106.68476,-6.50747],[106.68177,-6.50716],[106.68165,-6.50969],[106.68084,-6.51026],[106.68043,-6.50919],[106.68105,-6.50749],[106.67578,-6.50559],[106.67261,-6.5037],[106.67153,-6.50161],[106.67205,-6.49939],[106.6739,-6.49729],[106.6752,-6.49405],[106.67828,-6.49157],[106.67774,-6.49024],[106.67462,-6.48874],[106.67314,-6.48725],[106.67367,-6.4824],[106.67277,-6.47915],[106.67288,-6.47631],[106.66787,-6.47455],[106.66772,-6.46938],[106.6625,-6.47231],[106.66149,-6.47167],[106.66243,-6.46737],[106.66052,-6.46757],[106.65748,-6.46931],[106.65426,-6.46854],[106.65376,-6.46773],[106.65403,-6.46449],[106.65144,-6.46176],[106.65411,-6.45814],[106.65705,-6.45624],[106.65636,-6.45393],[106.65754,-6.45105],[106.65702,-6.44789],[106.65753,-6.44273],[106.65676,-6.44149],[106.65267,-6.4406],[106.65069,-6.43913],[106.65162,-6.4365],[106.64972,-6.43322],[106.64997,-6.43132],[106.65257,-6.42695],[106.65359,-6.42295],[106.65301,-6.42152],[106.64984,-6.42021],[106.64875,-6.41836],[106.64881,-6.4169],[106.65073,-6.41261],[106.65541,-6.41243],[106.65799,-6.41302],[106.67115,-6.41215],[106.67272,-6.41511],[106.67563,-6.41484],[106.67696,-6.41709],[106.67708,-6.41854],[106.67798,-6.4194],[106.67923,-6.41885],[106.68011,-6.41915],[106.68141,-6.42166],[106.68086,-6.42362],[106.6816,-6.4244],[106.68293,-6.42455],[106.68313,-6.42329],[106.68403,-6.42227],[106.68371,-6.4237],[106.68668,-6.42375],[106.68743,-6.42549],[106.68775,-6.42926],[106.68733,-6.43201],[106.68794,-6.43271],[106.68995,-6.43299],[106.69005,-6.43354],[106.69086,-6.43325],[106.69111,-6.43089],[106.69282,-6.4329],[106.69395,-6.43226],[106.69527,-6.43534],[106.69518,-6.43817],[106.69759,-6.43808],[106.69792,-6.44209],[106.70164,-6.44285],[106.7007,-6.44475],[106.70238,-6.44512],[106.70154,-6.44629],[106.70137,-6.4489],[106.70216,-6.45106],[106.70373,-6.45235],[106.70349,-6.45365],[106.70539,-6.45621],[106.70545,-6.45864],[106.70669,-6.46076],[106.70698,-6.46271],[106.71114,-6.46569],[106.71233,-6.46816],[106.71421,-6.46858],[106.71386,-6.47179],[106.71505,-6.47192],[106.71613,-6.47432],[106.71728,-6.47443],[106.71901,-6.47675],[106.71884,-6.47729],[106.71771,-6.47743],[106.71099,-6.47389],[106.70651,-6.47306],[106.70043,-6.47012],[106.69969,-6.46849],[106.69721,-6.4678],[106.69626,-6.46901],[106.69485,-6.46903],[106.69413,-6.4753],[106.69452,-6.47802],[106.69595,-6.4785],[106.69508,-6.48028],[106.69608,-6.481],[106.69493,-6.48157],[106.69423,-6.48307],[106.69574,-6.48484],[106.69789,-6.48558],[106.69773,-6.48672],[106.69848,-6.48761],[106.69771,-6.49022],[106.69857,-6.49081],[106.69829,-6.49133],[106.69881,-6.49061],[106.69931,-6.49098],[106.69942,-6.49225],[106.70038,-6.49154],[106.70116,-6.49239],[106.70139,-6.49105],[106.7026,-6.49103],[106.70334,-6.49158],[106.7034,-6.49293],[106.70453,-6.49308],[106.70485,-6.49379],[106.70673,-6.49353],[106.70667,-6.4943],[106.70762,-6.49469],[106.70674,-6.49534],[106.70416,-6.49478],[106.70261,-6.49561],[106.70181,-6.4952],[106.69673,-6.49587],[106.69205,-6.49551],[106.69137,-6.49643],[106.68914,-6.49689],[106.68931,-6.49747],[106.6886,-6.49758],[106.68813,-6.4987],[106.68699,-6.49896],[106.6873,-6.50069],[106.68862,-6.50069],[106.68853,-6.50146],[106.68974,-6.50123],[106.6903,-6.50214],[106.6896,-6.5037],[106.68804,-6.50277],[106.68741,-6.50346]]]}},{"type":"Feature","properties":{"KODE_KEC":"32.01.30","KECAMATAN":"Dramaga","KAB_KOTA":"Bogor","dist_ind":15934.7,"camp_dens":0.0785,"toll_pct":0.0,"sma_grad":1753,"area_km2":25.4864,"Pred_Reko":1},"geometry":{"type":"Polygon","coordinates":[[[106.72041,-6.62737],[106.72006,-6.63028],[106.7206,-6.63117],[106.72026,-6.63378],[106.72083,-6.63535],[106.7202,-6.63459],[106.71754,-6.63387],[106.71128,-6.63402],[106.71143,-6.63105],[106.71471,-6.63017],[106.71619,-6.62826],[106.71477,-6.6265],[106.71481,-6.62414],[106.71291,-6.62165],[106.71315,-6.6187],[106.71021,-6.61645],[106.7097,-6.61529],[106.71199,-6.60968],[106.7138,-6.60814],[106.71543,-6.6047],[106.71739,-6.59905],[106.71826,-6.59429],[106.71952,-6.5944],[106.72005,-6.59558],[106.72089,-6.59453],[106.72003,-6.59337],[106.7197,-6.59056],[106.72223,-6.58922],[106.72102,-6.58624],[106.72188,-6.58226],[106.72343,-6.58296],[106.72369,-6.58257],[106.72344,-6.58104],[106.72212,-6.58017],[106.72297,-6.57836],[106.72508,-6.57798],[106.72631,-6.5745],[106.72759,-6.57372],[106.72741,-6.57169],[106.72876,-6.57246],[106.72918,-6.56929],[106.72764,-6.57034],[106.72758,-6.56835],[106.72883,-6.56848],[106.72853,-6.56743],[106.72943,-6.56675],[106.72825,-6.56548],[106.7304,-6.56538],[106.73085,-6.56437],[106.72682,-6.56493],[106.72606,-6.56622],[106.72422,-6.56596],[106.72183,-6.56086],[106.71798,-6.55731],[106.71638,-6.55706],[106.71416,-6.55251],[106.71304,-6.55186],[106.7133,-6.54993],[106.715,-6.54926],[106.71453,-6.54813],[106.71524,-6.54781],[106.71433,-6.54732],[106.71488,-6.54603],[106.71432,-6.54455],[106.71614,-6.54521],[106.71973,-6.54404],[106.72086,-6.54438],[106.72313,-6.54256],[106.72403,-6.53993],[106.72632,-6.54003],[106.72896,-6.53886],[106.73104,-6.53907],[106.73119,-6.54158],[106.73301,-6.54162],[106.73366,-6.54035],[106.73492,-6.54025],[106.73639,-6.54243],[106.73742,-6.54206],[106.73843,-6.53965],[106.74073,-6.53957],[106.74162,-6.54019],[106.73919,-6.54421],[106.7401,-6.54439],[106.73989,-6.54601],[106.73893,-6.54573],[106.73906,-6.54797],[106.7373,-6.54966],[106.73746,-6.55192],[106.73647,-6.55278],[106.73774,-6.55495],[106.73614,-6.55415],[106.73546,-6.55465],[106.7355,-6.55959],[106.73484,-6.5599],[106.73537,-6.56501],[106.73716,-6.56719],[106.73772,-6.56563],[106.73917,-6.56545],[106.73964,-6.56715],[106.74045,-6.56692],[106.74016,-6.56813],[106.742,-6.56829],[106.74129,-6.57012],[106.73847,-6.57108],[106.73916,-6.57253],[106.74105,-6.57351],[106.74125,-6.57549],[106.74334,-6.57555],[106.74453,-6.57627],[106.74454,-6.57551],[106.74607,-6.5746],[106.74645,-6.5728],[106.74921,-6.57229],[106.75168,-6.57393],[106.75139,-6.57506],[106.75214,-6.57593],[106.75295,-6.57972],[106.75125,-6.5797],[106.75068,-6.57899],[106.75093,-6.58205],[106.75044,-6.58332],[106.74717,-6.58447],[106.74683,-6.58522],[106.74818,-6.58503],[106.74876,-6.58617],[106.74812,-6.58714],[106.74958,-6.58673],[106.74915,-6.58774],[106.75065,-6.58799],[106.75079,-6.58935],[106.75226,-6.58985],[106.75215,-6.5923],[106.74372,-6.59247],[106.74349,-6.59418],[106.74453,-6.59469],[106.74358,-6.59701],[106.74441,-6.59781],[106.74283,-6.59912],[106.74293,-6.60405],[106.74158,-6.60511],[106.74056,-6.60503],[106.7403,-6.60609],[106.74106,-6.60569],[106.74143,-6.60762],[106.73983,-6.60897],[106.73908,-6.61334],[106.73596,-6.62023],[106.73657,-6.62183],[106.73428,-6.62938],[106.73516,-6.63246],[106.73239,-6.63263],[106.72892,-6.6318],[106.72778,-6.63226],[106.72566,-6.62907],[106.72262,-6.62938],[106.72111,-6.62741],[106.72041,-6.62737]]]}},{"type":"Feature","properties":{"KODE_KEC":"32.01.31","KECAMATAN":"Tamansari","KAB_KOTA":"Bogor","dist_ind":19542.85,"camp_dens":0.0,"toll_pct":0.0,"sma_grad":2976,"area_km2":39.2966,"Pred_Reko":1},"geometry":{"type":"Polygon","coordinates":[[[106.77601,-6.6359],[106.78008,-6.63818],[106.7819,-6.6369],[106.78313,-6.63695],[106.78516,-6.63944],[106.78374,-6.64347],[106.7828,-6.64506],[106.78117,-6.64583],[106.7778,-6.64956],[106.77469,-6.65095],[106.77204,-6.65304],[106.77072,-6.65489],[106.76296,-6.6617],[106.7623,-6.66316],[106.75939,-6.66349],[106.75783,-6.67181],[106.75687,-6.67254],[106.75313,-6.68003],[106.75172,-6.68473],[106.74851,-6.68742],[106.74753,-6.70036],[106.74279,-6.70775],[106.7407,-6.71468],[106.74013,-6.71534],[106.73692,-6.71592],[106.73365,-6.71556],[106.73308,-6.70492],[106.73117,-6.7022],[106.72793,-6.70149],[106.72948,-6.69759],[106.72912,-6.69384],[106.73035,-6.69191],[106.72955,-6.68881],[106.72962,-6.68605],[106.72873,-6.68459],[106.72947,-6.68273],[106.729,-6.67858],[106.72773,-6.67729],[106.7271,-6.67458],[106.72713,-6.67159],[106.72651,-6.67021],[106.72679,-6.667],[106.72569,-6.66537],[106.72513,-6.66236],[106.72299,-6.66114],[106.72312,-6.65878],[106.72234,-6.65796],[106.72202,-6.65604],[106.72211,-6.65241],[106.72001,-6.65042],[106.71957,-6.64714],[106.7186,-6.64653],[106.71777,-6.6445],[106.7165,-6.64378],[106.71484,-6.63877],[106.71388,-6.63811],[106.71398,-6.63714],[106.71183,-6.63422],[106.71668,-6.63376],[106.72017,-6.63457],[106.72083,-6.63535],[106.72006,-6.63014],[106.72026,-6.62762],[106.72094,-6.62726],[106.72262,-6.62938],[106.72566,-6.62907],[106.72778,-6.63226],[106.72892,-6.6318],[106.73239,-6.63263],[106.73516,-6.63246],[106.73435,-6.62889],[106.73662,-6.62156],[106.73832,-6.62355],[106.73956,-6.62328],[106.74055,-6.62392],[106.74105,-6.62105],[106.74188,-6.62002],[106.74286,-6.61933],[106.74567,-6.61923],[106.74636,-6.61959],[106.74596,-6.6257],[106.74623,-6.6264],[106.74746,-6.62672],[106.74805,-6.62486],[106.75001,-6.62461],[106.75072,-6.62267],[106.75169,-6.62226],[106.7522,-6.61988],[106.75431,-6.61941],[106.75467,-6.61561],[106.75535,-6.61519],[106.75752,-6.61526],[106.75819,-6.61826],[106.76143,-6.62423],[106.76034,-6.62763],[106.76161,-6.62807],[106.76495,-6.62727],[106.76746,-6.62992],[106.76825,-6.62848],[106.76897,-6.62839],[106.76854,-6.62731],[106.77022,-6.62681],[106.77176,-6.62371],[106.77606,-6.62342],[106.77514,-6.63087],[106.778,-6.63221],[106.77634,-6.63302],[106.77601,-6.6359]]]}},{"type":"Feature","properties":{"KODE_KEC":"32.01.40","KECAMATAN":"Tenjolaya","KAB_KOTA":"Bogor","dist_ind":22163.93,"camp_dens":0.0,"toll_pct":0.0,"sma_grad":2485,"area_km2":36.311,"Pred_Reko":0},"geometry":{"type":"Polygon","coordinates":[[[106.729,-6.67858],[106.72947,-6.68273],[106.72873,-6.68459],[106.72962,-6.68605],[106.72955,-6.68881],[106.73035,-6.69191],[106.72912,-6.69384],[106.72948,-6.69759],[106.72793,-6.70149],[106.73197,-6.70275],[106.73337,-6.70615],[106.73365,-6.71556],[106.73083,-6.71654],[106.72575,-6.71309],[106.72069,-6.70761],[106.7174,-6.70503],[106.71451,-6.6994],[106.71254,-6.69709],[106.70888,-6.69604],[106.70523,-6.69205],[106.70394,-6.69189],[106.70252,-6.69067],[106.69967,-6.68649],[106.69825,-6.68585],[106.6962,-6.68345],[106.69573,-6.68182],[106.69462,-6.68143],[106.69399,-6.6789],[106.69545,-6.67738],[106.69629,-6.67424],[106.698,-6.67156],[106.69858,-6.66721],[106.69801,-6.66584],[106.69651,-6.66553],[106.69354,-6.66148],[106.69195,-6.65538],[106.68901,-6.64932],[106.68843,-6.64405],[106.68919,-6.64276],[106.68739,-6.63626],[106.6878,-6.63472],[106.68657,-6.63192],[106.68479,-6.63033],[106.68481,-6.62804],[106.68375,-6.62526],[106.6841,-6.62113],[106.68714,-6.61888],[106.68829,-6.61588],[106.68697,-6.61065],[106.68814,-6.60918],[106.68779,-6.60769],[106.68845,-6.60719],[106.68944,-6.60385],[106.69061,-6.60383],[106.69093,-6.60276],[106.69143,-6.60294],[106.69024,-6.60655],[106.69086,-6.60735],[106.69164,-6.60581],[106.69251,-6.60619],[106.69357,-6.6055],[106.6936,-6.60477],[106.69459,-6.60464],[106.69474,-6.60568],[106.6963,-6.6062],[106.69464,-6.60836],[106.69537,-6.60888],[106.69525,-6.60993],[106.69666,-6.61013],[106.6979,-6.60387],[106.70054,-6.60386],[106.70001,-6.6024],[106.70194,-6.59701],[106.70845,-6.58985],[106.71296,-6.59026],[106.71308,-6.5941],[106.71137,-6.59554],[106.71176,-6.59803],[106.71055,-6.59888],[106.71081,-6.60168],[106.71353,-6.60213],[106.71549,-6.60361],[106.7138,-6.60814],[106.71199,-6.60968],[106.7097,-6.61529],[106.71021,-6.61645],[106.71315,-6.6187],[106.71291,-6.62165],[106.71481,-6.62414],[106.71477,-6.6265],[106.71619,-6.62826],[106.71471,-6.63017],[106.71143,-6.63105],[106.71128,-6.63402],[106.71202,-6.63395],[106.71398,-6.63714],[106.71388,-6.63811],[106.71484,-6.63877],[106.7165,-6.64378],[106.71777,-6.6445],[106.7186,-6.64653],[106.71957,-6.64714],[106.72001,-6.65042],[106.72211,-6.65241],[106.72202,-6.65604],[106.72234,-6.65796],[106.72312,-6.65878],[106.72299,-6.66114],[106.72513,-6.66236],[106.72569,-6.66537],[106.72679,-6.667],[106.72651,-6.67021],[106.72713,-6.67159],[106.7271,-6.67458],[106.72773,-6.67729],[106.729,-6.67858]]]}},{"type":"Feature","properties":{"KODE_KEC":"32.01.03","KECAMATAN":"Citeureup","KAB_KOTA":"Bogor","dist_ind":4228.03,"camp_dens":0.0577,"toll_pct":0.000184,"sma_grad":1921,"area_km2":69.3328,"Pred_Reko":1},"geometry":{"type":"Polygon","coordinates":[[[106.867,-6.5517],[106.86311,-6.5453],[106.85842,-6.53404],[106.86155,-6.52331],[106.85789,-6.52202],[106.8551,-6.52297],[106.8542,-6.52208],[106.85496,-6.51747],[106.85414,-6.51658],[106.85423,-6.51564],[106.85554,-6.51275],[106.85409,-6.51151],[106.85627,-6.50861],[106.85413,-6.50467],[106.85581,-6.50478],[106.85654,-6.50397],[106.85579,-6.50089],[106.85732,-6.50118],[106.8601,-6.50026],[106.85938,-6.49876],[106.86128,-6.49771],[106.86082,-6.49643],[106.85789,-6.49365],[106.86116,-6.49232],[106.85982,-6.4899],[106.86202,-6.48869],[106.86249,-6.48693],[106.86208,-6.48636],[106.86071,-6.48673],[106.86071,-6.48622],[106.86205,-6.4842],[106.86392,-6.48423],[106.86429,-6.48368],[106.86409,-6.48316],[106.86227,-6.48286],[106.8622,-6.48232],[106.8656,-6.48194],[106.86705,-6.48341],[106.86808,-6.48113],[106.86731,-6.47981],[106.86758,-6.4792],[106.86824,-6.47863],[106.86973,-6.47927],[106.87054,-6.4789],[106.87058,-6.47771],[106.86933,-6.47782],[106.86855,-6.47694],[106.86899,-6.47617],[106.87127,-6.47546],[106.87092,-6.47432],[106.87206,-6.47442],[106.87085,-6.472],[106.87164,-6.47037],[106.87152,-6.46879],[106.87234,-6.46915],[106.87245,-6.47015],[106.87399,-6.47092],[106.87582,-6.46852],[106.87763,-6.46864],[106.87858,-6.46766],[106.88048,-6.46951],[106.88058,-6.47163],[106.88434,-6.4677],[106.88453,-6.46887],[106.88531,-6.46826],[106.88661,-6.46929],[106.88622,-6.4701],[106.88714,-6.47204],[106.88633,-6.47324],[106.88842,-6.47365],[106.88896,-6.47266],[106.89222,-6.47429],[106.89224,-6.47196],[106.89322,-6.47216],[106.8938,-6.47122],[106.89474,-6.47162],[106.89569,-6.47086],[106.90042,-6.4717],[106.90548,-6.47915],[106.90766,-6.48032],[106.90731,-6.48178],[106.90501,-6.48195],[106.90405,-6.48346],[106.90699,-6.48583],[106.90795,-6.48792],[106.90628,-6.49275],[106.91071,-6.4958],[106.90919,-6.50038],[106.90879,-6.50433],[106.90735,-6.5062],[106.90703,-6.51055],[106.90834,-6.51193],[106.9093,-6.51208],[106.91172,-6.51023],[106.91208,-6.51285],[106.91407,-6.51499],[106.91471,-6.51778],[106.91592,-6.51928],[106.9193,-6.52009],[106.9211,-6.52205],[106.92329,-6.52103],[106.92492,-6.52331],[106.92836,-6.52469],[106.9285,-6.52653],[106.93169,-6.52646],[106.93153,-6.52754],[106.92879,-6.52792],[106.92889,-6.52926],[106.93472,-6.53047],[106.93519,-6.53404],[106.93586,-6.53505],[106.93399,-6.53524],[106.93344,-6.53761],[106.9314,-6.54036],[106.93351,-6.54276],[106.93391,-6.54532],[106.93469,-6.5463],[106.93421,-6.54803],[106.93317,-6.54901],[106.93383,-6.55176],[106.93443,-6.55237],[106.93595,-6.55216],[106.93712,-6.55345],[106.93601,-6.55533],[106.93818,-6.55584],[106.93766,-6.55796],[106.93825,-6.55887],[106.93046,-6.56118],[106.92847,-6.56118],[106.92556,-6.56609],[106.92248,-6.56816],[106.92059,-6.57064],[106.91911,-6.57098],[106.91749,-6.57353],[106.9166,-6.57326],[106.9159,-6.57418],[106.91423,-6.57369],[106.91385,-6.57189],[106.91175,-6.57233],[106.91133,-6.57051],[106.9105,-6.57099],[106.90801,-6.57014],[106.90654,-6.57053],[106.90562,-6.56933],[106.90364,-6.56921],[106.90121,-6.57015],[106.90018,-6.56901],[106.89608,-6.57014],[106.89352,-6.57163],[106.89069,-6.57142],[106.88901,-6.57251],[106.88515,-6.5725],[106.88266,-6.57161],[106.88094,-6.56875],[106.87949,-6.56808],[106.87793,-6.56613],[106.87558,-6.56508],[106.87711,-6.56214],[106.8722,-6.56064],[106.87041,-6.55789],[106.86825,-6.55658],[106.86724,-6.55466],[106.867,-6.5517]]]}},{"type":"Feature","properties":{"KODE_KEC":"32.01.04","KECAMATAN":"Sukaraja","KAB_KOTA":"Bogor","dist_ind":7007.07,"camp_dens":0.0,"toll_pct":0.000397,"sma_grad":3560,"area_km2":43.8706,"Pred_Reko":2},"geometry":{"type":"Polygon","coordinates":[[[106.83365,-6.61871],[106.83171,-6.61208],[106.83131,-6.60045],[106.83794,-6.57986],[106.83588,-6.57506],[106.83473,-6.56743],[106.83273,-6.56528],[106.83203,-6.56309],[106.83012,-6.5608],[106.83061,-6.55788],[106.82977,-6.55637],[106.83019,-6.55462],[106.82929,-6.55035],[106.82597,-6.54775],[106.82544,-6.54512],[106.82394,-6.54719],[106.82357,-6.54689],[106.82312,-6.54519],[106.82449,-6.54452],[106.82408,-6.54252],[106.82354,-6.54255],[106.82327,-6.54356],[106.82291,-6.54275],[106.81829,-6.54236],[106.81887,-6.53814],[106.81752,-6.53876],[106.81141,-6.53878],[106.80973,-6.54648],[106.80893,-6.54543],[106.80754,-6.5463],[106.80581,-6.54526],[106.80591,-6.54104],[106.80435,-6.54073],[106.80299,-6.53822],[106.8007,-6.54019],[106.80042,-6.54245],[106.79978,-6.54251],[106.79974,-6.54715],[106.79878,-6.54704],[106.79938,-6.55171],[106.79882,-6.55163],[106.7984,-6.55028],[106.79628,-6.55089],[106.79712,-6.54765],[106.79555,-6.54719],[106.79555,-6.54634],[106.79309,-6.54604],[106.79356,-6.54417],[106.79005,-6.54416],[106.7898,-6.54009],[106.78873,-6.53974],[106.78863,-6.53897],[106.78876,-6.5378],[106.7912,-6.53784],[106.79135,-6.53633],[106.793,-6.5365],[106.79367,-6.53158],[106.79281,-6.53126],[106.79295,-6.53025],[106.79195,-6.5297],[106.79177,-6.52828],[106.78975,-6.5274],[106.78966,-6.52472],[106.79034,-6.5225],[106.78923,-6.51655],[106.78839,-6.5148],[106.78724,-6.51431],[106.79009,-6.51353],[106.79149,-6.51388],[106.79231,-6.51151],[106.79348,-6.51149],[106.79527,-6.51325],[106.7977,-6.51307],[106.7981,-6.51396],[106.7999,-6.51406],[106.80052,-6.51487],[106.80058,-6.51738],[106.80167,-6.51741],[106.80397,-6.51602],[106.80407,-6.51748],[106.8024,-6.51902],[106.80377,-6.52004],[106.80414,-6.52525],[106.80721,-6.52599],[106.80781,-6.52749],[106.81019,-6.52881],[106.81706,-6.5284],[106.81896,-6.52891],[106.82059,-6.52084],[106.81977,-6.51895],[106.81813,-6.51802],[106.81896,-6.51525],[106.82098,-6.51466],[106.82162,-6.51635],[106.82258,-6.51619],[106.82107,-6.51814],[106.8227,-6.51874],[106.82242,-6.52022],[106.83486,-6.51996],[106.83692,-6.51904],[106.8404,-6.51465],[106.84235,-6.51352],[106.84306,-6.51168],[106.84621,-6.5127],[106.84655,-6.51477],[106.84369,-6.5135],[106.84346,-6.51531],[106.84186,-6.51603],[106.84349,-6.51759],[106.84171,-6.5178],[106.84136,-6.51843],[106.84204,-6.51908],[106.84362,-6.51871],[106.84415,-6.52236],[106.84636,-6.52214],[106.84477,-6.52309],[106.84448,-6.52496],[106.84306,-6.52559],[106.84338,-6.52623],[106.84541,-6.52666],[106.84536,-6.53082],[106.84453,-6.53288],[106.84547,-6.53321],[106.84571,-6.53406],[106.84549,-6.53542],[106.84346,-6.53567],[106.84313,-6.53658],[106.84459,-6.53785],[106.84555,-6.53731],[106.84714,-6.5377],[106.84629,-6.53935],[106.84801,-6.54006],[106.84643,-6.54108],[106.84532,-6.54081],[106.84523,-6.54165],[106.8444,-6.54182],[106.8445,-6.5437],[106.84344,-6.5459],[106.84389,-6.54662],[106.84301,-6.54753],[106.84414,-6.54833],[106.8431,-6.55083],[106.8439,-6.55115],[106.844,-6.55244],[106.84224,-6.55359],[106.8422,-6.55449],[106.83906,-6.55613],[106.83928,-6.55671],[106.8404,-6.5562],[106.84201,-6.55872],[106.84048,-6.55946],[106.83986,-6.5608],[106.83889,-6.56097],[106.83832,-6.5625],[106.83994,-6.56344],[106.84054,-6.56577],[106.84255,-6.56735],[106.845,-6.56803],[106.84487,-6.57012],[106.84569,-6.56953],[106.84829,-6.57139],[106.84751,-6.57329],[106.84555,-6.57544],[106.84551,-6.57701],[106.8474,-6.57895],[106.84814,-6.57768],[106.84929,-6.57845],[106.852,-6.57773],[106.85182,-6.57872],[106.85267,-6.58003],[106.85429,-6.58063],[106.85273,-6.58402],[106.85296,-6.58609],[106.85047,-6.59099],[106.85143,-6.59434],[106.85308,-6.59483],[106.85436,-6.59438],[106.85472,-6.59492],[106.85195,-6.59591],[106.85196,-6.59662],[106.85619,-6.5986],[106.85667,-6.59827],[106.85648,-6.59621],[106.85701,-6.59628],[106.85682,-6.59693],[106.85849,-6.59745],[106.85886,-6.59633],[106.86007,-6.59657],[106.86119,-6.59568],[106.86255,-6.5961],[106.86155,-6.59752],[106.86198,-6.60271],[106.85981,-6.60509],[106.85922,-6.60392],[106.85846,-6.60574],[106.85681,-6.60563],[106.85613,-6.60741],[106.85683,-6.60815],[106.85567,-6.61],[106.85688,-6.61118],[106.85595,-6.61237],[106.85724,-6.61254],[106.85761,-6.61454],[106.86054,-6.61635],[106.86603,-6.61893],[106.86829,-6.61935],[106.86966,-6.62199],[106.87177,-6.62252],[106.87264,-6.62362],[106.87694,-6.6234],[106.87762,-6.62392],[106.88031,-6.62345],[106.8812,-6.62443],[106.88228,-6.62297],[106.88286,-6.62438],[106.88452,-6.62432],[106.88504,-6.62492],[106.88828,-6.62373],[106.89078,-6.62369],[106.89159,-6.62478],[106.89305,-6.62525],[106.89403,-6.6268],[106.89467,-6.62838],[106.89419,-6.63026],[106.89555,-6.63055],[106.89977,-6.63373],[106.90323,-6.63371],[106.90626,-6.63098],[106.90851,-6.63069],[106.91397,-6.63298],[106.91527,-6.63298],[106.91349,-6.63384],[106.91312,-6.63531],[106.91038,-6.6359],[106.90306,-6.63948],[106.89878,-6.63699],[106.89344,-6.63848],[106.8887,-6.63711],[106.8858,-6.63737],[106.88476,-6.63831],[106.88163,-6.63769],[106.876,-6.6394],[106.87237,-6.63888],[106.87176,-6.63782],[106.87019,-6.63776],[106.86856,-6.63604],[106.86644,-6.63647],[106.85496,-6.63094],[106.85409,-6.63158],[106.85436,-6.63304],[106.85373,-6.63565],[106.85299,-6.63633],[106.85305,-6.63816],[106.84954,-6.63878],[106.84823,-6.63721],[106.84659,-6.63717],[106.84238,-6.63478],[106.84096,-6.63463],[106.83801,-6.62959],[106.83365,-6.61871]]]}},{"type":"Feature","properties":{"KODE_KEC":"32.01.01","KECAMATAN":"Cibinong","KAB_KOTA":"Bogor","dist_ind":4294.16,"camp_dens":0.0,"toll_pct":0.0,"sma_grad":1656,"area_km2":46.6523,"Pred_Reko":1},"geometry":{"type":"Polygon","coordinates":[[[106.81901,-6.51548],[106.81813,-6.51802],[106.81977,-6.51895],[106.82059,-6.52084],[106.81896,-6.52891],[106.81706,-6.5284],[106.8097,-6.52878],[106.80777,-6.52745],[106.80721,-6.52599],[106.80483,-6.5258],[106.80398,-6.52491],[106.80377,-6.52004],[106.8024,-6.51902],[106.80407,-6.51748],[106.80411,-6.51619],[106.80355,-6.51592],[106.802,-6.51726],[106.80058,-6.51738],[106.80031,-6.51441],[106.79769,-6.51348],[106.79799,-6.51264],[106.80034,-6.51174],[106.80087,-6.51086],[106.80024,-6.50934],[106.79763,-6.50727],[106.79882,-6.50586],[106.79729,-6.50416],[106.79735,-6.50331],[106.79913,-6.50456],[106.80073,-6.50343],[106.79861,-6.50217],[106.79848,-6.50059],[106.80357,-6.4993],[106.80277,-6.49771],[106.80335,-6.49629],[106.8053,-6.49725],[106.80617,-6.49601],[106.80775,-6.49612],[106.8074,-6.49245],[106.80812,-6.49078],[106.80713,-6.48992],[106.80821,-6.48901],[106.80871,-6.48707],[106.80949,-6.48725],[106.80894,-6.48856],[106.80976,-6.48954],[106.81285,-6.48914],[106.81531,-6.48954],[106.81405,-6.48742],[106.81487,-6.48597],[106.81266,-6.48409],[106.81481,-6.48355],[106.81392,-6.4789],[106.81586,-6.47761],[106.81547,-6.47403],[106.81646,-6.47235],[106.81508,-6.4699],[106.81438,-6.46573],[106.81705,-6.4661],[106.81798,-6.46486],[106.81726,-6.46382],[106.81491,-6.46428],[106.81429,-6.46375],[106.81592,-6.46156],[106.8137,-6.46066],[106.81362,-6.46009],[106.81583,-6.45948],[106.81632,-6.45863],[106.81609,-6.45761],[106.81418,-6.4559],[106.81393,-6.4533],[106.81612,-6.45061],[106.81446,-6.44683],[106.81273,-6.44606],[106.813,-6.44436],[106.81671,-6.44509],[106.81986,-6.44385],[106.82325,-6.44439],[106.82379,-6.44677],[106.82284,-6.44837],[106.82309,-6.44917],[106.82192,-6.44917],[106.82055,-6.45193],[106.82114,-6.4539],[106.82211,-6.45414],[106.82231,-6.45269],[106.82342,-6.45195],[106.82533,-6.45243],[106.82462,-6.45418],[106.82537,-6.45571],[106.8241,-6.46056],[106.82426,-6.46186],[106.82635,-6.46056],[106.82652,-6.45944],[106.82761,-6.45876],[106.82698,-6.4565],[106.82821,-6.45459],[106.82882,-6.45517],[106.83212,-6.45482],[106.83273,-6.45621],[106.83331,-6.45622],[106.83325,-6.45415],[106.83215,-6.453],[106.8312,-6.45289],[106.83172,-6.45202],[106.83389,-6.45218],[106.83418,-6.4507],[106.83484,-6.45084],[106.83487,-6.45037],[106.83784,-6.4512],[106.83795,-6.44988],[106.83915,-6.44904],[106.84141,-6.4511],[106.84283,-6.44786],[106.84428,-6.44731],[106.84405,-6.44631],[106.84512,-6.44445],[106.84223,-6.44261],[106.84413,-6.43718],[106.84481,-6.4367],[106.84704,-6.43702],[106.85004,-6.436],[106.85293,-6.43614],[106.85222,-6.43794],[106.85331,-6.44138],[106.85329,-6.44893],[106.85545,-6.45555],[106.85875,-6.45594],[106.85914,-6.45506],[106.86068,-6.45617],[106.86096,-6.45551],[106.86123,-6.45625],[106.86303,-6.45578],[106.86511,-6.45631],[106.86562,-6.45709],[106.87203,-6.45583],[106.87615,-6.45831],[106.87512,-6.45916],[106.87633,-6.45974],[106.87515,-6.46378],[106.87574,-6.46495],[106.87393,-6.46744],[106.87421,-6.47077],[106.87245,-6.47015],[106.87217,-6.46895],[106.87134,-6.46892],[106.87164,-6.47037],[106.87085,-6.472],[106.87206,-6.47442],[106.87092,-6.47432],[106.87121,-6.47553],[106.86877,-6.47637],[106.86886,-6.47753],[106.87058,-6.47771],[106.87064,-6.47864],[106.87014,-6.47924],[106.86824,-6.47863],[106.86758,-6.4792],[106.86731,-6.47981],[106.86808,-6.48113],[106.86705,-6.48341],[106.8656,-6.48194],[106.8622,-6.48232],[106.86227,-6.48286],[106.86409,-6.48316],[106.86429,-6.48368],[106.86392,-6.48423],[106.86205,-6.4842],[106.86071,-6.48622],[106.86071,-6.48673],[106.86208,-6.48636],[106.86249,-6.48693],[106.86202,-6.48869],[106.85982,-6.4899],[106.86116,-6.49232],[106.85789,-6.49365],[106.86082,-6.49643],[106.86128,-6.49771],[106.85938,-6.49876],[106.8601,-6.50026],[106.85732,-6.50118],[106.85579,-6.50089],[106.85663,-6.50351],[106.85598,-6.50468],[106.85375,-6.50467],[106.85406,-6.50298],[106.85287,-6.50344],[106.85187,-6.50281],[106.85179,-6.50483],[106.85043,-6.50429],[106.85089,-6.50286],[106.84993,-6.50316],[106.84961,-6.50422],[106.85134,-6.50637],[106.8504,-6.50679],[106.84867,-6.50618],[106.8484,-6.50977],[106.84593,-6.51089],[106.84525,-6.51204],[106.84306,-6.51168],[106.84235,-6.51352],[106.8404,-6.51465],[106.83692,-6.51904],[106.83486,-6.51996],[106.82242,-6.52022],[106.8227,-6.51874],[106.82107,-6.51814],[106.82258,-6.51619],[106.82162,-6.51635],[106.82098,-6.51466],[106.81901,-6.51548]]]}},{"type":"Feature","properties":{"KODE_KEC":"32.01.02","KECAMATAN":"Gunung Putri","KAB_KOTA":"Bogor","dist_ind":8071.86,"camp_dens":0.0,"toll_pct":0.000171,"sma_grad":1422,"area_km2":60.9432,"Pred_Reko":1},"geometry":{"type":"Polygon","coordinates":[[[106.90744,-6.45692],[106.90709,-6.46023],[106.90595,-6.46185],[106.90452,-6.46227],[106.90035,-6.4619],[106.89888,-6.46456],[106.89581,-6.46487],[106.89302,-6.46615],[106.89242,-6.46743],[106.8929,-6.469],[106.89569,-6.47086],[106.89474,-6.47162],[106.89374,-6.47125],[106.89318,-6.47217],[106.89224,-6.47196],[106.89222,-6.47429],[106.88896,-6.47266],[106.88842,-6.47365],[106.88633,-6.47324],[106.88714,-6.47204],[106.88622,-6.4701],[106.88661,-6.46929],[106.88531,-6.46826],[106.88453,-6.46887],[106.88434,-6.4677],[106.88058,-6.47163],[106.88048,-6.46951],[106.87858,-6.46766],[106.87763,-6.46864],[106.87582,-6.46852],[106.87425,-6.4701],[106.87393,-6.46744],[106.87574,-6.46495],[106.87515,-6.46378],[106.87633,-6.45974],[106.87512,-6.45916],[106.87825,-6.45732],[106.8789,-6.4574],[106.87856,-6.4586],[106.87994,-6.45806],[106.88032,-6.45614],[106.88107,-6.4568],[106.88213,-6.45656],[106.88199,-6.45577],[106.88004,-6.45512],[106.8788,-6.45356],[106.87974,-6.45299],[106.88086,-6.45439],[106.88201,-6.45415],[106.8816,-6.45357],[106.8825,-6.45171],[106.88218,-6.45059],[106.88304,-6.44998],[106.88103,-6.44895],[106.88096,-6.44824],[106.88186,-6.44758],[106.88304,-6.44897],[106.88383,-6.44856],[106.8834,-6.44661],[106.88213,-6.44662],[106.88232,-6.44409],[106.88282,-6.44344],[106.88368,-6.44413],[106.88354,-6.44531],[106.8852,-6.44551],[106.88534,-6.44483],[106.88452,-6.44414],[106.88509,-6.44216],[106.88701,-6.44299],[106.8872,-6.44048],[106.88541,-6.4406],[106.88601,-6.43731],[106.88754,-6.43735],[106.88851,-6.43599],[106.88808,-6.43479],[106.88949,-6.43432],[106.89109,-6.43466],[106.89177,-6.43386],[106.89118,-6.43251],[106.89017,-6.43242],[106.89274,-6.4284],[106.8919,-6.42733],[106.89283,-6.42647],[106.89517,-6.42799],[106.89449,-6.42497],[106.89699,-6.42621],[106.89908,-6.4261],[106.8989,-6.42363],[106.89997,-6.423],[106.89894,-6.42257],[106.89944,-6.42149],[106.89897,-6.41974],[106.8996,-6.41962],[106.90014,-6.42069],[106.90052,-6.419],[106.90325,-6.41797],[106.90346,-6.41917],[106.9041,-6.41902],[106.90605,-6.41575],[106.90535,-6.41266],[106.90797,-6.41517],[106.90848,-6.41159],[106.91062,-6.41357],[106.91215,-6.41332],[106.91291,-6.41194],[106.91454,-6.41289],[106.91389,-6.41469],[106.91467,-6.41496],[106.91595,-6.41081],[106.91722,-6.40908],[106.91586,-6.40827],[106.91601,-6.40728],[106.91506,-6.40661],[106.91654,-6.40643],[106.91722,-6.4056],[106.91584,-6.40493],[106.91707,-6.4037],[106.91595,-6.40127],[106.91643,-6.40062],[106.91817,-6.40057],[106.91767,-6.3999],[106.9161,-6.39975],[106.91827,-6.39823],[106.91765,-6.39741],[106.91871,-6.39593],[106.9212,-6.39701],[106.92158,-6.39475],[106.92282,-6.39448],[106.92087,-6.39293],[106.92221,-6.3902],[106.92182,-6.38887],[106.92328,-6.3899],[106.92331,-6.38866],[106.92476,-6.38612],[106.92542,-6.38628],[106.92533,-6.38798],[106.92595,-6.38834],[106.9266,-6.38546],[106.92749,-6.38652],[106.92936,-6.38625],[106.93063,-6.38546],[106.93177,-6.38344],[106.93435,-6.38322],[106.93515,-6.38185],[106.93577,-6.38275],[106.93656,-6.38256],[106.93773,-6.3805],[106.93632,-6.38019],[106.93538,-6.37868],[106.93797,-6.37868],[106.93737,-6.37765],[106.93822,-6.37704],[106.93892,-6.37513],[106.93799,-6.37402],[106.94068,-6.37149],[106.93951,-6.37131],[106.9387,-6.37224],[106.93855,-6.37078],[106.94018,-6.37061],[106.94214,-6.36917],[106.94232,-6.36728],[106.94344,-6.36738],[106.94348,-6.3692],[106.94552,-6.36846],[106.94512,-6.36627],[106.94395,-6.36641],[106.94489,-6.36534],[106.94449,-6.36417],[106.94607,-6.36326],[106.94597,-6.36205],[106.94717,-6.36023],[106.94607,-6.36026],[106.94464,-6.35901],[106.94368,-6.35955],[106.94395,-6.35805],[106.94453,-6.35767],[106.94699,-6.35821],[106.94631,-6.35948],[106.94868,-6.35868],[106.94751,-6.35826],[106.94738,-6.35748],[106.94945,-6.35518],[106.94957,-6.35403],[106.95067,-6.35326],[106.95244,-6.35373],[106.95229,-6.35263],[106.95031,-6.35167],[106.95013,-6.35091],[106.95207,-6.3491],[106.95347,-6.35121],[106.95406,-6.3492],[106.95337,-6.34825],[106.95214,-6.34868],[106.95025,-6.34418],[106.95466,-6.34451],[106.95475,-6.34323],[106.95305,-6.34269],[106.95299,-6.34002],[106.95503,-6.34007],[106.95556,-6.33898],[106.9571,-6.33961],[106.95689,-6.33756],[106.95946,-6.3354],[106.96022,-6.3358],[106.96128,-6.33507],[106.96175,-6.33603],[106.96159,-6.33382],[106.96241,-6.33312],[106.96141,-6.33248],[106.96038,-6.33369],[106.96021,-6.3315],[106.96107,-6.33066],[106.96237,-6.33109],[106.96205,-6.32964],[106.96322,-6.3295],[106.96356,-6.32885],[106.96243,-6.32702],[106.9616,-6.32842],[106.96079,-6.3264],[106.96136,-6.32581],[106.9638,-6.32679],[106.96481,-6.32495],[106.96167,-6.32501],[106.96198,-6.32264],[106.96103,-6.32245],[106.96025,-6.32138],[106.96206,-6.32009],[106.96244,-6.31816],[106.96357,-6.31813],[106.96375,-6.31708],[106.96095,-6.31481],[106.96218,-6.31394],[106.96113,-6.31297],[106.9615,-6.31221],[106.96311,-6.31277],[106.96348,-6.31206],[106.96248,-6.31021],[106.96104,-6.30958],[106.96117,-6.30853],[106.9616,-6.30824],[106.96304,-6.30908],[106.96417,-6.30849],[106.96369,-6.31024],[106.96512,-6.31011],[106.96466,-6.30888],[106.96535,-6.30687],[106.96654,-6.30687],[106.96447,-6.30506],[106.96701,-6.30511],[106.96609,-6.30424],[106.96682,-6.30303],[106.96764,-6.3046],[106.9702,-6.30557],[106.97032,-6.30473],[106.96906,-6.30397],[106.96957,-6.30298],[106.96836,-6.30309],[106.97075,-6.30226],[106.97041,-6.30401],[106.97203,-6.30421],[106.97328,-6.3116],[106.97432,-6.3124],[106.97969,-6.31379],[106.98092,-6.31527],[106.97634,-6.31918],[106.97732,-6.32155],[106.97666,-6.32395],[106.97731,-6.32593],[106.97702,-6.33149],[106.97518,-6.33184],[106.975,-6.33046],[106.97437,-6.33009],[106.97343,-6.33043],[106.97249,-6.33193],[106.97255,-6.33296],[106.97463,-6.33323],[106.97547,-6.33521],[106.97417,-6.33591],[106.97284,-6.33861],[106.97284,-6.34008],[106.97575,-6.33945],[106.97576,-6.34101],[106.97148,-6.34295],[106.96907,-6.34151],[106.9666,-6.34166],[106.96616,-6.3422],[106.96805,-6.34302],[106.96849,-6.34514],[106.97003,-6.34641],[106.97267,-6.34682],[106.97207,-6.34788],[106.96623,-6.35187],[106.96868,-6.35501],[106.96747,-6.36134],[106.96934,-6.36397],[106.96599,-6.36459],[106.96486,-6.36327],[106.96371,-6.36351],[106.9653,-6.37034],[106.96222,-6.37338],[106.96124,-6.37562],[106.96166,-6.37748],[106.96344,-6.3774],[106.964,-6.37838],[106.96154,-6.38076],[106.96115,-6.3844],[106.95715,-6.38442],[106.95687,-6.3885],[106.95227,-6.3882],[106.95245,-6.38938],[106.95135,-6.39167],[106.95258,-6.39345],[106.95253,-6.39612],[106.95551,-6.39663],[106.9543,-6.40077],[106.95457,-6.40152],[106.95697,-6.40148],[106.95422,-6.40588],[106.95122,-6.40574],[106.95254,-6.40788],[106.95306,-6.41069],[106.9503,-6.41386],[106.95099,-6.41938],[106.95167,-6.41941],[106.95283,-6.41806],[106.95294,-6.41619],[106.95385,-6.41642],[106.95543,-6.41763],[106.95676,-6.42269],[106.95122,-6.42652],[106.95229,-6.42817],[106.95195,-6.43143],[106.95269,-6.43312],[106.95269,-6.43609],[106.94876,-6.43636],[106.94634,-6.43336],[106.94372,-6.43274],[106.94308,-6.43391],[106.94178,-6.434],[106.9413,-6.43084],[106.94012,-6.43018],[106.93821,-6.43332],[106.93888,-6.43491],[106.93717,-6.43653],[106.93716,-6.4389],[106.93592,-6.44093],[106.93693,-6.44271],[106.93483,-6.44303],[106.93346,-6.444],[106.93143,-6.44402],[106.9312,-6.44467],[106.93218,-6.44574],[106.93039,-6.44764],[106.92845,-6.44685],[106.92748,-6.4471],[106.92408,-6.45405],[106.92428,-6.45647],[106.92328,-6.45808],[106.92027,-6.45837],[106.9178,-6.4555],[106.91525,-6.4547],[106.91461,-6.45564],[106.91569,-6.45765],[106.91573,-6.45911],[106.91506,-6.46012],[106.91343,-6.4604],[106.91268,-6.46012],[106.91189,-6.45798],[106.91026,-6.4564],[106.90744,-6.45692]]]}},{"type":"Feature","properties":{"KODE_KEC":"32.01.07","KECAMATAN":"Cileungsi","KAB_KOTA":"Bogor","dist_ind":11843.35,"camp_dens":0.0,"toll_pct":0.0,"sma_grad":1451,"area_km2":70.1613,"Pred_Reko":0},"geometry":{"type":"Polygon","coordinates":[[[106.98173,-6.43805],[106.98074,-6.43823],[106.97863,-6.44201],[106.97511,-6.44042],[106.97209,-6.44009],[106.97137,-6.44206],[106.97038,-6.44176],[106.96765,-6.44445],[106.96782,-6.44517],[106.96449,-6.44679],[106.9619,-6.4428],[106.96188,-6.44069],[106.96019,-6.44075],[106.95618,-6.44234],[106.95128,-6.44041],[106.95248,-6.43965],[106.95122,-6.43814],[106.95269,-6.43609],[106.95274,-6.4336],[106.95198,-6.43176],[106.95229,-6.42817],[106.95122,-6.42652],[106.95676,-6.42269],[106.95543,-6.41763],[106.95385,-6.41642],[106.95294,-6.41619],[106.95283,-6.41806],[106.95167,-6.41941],[106.95099,-6.41938],[106.9503,-6.41386],[106.95306,-6.41069],[106.95254,-6.40788],[106.95122,-6.40574],[106.95422,-6.40588],[106.95697,-6.40148],[106.95457,-6.40152],[106.9543,-6.40077],[106.95551,-6.39663],[106.95253,-6.39612],[106.95258,-6.39345],[106.95135,-6.39167],[106.95245,-6.38938],[106.95227,-6.3882],[106.95687,-6.3885],[106.95715,-6.38442],[106.96115,-6.3844],[106.96154,-6.38076],[106.964,-6.37838],[106.96344,-6.3774],[106.96166,-6.37748],[106.96129,-6.37537],[106.9641,-6.37096],[106.9653,-6.37034],[106.96371,-6.36351],[106.96486,-6.36327],[106.96599,-6.36459],[106.96934,-6.36397],[106.96747,-6.36134],[106.96868,-6.35501],[106.96623,-6.35187],[106.9696,-6.34911],[106.97292,-6.35149],[106.97703,-6.35318],[106.97687,-6.35518],[106.98001,-6.35676],[106.98015,-6.35745],[106.98181,-6.35775],[106.98089,-6.36067],[106.97917,-6.36195],[106.97977,-6.36413],[106.98643,-6.36345],[106.98758,-6.36392],[106.9871,-6.36451],[106.98805,-6.3646],[106.98822,-6.36362],[106.98966,-6.36381],[106.99064,-6.36321],[106.99185,-6.3637],[106.99161,-6.36451],[106.99455,-6.36597],[106.99458,-6.36975],[106.99363,-6.37204],[106.99407,-6.3731],[106.99686,-6.3744],[106.99693,-6.37643],[106.99927,-6.37695],[106.99945,-6.37734],[106.99755,-6.37798],[106.99756,-6.37884],[107.00187,-6.37894],[107.0036,-6.37774],[107.00365,-6.3758],[107.00455,-6.37646],[107.0044,-6.37771],[107.00545,-6.37744],[107.00637,-6.37803],[107.00449,-6.38312],[107.00492,-6.38331],[107.00462,-6.38406],[107.00414,-6.38392],[107.00319,-6.38661],[107.00386,-6.38729],[107.00489,-6.3868],[107.00477,-6.38786],[107.00626,-6.38777],[107.006,-6.38881],[107.00662,-6.38948],[107.00727,-6.3886],[107.00813,-6.3911],[107.00933,-6.39162],[107.01062,-6.39035],[107.01226,-6.39129],[107.00961,-6.39348],[107.0085,-6.39548],[107.00885,-6.39782],[107.00839,-6.40035],[107.00911,-6.40067],[107.00892,-6.40189],[107.01001,-6.40236],[107.01255,-6.40091],[107.01267,-6.40191],[107.01359,-6.40166],[107.01354,-6.40303],[107.01406,-6.40168],[107.01985,-6.40039],[107.02092,-6.40179],[107.0199,-6.40256],[107.01995,-6.40469],[107.02242,-6.40375],[107.0224,-6.40509],[107.02431,-6.40487],[107.02433,-6.40554],[107.02312,-6.40594],[107.02306,-6.40713],[107.02173,-6.40721],[107.02165,-6.40779],[107.0231,-6.40757],[107.02359,-6.4095],[107.0268,-6.40879],[107.02681,-6.41014],[107.02956,-6.40979],[107.03065,-6.41129],[107.03181,-6.40993],[107.03329,-6.40938],[107.03492,-6.40543],[107.03802,-6.4051],[107.04112,-6.40699],[107.04172,-6.40681],[107.04359,-6.40454],[107.04438,-6.4045],[107.04611,-6.40285],[107.04748,-6.39894],[107.04719,-6.39798],[107.05144,-6.39436],[107.05482,-6.39566],[107.05514,-6.39719],[107.05816,-6.39749],[107.05967,-6.39861],[107.06116,-6.39814],[107.06249,-6.39908],[107.06127,-6.4015],[107.0588,-6.40077],[107.05897,-6.40305],[107.05699,-6.40291],[107.05681,-6.40408],[107.05447,-6.40512],[107.05438,-6.4068],[107.05683,-6.40707],[107.05679,-6.40801],[107.05833,-6.41052],[107.05778,-6.41115],[107.05555,-6.41117],[107.05438,-6.41265],[107.05507,-6.41391],[107.05757,-6.41496],[107.05765,-6.4156],[107.05549,-6.41659],[107.05545,-6.41555],[107.05221,-6.41535],[107.05121,-6.41723],[107.05516,-6.42072],[107.05455,-6.41939],[107.05538,-6.41884],[107.0555,-6.41753],[107.05642,-6.41762],[107.05669,-6.42235],[107.05841,-6.42307],[107.05716,-6.4242],[107.05892,-6.42662],[107.05592,-6.42748],[107.0546,-6.42894],[107.05477,-6.42952],[107.05602,-6.42915],[107.05644,-6.43182],[107.05299,-6.43196],[107.05178,-6.43493],[107.05304,-6.43574],[107.0529,-6.43672],[107.05179,-6.43619],[107.0513,-6.43689],[107.04932,-6.43689],[107.04824,-6.4387],[107.04778,-6.4381],[107.04839,-6.43697],[107.04787,-6.43674],[107.04569,-6.43906],[107.04309,-6.43874],[107.03961,-6.44074],[107.03857,-6.43931],[107.03751,-6.44013],[107.03791,-6.44122],[107.03509,-6.44246],[107.03279,-6.44248],[107.0328,-6.44322],[107.03123,-6.44463],[107.03008,-6.44399],[107.02874,-6.44585],[107.02763,-6.44533],[107.02763,-6.44684],[107.0269,-6.4456],[107.02805,-6.44359],[107.02608,-6.4414],[107.02609,-6.43911],[107.02384,-6.43818],[107.02248,-6.43843],[107.02205,-6.43594],[107.02043,-6.43518],[107.01926,-6.4363],[107.01655,-6.43736],[107.01441,-6.43737],[107.01393,-6.43826],[107.0124,-6.43792],[107.01244,-6.43952],[107.0103,-6.44108],[107.00904,-6.44044],[107.00726,-6.44075],[107.0069,-6.4421],[107.00572,-6.44314],[106.99943,-6.44393],[106.99772,-6.44516],[106.99655,-6.44335],[106.99209,-6.44115],[106.99235,-6.44032],[106.99168,-6.43918],[106.98625,-6.43963],[106.98541,-6.439],[106.98372,-6.43967],[106.98173,-6.43805]]]}},{"type":"Feature","properties":{"KODE_KEC":"32.01.08","KECAMATAN":"Cariu","KAB_KOTA":"Bogor","dist_ind":15470.03,"camp_dens":0.0,"toll_pct":0.0,"sma_grad":3315,"area_km2":84.8605,"Pred_Reko":1},"geometry":{"type":"Polygon","coordinates":[[[107.16813,-6.56816],[107.16633,-6.57389],[107.16351,-6.57256],[107.15712,-6.57113],[107.15758,-6.56935],[107.15388,-6.56796],[107.15241,-6.57031],[107.15164,-6.57481],[107.14743,-6.57178],[107.14582,-6.57132],[107.14394,-6.57188],[107.14368,-6.56869],[107.14103,-6.56666],[107.14211,-6.56595],[107.14179,-6.56551],[107.14106,-6.5654],[107.14018,-6.56757],[107.1377,-6.56653],[107.13444,-6.56695],[107.13098,-6.56535],[107.12744,-6.56191],[107.12228,-6.56172],[107.1221,-6.55899],[107.12114,-6.55969],[107.11851,-6.55963],[107.11536,-6.56086],[107.11402,-6.55997],[107.11338,-6.56072],[107.1113,-6.56023],[107.10849,-6.56093],[107.10691,-6.55992],[107.10325,-6.55917],[107.10015,-6.56029],[107.09853,-6.55938],[107.09731,-6.56084],[107.09543,-6.56046],[107.0936,-6.56155],[107.08989,-6.56498],[107.08322,-6.56651],[107.07895,-6.56646],[107.07869,-6.55827],[107.08132,-6.55588],[107.08157,-6.55341],[107.08333,-6.55128],[107.08588,-6.54366],[107.08786,-6.54124],[107.0879,-6.53991],[107.08552,-6.53533],[107.0871,-6.53563],[107.08734,-6.53322],[107.0887,-6.53391],[107.08964,-6.53266],[107.09095,-6.53273],[107.09176,-6.53181],[107.09517,-6.53081],[107.09655,-6.5297],[107.0973,-6.52519],[107.10124,-6.52339],[107.10167,-6.52177],[107.1037,-6.51931],[107.10477,-6.51613],[107.10612,-6.51531],[107.1091,-6.51048],[107.10921,-6.50907],[107.11157,-6.50813],[107.10966,-6.50558],[107.10713,-6.50363],[107.10732,-6.50286],[107.10927,-6.50234],[107.10924,-6.50051],[107.10628,-6.49957],[107.10528,-6.49797],[107.1057,-6.49522],[107.10491,-6.49538],[107.10339,-6.49433],[107.10611,-6.49364],[107.10545,-6.49151],[107.10835,-6.4904],[107.10864,-6.48944],[107.10645,-6.48849],[107.10638,-6.48748],[107.1056,-6.48764],[107.10463,-6.4869],[107.10542,-6.48472],[107.10333,-6.48539],[107.10314,-6.48461],[107.10396,-6.48398],[107.1052,-6.48422],[107.10537,-6.4821],[107.10612,-6.48312],[107.10698,-6.48285],[107.10624,-6.48066],[107.1068,-6.48146],[107.10814,-6.48137],[107.10882,-6.48262],[107.11041,-6.48185],[107.11013,-6.48318],[107.11156,-6.48297],[107.11165,-6.48379],[107.11325,-6.4827],[107.11369,-6.48402],[107.1159,-6.48377],[107.11611,-6.48159],[107.11669,-6.48193],[107.11672,-6.48331],[107.11794,-6.48172],[107.12092,-6.48126],[107.12166,-6.4818],[107.122,-6.48111],[107.12373,-6.48253],[107.12425,-6.48081],[107.12486,-6.48225],[107.12565,-6.48227],[107.12546,-6.48126],[107.12594,-6.48095],[107.12655,-6.48139],[107.12606,-6.48217],[107.12658,-6.48224],[107.12721,-6.48036],[107.12633,-6.48018],[107.12842,-6.47945],[107.12841,-6.47875],[107.1297,-6.47947],[107.12926,-6.47775],[107.13119,-6.47809],[107.13025,-6.47701],[107.13066,-6.47601],[107.12918,-6.47551],[107.13122,-6.47558],[107.13017,-6.47475],[107.13061,-6.47295],[107.12963,-6.47325],[107.12938,-6.47238],[107.13004,-6.47178],[107.12991,-6.4708],[107.13101,-6.47081],[107.13051,-6.46983],[107.12928,-6.47002],[107.13143,-6.46808],[107.13291,-6.46858],[107.13201,-6.46783],[107.13337,-6.46696],[107.13191,-6.46593],[107.13253,-6.46544],[107.13225,-6.46362],[107.13406,-6.46482],[107.13543,-6.46694],[107.13837,-6.46821],[107.13886,-6.46968],[107.14084,-6.47165],[107.14454,-6.47166],[107.14616,-6.47287],[107.14671,-6.47171],[107.15152,-6.47425],[107.15416,-6.47481],[107.15855,-6.47732],[107.15978,-6.47834],[107.15973,-6.4791],[107.16016,-6.47931],[107.16052,-6.47849],[107.16197,-6.47925],[107.1617,-6.48078],[107.16343,-6.48095],[107.16761,-6.4839],[107.1698,-6.48389],[107.17073,-6.48463],[107.17102,-6.48394],[107.1736,-6.48487],[107.17395,-6.48583],[107.17426,-6.49081],[107.16972,-6.49233],[107.16939,-6.49375],[107.17024,-6.49534],[107.17006,-6.49656],[107.1666,-6.4972],[107.16601,-6.5],[107.16434,-6.50157],[107.16514,-6.50332],[107.16457,-6.50672],[107.16528,-6.50883],[107.16475,-6.51086],[107.16544,-6.51164],[107.16758,-6.51134],[107.16781,-6.5145],[107.1664,-6.51613],[107.16854,-6.51724],[107.16855,-6.51961],[107.16974,-6.52209],[107.16929,-6.52282],[107.17125,-6.52317],[107.1725,-6.52676],[107.17393,-6.52739],[107.17516,-6.52946],[107.17537,-6.53175],[107.17451,-6.53274],[107.17654,-6.53298],[107.17594,-6.5364],[107.17616,-6.53821],[107.17812,-6.54035],[107.17737,-6.54316],[107.17829,-6.54499],[107.17781,-6.54634],[107.17886,-6.54779],[107.17808,-6.54927],[107.17874,-6.55029],[107.17869,-6.55197],[107.18127,-6.55319],[107.18152,-6.55453],[107.18434,-6.55555],[107.18543,-6.55771],[107.18506,-6.55924],[107.18596,-6.56084],[107.18765,-6.56174],[107.18959,-6.56161],[107.19062,-6.56513],[107.19042,-6.56754],[107.19121,-6.56895],[107.19077,-6.5717],[107.19188,-6.57318],[107.18919,-6.57547],[107.18781,-6.57772],[107.18716,-6.57745],[107.18544,-6.57397],[107.1832,-6.57412],[107.17975,-6.57109],[107.17465,-6.57095],[107.17427,-6.56986],[107.16813,-6.56816]]]}},{"type":"Feature","properties":{"KODE_KEC":"32.01.05","KECAMATAN":"Babakan Madang","KAB_KOTA":"Bogor","dist_ind":9716.77,"camp_dens":0.0109,"toll_pct":0.000119,"sma_grad":617,"area_km2":91.6179,"Pred_Reko":0},"geometry":{"type":"Polygon","coordinates":[[[106.93891,-6.625],[106.93073,-6.62865],[106.92849,-6.63067],[106.92554,-6.63152],[106.92264,-6.63117],[106.91427,-6.63307],[106.90851,-6.63069],[106.90626,-6.63098],[106.90323,-6.63371],[106.90008,-6.63384],[106.89555,-6.63055],[106.89419,-6.63026],[106.89467,-6.62838],[106.89403,-6.6268],[106.89305,-6.62525],[106.89159,-6.62478],[106.89078,-6.62369],[106.88828,-6.62373],[106.88504,-6.62492],[106.88452,-6.62432],[106.88286,-6.62438],[106.88228,-6.62297],[106.8812,-6.62443],[106.88031,-6.62345],[106.87762,-6.62392],[106.87694,-6.6234],[106.87264,-6.62362],[106.87177,-6.62252],[106.86966,-6.62199],[106.86829,-6.61935],[106.86603,-6.61893],[106.86054,-6.61635],[106.85761,-6.61454],[106.85724,-6.61254],[106.85598,-6.61242],[106.85688,-6.61118],[106.85567,-6.61],[106.85683,-6.60815],[106.85613,-6.60741],[106.85681,-6.60563],[106.85846,-6.60574],[106.85922,-6.60392],[106.85981,-6.60509],[106.86198,-6.60271],[106.86155,-6.59752],[106.86255,-6.5961],[106.86119,-6.59568],[106.86007,-6.59657],[106.85886,-6.59633],[106.85849,-6.59745],[106.85682,-6.59693],[106.85701,-6.59628],[106.85648,-6.59621],[106.85667,-6.59827],[106.85619,-6.5986],[106.85196,-6.59662],[106.85195,-6.59591],[106.85472,-6.59492],[106.85436,-6.59438],[106.85308,-6.59483],[106.85143,-6.59434],[106.85047,-6.59099],[106.85296,-6.58609],[106.85273,-6.58402],[106.85429,-6.58063],[106.85267,-6.58003],[106.85182,-6.57872],[106.852,-6.57773],[106.84929,-6.57845],[106.84814,-6.57768],[106.8474,-6.57895],[106.84551,-6.57701],[106.84555,-6.57544],[106.84751,-6.57329],[106.84829,-6.57139],[106.84569,-6.56953],[106.84487,-6.57012],[106.845,-6.56803],[106.84255,-6.56735],[106.84054,-6.56577],[106.83994,-6.56344],[106.83832,-6.5625],[106.83889,-6.56097],[106.83986,-6.5608],[106.84048,-6.55946],[106.84201,-6.55872],[106.8404,-6.5562],[106.83928,-6.55671],[106.83906,-6.55613],[106.8422,-6.55449],[106.84224,-6.55359],[106.844,-6.55244],[106.8439,-6.55115],[106.8431,-6.55083],[106.84414,-6.54833],[106.84301,-6.54753],[106.84389,-6.54662],[106.84344,-6.5459],[106.8445,-6.5437],[106.8444,-6.54182],[106.84523,-6.54165],[106.84532,-6.54081],[106.84643,-6.54108],[106.84801,-6.54006],[106.84629,-6.53935],[106.84714,-6.5377],[106.84555,-6.53731],[106.84459,-6.53785],[106.84313,-6.53658],[106.84346,-6.53567],[106.84549,-6.53542],[106.84571,-6.53406],[106.84547,-6.53321],[106.84453,-6.53288],[106.84536,-6.53082],[106.84541,-6.52666],[106.84338,-6.52623],[106.84306,-6.52559],[106.84448,-6.52496],[106.84477,-6.52309],[106.84638,-6.52224],[106.84415,-6.52236],[106.84362,-6.51871],[106.84186,-6.51905],[106.84137,-6.51826],[106.84349,-6.51759],[106.84186,-6.51603],[106.84346,-6.51531],[106.84377,-6.51344],[106.84655,-6.51477],[106.84652,-6.51307],[106.84528,-6.51202],[106.84593,-6.51089],[106.8486,-6.50956],[106.84867,-6.50618],[106.8504,-6.50679],[106.85134,-6.50637],[106.84961,-6.50422],[106.84993,-6.50316],[106.85089,-6.50286],[106.85043,-6.50429],[106.85179,-6.50483],[106.85187,-6.50281],[106.85287,-6.50344],[106.85415,-6.50302],[106.85375,-6.50467],[106.85626,-6.50852],[106.85409,-6.51151],[106.85554,-6.51275],[106.85423,-6.51564],[106.85414,-6.51658],[106.85496,-6.51747],[106.85441,-6.52266],[106.85548,-6.52294],[106.85795,-6.52202],[106.86155,-6.52331],[106.85842,-6.53404],[106.86334,-6.54576],[106.867,-6.5517],[106.86759,-6.55552],[106.86892,-6.55719],[106.87041,-6.55789],[106.8722,-6.56064],[106.87711,-6.56214],[106.87558,-6.56508],[106.87793,-6.56613],[106.87949,-6.56808],[106.88094,-6.56875],[106.88266,-6.57161],[106.88515,-6.5725],[106.88881,-6.57253],[106.89069,-6.57142],[106.89352,-6.57163],[106.89418,-6.5709],[106.89986,-6.56903],[106.90133,-6.57015],[106.90337,-6.56922],[106.9053,-6.56929],[106.90654,-6.57053],[106.90801,-6.57014],[106.9105,-6.57099],[106.91133,-6.57051],[106.91175,-6.57233],[106.91385,-6.57189],[106.91423,-6.57369],[106.9159,-6.57418],[106.9166,-6.57326],[106.91749,-6.57353],[106.91911,-6.57098],[106.92059,-6.57064],[106.92248,-6.56816],[106.92556,-6.56609],[106.92847,-6.56118],[106.93046,-6.56118],[106.93825,-6.55887],[106.93948,-6.56017],[106.94088,-6.56004],[106.94018,-6.56641],[106.93888,-6.56708],[106.93889,-6.57269],[106.9399,-6.57372],[106.9389,-6.57779],[106.94007,-6.57848],[106.93945,-6.58009],[106.9423,-6.5822],[106.94248,-6.58323],[106.94319,-6.58227],[106.94383,-6.58271],[106.94549,-6.58221],[106.94642,-6.58291],[106.95004,-6.58212],[106.95069,-6.58258],[106.95111,-6.58482],[106.95377,-6.58526],[106.95417,-6.58645],[106.95365,-6.58791],[106.95444,-6.58887],[106.95412,-6.59082],[106.955,-6.5927],[106.95413,-6.59457],[106.95727,-6.59724],[106.95736,-6.59859],[106.95886,-6.60011],[106.95952,-6.60297],[106.96458,-6.60692],[106.96655,-6.60982],[106.96904,-6.60971],[106.97135,-6.61083],[106.97249,-6.61354],[106.97486,-6.61532],[106.97581,-6.61776],[106.97609,-6.62309],[106.97697,-6.62595],[106.97506,-6.63059],[106.97557,-6.63492],[106.97486,-6.63901],[106.9755,-6.64159],[106.96879,-6.63399],[106.96451,-6.63446],[106.96031,-6.63125],[106.95539,-6.63541],[106.95006,-6.63478],[106.94505,-6.63117],[106.93891,-6.625]]]}},{"type":"Feature","properties":{"KODE_KEC":"32.01.06","KECAMATAN":"Jonggol","KAB_KOTA":"Bogor","dist_ind":15445.53,"camp_dens":0.0,"toll_pct":0.0,"sma_grad":1579,"area_km2":135.4179,"Pred_Reko":0},"geometry":{"type":"Polygon","coordinates":[[[107.03452,-6.54054],[107.03285,-6.54558],[107.03036,-6.54617],[107.03197,-6.54789],[107.0299,-6.54794],[107.02718,-6.55217],[107.02636,-6.5517],[107.02612,-6.55304],[107.02706,-6.55464],[107.02474,-6.55727],[107.02715,-6.56141],[107.02824,-6.56152],[107.02891,-6.56068],[107.031,-6.56132],[107.03421,-6.56419],[107.03551,-6.56669],[107.03899,-6.5663],[107.043,-6.56884],[107.04323,-6.57023],[107.04068,-6.57299],[107.03988,-6.5783],[107.03772,-6.58312],[107.02999,-6.58313],[107.02334,-6.58124],[107.0207,-6.5817],[107.01791,-6.57876],[107.01771,-6.57572],[107.01538,-6.57385],[107.01243,-6.57267],[107.01175,-6.57039],[107.00895,-6.56625],[107.00587,-6.5591],[107.0071,-6.55555],[107.0069,-6.55197],[107.00558,-6.55324],[106.99106,-6.5533],[106.98627,-6.55609],[106.97926,-6.55826],[106.9771,-6.55794],[106.97493,-6.55859],[106.97029,-6.55716],[106.97314,-6.55663],[106.97676,-6.55278],[106.98065,-6.55265],[106.98705,-6.55094],[106.98618,-6.55078],[106.98571,-6.54946],[106.98606,-6.54727],[106.98543,-6.54408],[106.98706,-6.53958],[106.98727,-6.53674],[106.9919,-6.535],[106.99429,-6.5282],[106.99496,-6.52232],[106.99408,-6.52255],[106.99301,-6.5242],[106.99067,-6.52526],[106.98995,-6.52716],[106.98867,-6.52743],[106.98705,-6.52935],[106.98418,-6.52954],[106.98131,-6.52859],[106.98055,-6.53043],[106.97803,-6.5314],[106.97702,-6.53307],[106.97363,-6.53358],[106.97717,-6.52377],[106.97966,-6.52125],[106.98148,-6.51597],[106.98296,-6.51539],[106.98629,-6.51227],[106.99279,-6.50854],[106.99435,-6.50577],[106.99606,-6.50443],[107.0,-6.50203],[107.00227,-6.50171],[107.00437,-6.50038],[107.0056,-6.49597],[107.00395,-6.49367],[107.00229,-6.49355],[107.00205,-6.49161],[107.00137,-6.49151],[107.00185,-6.48981],[107.00101,-6.48919],[107.00102,-6.4867],[107.00053,-6.48642],[107.00171,-6.48457],[107.00141,-6.4838],[107.0004,-6.48399],[107.0011,-6.4833],[106.99987,-6.48276],[107.00014,-6.48163],[107.00162,-6.48195],[107.00221,-6.48057],[107.00207,-6.47843],[107.0029,-6.47606],[107.00224,-6.4755],[107.00287,-6.4753],[107.00184,-6.47537],[107.00099,-6.47339],[107.00027,-6.47391],[107.0,-6.47263],[106.99894,-6.47191],[106.999,-6.47013],[106.99438,-6.46788],[106.99339,-6.46556],[106.99489,-6.46302],[106.99849,-6.46099],[107.0,-6.45871],[107.0019,-6.45921],[107.00355,-6.45847],[107.0036,-6.45631],[107.00459,-6.45701],[107.00503,-6.45671],[107.0044,-6.45579],[107.00593,-6.45514],[107.00539,-6.45449],[107.00557,-6.45289],[107.00457,-6.45269],[107.00622,-6.45032],[107.00626,-6.44825],[107.00803,-6.44776],[107.01073,-6.44981],[107.01054,-6.44888],[107.01192,-6.44801],[107.01157,-6.44728],[107.01242,-6.44614],[107.01384,-6.44593],[107.01361,-6.44489],[107.01609,-6.44422],[107.02,-6.44471],[107.0201,-6.4438],[107.02089,-6.44349],[107.02266,-6.44504],[107.02574,-6.44493],[107.02673,-6.44707],[107.02739,-6.44715],[107.02763,-6.44533],[107.02874,-6.44585],[107.03008,-6.44399],[107.03123,-6.44463],[107.0328,-6.44322],[107.03279,-6.44248],[107.03509,-6.44246],[107.03791,-6.44122],[107.03751,-6.44013],[107.03857,-6.43931],[107.03961,-6.44074],[107.04309,-6.43874],[107.04569,-6.43906],[107.04787,-6.43674],[107.04839,-6.43697],[107.04778,-6.4381],[107.04824,-6.4387],[107.04932,-6.43689],[107.0513,-6.43689],[107.05179,-6.43619],[107.0529,-6.43672],[107.05304,-6.43574],[107.05178,-6.43493],[107.05299,-6.43196],[107.05639,-6.43191],[107.05624,-6.43008],[107.05761,-6.42951],[107.05917,-6.43142],[107.05943,-6.43357],[107.05527,-6.43476],[107.05539,-6.43573],[107.0566,-6.43539],[107.05644,-6.4362],[107.05767,-6.43563],[107.0572,-6.43636],[107.0576,-6.43668],[107.05939,-6.43619],[107.05956,-6.43523],[107.06121,-6.43394],[107.06313,-6.43387],[107.07325,-6.44022],[107.07914,-6.44247],[107.07955,-6.44356],[107.08432,-6.44657],[107.08548,-6.4485],[107.08667,-6.44807],[107.08953,-6.44871],[107.09049,-6.45047],[107.09337,-6.45144],[107.10068,-6.45567],[107.10113,-6.45497],[107.10525,-6.45679],[107.10512,-6.45771],[107.10661,-6.45957],[107.10958,-6.46061],[107.11143,-6.46288],[107.11293,-6.46328],[107.1135,-6.46463],[107.11863,-6.46543],[107.11996,-6.46817],[107.12265,-6.46828],[107.1264,-6.47065],[107.12913,-6.47177],[107.13001,-6.4715],[107.12951,-6.47314],[107.13061,-6.47295],[107.13017,-6.47475],[107.13123,-6.47554],[107.12918,-6.47554],[107.13066,-6.47601],[107.13025,-6.47701],[107.13119,-6.47809],[107.12926,-6.47775],[107.1297,-6.47947],[107.12841,-6.47875],[107.12842,-6.47945],[107.12633,-6.48018],[107.12722,-6.48044],[107.12654,-6.48226],[107.12605,-6.48214],[107.12655,-6.48139],[107.12601,-6.48095],[107.12548,-6.48119],[107.12561,-6.48232],[107.12481,-6.48222],[107.12425,-6.48081],[107.12373,-6.48253],[107.122,-6.48111],[107.12166,-6.4818],[107.12092,-6.48126],[107.11794,-6.48172],[107.11672,-6.48331],[107.11669,-6.48193],[107.11611,-6.48159],[107.1159,-6.48377],[107.11369,-6.48402],[107.11325,-6.4827],[107.11165,-6.48379],[107.11156,-6.48297],[107.11013,-6.48318],[107.11041,-6.48185],[107.10882,-6.48262],[107.10814,-6.48137],[107.1068,-6.48146],[107.10624,-6.48066],[107.10698,-6.48285],[107.10612,-6.48312],[107.10537,-6.4821],[107.1052,-6.48422],[107.10396,-6.48398],[107.10314,-6.48461],[107.10333,-6.48539],[107.10542,-6.48472],[107.10463,-6.4869],[107.1056,-6.48764],[107.10638,-6.48748],[107.10645,-6.48849],[107.10864,-6.48944],[107.10835,-6.4904],[107.10545,-6.49151],[107.10611,-6.49364],[107.10339,-6.49433],[107.10491,-6.49538],[107.1057,-6.49522],[107.10528,-6.49797],[107.10628,-6.49957],[107.10924,-6.50051],[107.10927,-6.50234],[107.10732,-6.50286],[107.10713,-6.50363],[107.11162,-6.50786],[107.10921,-6.50907],[107.1091,-6.51048],[107.10612,-6.51531],[107.10477,-6.51613],[107.1037,-6.51931],[107.10167,-6.52177],[107.10124,-6.52339],[107.0973,-6.52519],[107.09704,-6.52892],[107.09589,-6.53037],[107.09445,-6.52842],[107.09343,-6.52422],[107.09149,-6.52395],[107.08956,-6.52454],[107.08891,-6.52401],[107.08897,-6.52186],[107.08786,-6.51938],[107.08353,-6.52151],[107.0815,-6.52065],[107.0818,-6.51992],[107.0806,-6.51978],[107.07968,-6.5217],[107.07806,-6.52129],[107.07444,-6.52329],[107.07049,-6.52432],[107.06795,-6.52128],[107.06929,-6.51809],[107.07026,-6.51102],[107.06987,-6.50817],[107.06426,-6.50713],[107.06104,-6.51136],[107.05734,-6.51471],[107.05549,-6.51857],[107.0523,-6.52041],[107.05105,-6.52224],[107.04544,-6.52527],[107.04213,-6.52427],[107.04116,-6.52464],[107.04051,-6.5264],[107.03756,-6.52899],[107.03528,-6.53317],[107.03452,-6.54054]]]}},{"type":"Feature","properties":{"KODE_KEC":"32.16.07","KECAMATAN":"Cibitung","KAB_KOTA":"Bekasi","dist_ind":3339.12,"camp_dens":0.0,"toll_pct":0.000316,"sma_grad":2050,"area_km2":45.3083,"Pred_Reko":1},"geometry":{"type":"Polygon","coordinates":[[[107.08289,-6.26896],[107.08117,-6.26977],[107.08078,-6.27117],[107.08089,-6.27238],[107.08329,-6.27362],[107.08287,-6.27477],[107.08164,-6.27488],[107.0813,-6.27557],[107.08105,-6.27967],[107.07942,-6.28437],[107.07446,-6.28278],[107.07371,-6.2837],[107.07282,-6.28341],[107.07349,-6.28504],[107.07036,-6.28722],[107.07052,-6.28942],[107.06915,-6.29419],[107.07049,-6.29557],[107.07046,-6.29638],[107.06806,-6.30032],[107.07034,-6.3026],[107.06978,-6.30362],[107.06916,-6.3028],[107.06846,-6.30377],[107.06923,-6.30503],[107.0688,-6.30587],[107.06967,-6.30633],[107.05431,-6.30641],[107.0537,-6.30348],[107.05298,-6.30314],[107.05303,-6.30111],[107.05412,-6.29947],[107.05905,-6.29958],[107.05922,-6.29797],[107.06048,-6.29657],[107.05934,-6.29589],[107.05962,-6.29475],[107.05691,-6.29259],[107.05952,-6.28972],[107.05767,-6.28887],[107.05739,-6.28777],[107.06074,-6.28411],[107.05935,-6.28331],[107.05987,-6.28069],[107.06346,-6.27937],[107.06396,-6.27829],[107.06592,-6.27791],[107.06684,-6.27444],[107.06781,-6.27456],[107.06842,-6.2697],[107.07071,-6.26897],[107.07073,-6.26813],[107.07159,-6.26755],[107.07318,-6.26733],[107.07257,-6.26828],[107.07341,-6.26937],[107.07495,-6.27011],[107.07682,-6.26989],[107.07748,-6.27124],[107.07732,-6.26829],[107.07846,-6.2684],[107.07897,-6.26713],[107.07458,-6.2662],[107.07523,-6.26358],[107.07498,-6.26296],[107.07323,-6.26291],[107.07329,-6.26134],[107.07469,-6.25992],[107.07631,-6.25935],[107.07635,-6.25649],[107.07884,-6.25469],[107.07951,-6.25267],[107.07933,-6.2509],[107.08044,-6.24923],[107.08126,-6.24911],[107.08102,-6.24837],[107.08213,-6.24618],[107.0815,-6.24502],[107.08167,-6.24118],[107.08116,-6.23967],[107.0822,-6.23691],[107.08383,-6.23624],[107.08586,-6.2368],[107.08702,-6.23788],[107.08846,-6.23777],[107.08819,-6.23623],[107.08669,-6.23538],[107.08612,-6.23345],[107.08516,-6.23285],[107.08593,-6.23178],[107.08539,-6.23125],[107.08682,-6.23003],[107.08756,-6.23027],[107.08906,-6.2295],[107.09011,-6.23023],[107.09083,-6.23],[107.09027,-6.22837],[107.09082,-6.22577],[107.08899,-6.22503],[107.08772,-6.22354],[107.07794,-6.19328],[107.07906,-6.19351],[107.0798,-6.19264],[107.08115,-6.19301],[107.08151,-6.18834],[107.08107,-6.18746],[107.08633,-6.18754],[107.08644,-6.18576],[107.08761,-6.1844],[107.0878,-6.18201],[107.09603,-6.183],[107.10248,-6.18255],[107.10355,-6.18289],[107.10358,-6.1841],[107.10462,-6.18465],[107.10597,-6.18703],[107.1034,-6.19587],[107.10422,-6.19918],[107.10521,-6.19952],[107.10513,-6.20054],[107.10609,-6.20118],[107.10654,-6.2007],[107.11086,-6.20071],[107.11262,-6.20273],[107.11596,-6.20424],[107.11632,-6.20724],[107.11693,-6.208],[107.12595,-6.21478],[107.12675,-6.21653],[107.12603,-6.22022],[107.13234,-6.22149],[107.13213,-6.22316],[107.13284,-6.22439],[107.13421,-6.22472],[107.13409,-6.2256],[107.13509,-6.2246],[107.13513,-6.22614],[107.1377,-6.2265],[107.13763,-6.23172],[107.14209,-6.23281],[107.14339,-6.23208],[107.14769,-6.23187],[107.14913,-6.23393],[107.15068,-6.23443],[107.15022,-6.2371],[107.15131,-6.23753],[107.1509,-6.24064],[107.15261,-6.24094],[107.15242,-6.24401],[107.15317,-6.24472],[107.15212,-6.24634],[107.14931,-6.24727],[107.1489,-6.24853],[107.14855,-6.24747],[107.14746,-6.24712],[107.14666,-6.24901],[107.14536,-6.24972],[107.13,-6.24301],[107.12906,-6.2474],[107.12166,-6.24755],[107.12172,-6.24603],[107.11867,-6.24547],[107.11597,-6.24575],[107.11584,-6.24676],[107.11816,-6.2475],[107.11692,-6.25263],[107.11483,-6.25342],[107.11495,-6.25193],[107.11043,-6.25176],[107.11052,-6.25005],[107.10793,-6.24991],[107.10746,-6.2511],[107.10619,-6.25191],[107.1056,-6.25466],[107.10651,-6.25519],[107.10557,-6.25837],[107.08523,-6.26153],[107.08508,-6.26277],[107.08614,-6.26252],[107.08559,-6.26628],[107.08385,-6.26798],[107.08262,-6.26815],[107.08289,-6.26896]]]}},{"type":"Feature","properties":{"KODE_KEC":"32.16.08","KECAMATAN":"Cikarang Barat","KAB_KOTA":"Bekasi","dist_ind":839.67,"camp_dens":0.0,"toll_pct":0.000702,"sma_grad":3717,"area_km2":54.9923,"Pred_Reko":2},"geometry":{"type":"Polygon","coordinates":[[[107.10225,-6.32934],[107.10329,-6.33128],[107.10254,-6.3317],[107.10242,-6.33291],[107.10048,-6.33213],[107.09994,-6.33328],[107.09758,-6.33394],[107.09747,-6.3353],[107.0959,-6.33408],[107.09501,-6.33463],[107.09538,-6.33558],[107.09387,-6.33519],[107.09217,-6.33623],[107.09177,-6.33733],[107.09295,-6.33727],[107.09308,-6.33851],[107.09223,-6.33936],[107.09098,-6.33838],[107.09074,-6.34102],[107.08979,-6.34024],[107.08912,-6.34049],[107.08886,-6.34109],[107.08991,-6.34173],[107.08987,-6.34241],[107.08806,-6.34212],[107.08747,-6.3413],[107.08577,-6.34138],[107.08555,-6.34197],[107.08647,-6.34234],[107.08548,-6.34493],[107.08489,-6.34222],[107.08389,-6.34195],[107.08189,-6.34296],[107.0819,-6.34452],[107.08007,-6.34535],[107.07897,-6.34684],[107.0782,-6.3464],[107.0749,-6.34668],[107.07484,-6.34566],[107.07405,-6.34498],[107.07062,-6.34396],[107.0691,-6.34239],[107.06657,-6.34146],[107.06726,-6.33679],[107.06649,-6.33549],[107.0677,-6.33487],[107.06766,-6.33441],[107.06507,-6.33513],[107.06449,-6.33626],[107.06292,-6.33608],[107.06346,-6.33819],[107.06221,-6.33877],[107.06021,-6.34323],[107.05919,-6.34293],[107.05889,-6.34365],[107.05618,-6.34179],[107.0536,-6.34106],[107.05291,-6.3417],[107.05319,-6.34291],[107.05188,-6.34289],[107.04938,-6.34249],[107.04901,-6.34149],[107.0473,-6.34058],[107.04722,-6.33982],[107.0435,-6.33937],[107.04335,-6.34029],[107.04223,-6.3402],[107.04187,-6.33928],[107.04377,-6.3381],[107.04408,-6.33671],[107.04225,-6.33725],[107.04141,-6.33849],[107.04148,-6.33691],[107.04508,-6.33596],[107.06113,-6.31711],[107.0616,-6.31589],[107.05662,-6.31388],[107.05737,-6.31267],[107.05641,-6.31246],[107.05627,-6.31146],[107.05729,-6.30726],[107.05652,-6.30711],[107.05664,-6.30653],[107.06967,-6.30633],[107.0688,-6.30587],[107.06923,-6.30503],[107.06846,-6.30377],[107.06916,-6.3028],[107.06978,-6.30362],[107.07034,-6.3026],[107.06806,-6.30032],[107.07046,-6.29638],[107.07049,-6.29557],[107.06915,-6.29419],[107.07052,-6.28942],[107.07036,-6.28722],[107.07349,-6.28504],[107.07282,-6.28341],[107.07371,-6.2837],[107.07446,-6.28278],[107.07942,-6.28437],[107.08105,-6.27967],[107.0813,-6.27557],[107.08164,-6.27488],[107.08287,-6.27477],[107.08329,-6.27362],[107.08089,-6.27238],[107.08078,-6.27117],[107.08117,-6.26977],[107.08289,-6.26896],[107.08262,-6.26815],[107.08385,-6.26798],[107.08559,-6.26628],[107.08614,-6.26252],[107.08508,-6.26277],[107.08523,-6.26153],[107.10557,-6.25837],[107.10651,-6.25519],[107.1056,-6.25466],[107.10619,-6.25191],[107.10746,-6.2511],[107.10793,-6.24991],[107.11052,-6.25005],[107.11043,-6.25176],[107.11495,-6.25193],[107.11483,-6.25342],[107.11692,-6.25263],[107.11816,-6.24756],[107.11786,-6.24701],[107.11584,-6.24676],[107.11597,-6.24575],[107.11867,-6.24547],[107.12172,-6.24603],[107.12166,-6.24755],[107.12906,-6.2474],[107.13,-6.24301],[107.14538,-6.24986],[107.14352,-6.25198],[107.14239,-6.25109],[107.14177,-6.25131],[107.142,-6.25313],[107.14264,-6.25368],[107.1416,-6.25445],[107.14092,-6.2567],[107.14244,-6.25653],[107.14256,-6.25744],[107.14181,-6.25818],[107.14185,-6.25973],[107.14027,-6.25986],[107.13868,-6.26425],[107.13696,-6.26558],[107.13693,-6.26795],[107.13289,-6.26783],[107.13308,-6.26922],[107.12986,-6.26971],[107.12985,-6.27115],[107.12866,-6.27148],[107.12792,-6.27344],[107.12709,-6.27237],[107.12595,-6.27348],[107.1248,-6.2732],[107.12285,-6.27598],[107.12067,-6.27553],[107.11938,-6.27453],[107.11634,-6.2778],[107.11694,-6.27801],[107.1185,-6.27703],[107.11919,-6.27777],[107.11782,-6.27959],[107.11841,-6.2802],[107.11851,-6.28349],[107.11947,-6.28461],[107.1193,-6.28998],[107.11623,-6.29337],[107.11701,-6.29732],[107.11429,-6.29825],[107.11513,-6.30054],[107.11265,-6.30164],[107.11114,-6.30362],[107.11405,-6.30537],[107.11368,-6.30372],[107.11483,-6.30331],[107.11571,-6.30501],[107.11705,-6.30588],[107.11612,-6.30693],[107.1174,-6.30756],[107.11803,-6.30954],[107.11576,-6.31073],[107.11492,-6.31187],[107.11772,-6.3146],[107.11492,-6.31404],[107.1146,-6.31447],[107.11593,-6.31736],[107.10973,-6.31853],[107.1102,-6.31935],[107.11272,-6.31883],[107.11181,-6.32041],[107.10886,-6.31925],[107.10788,-6.31953],[107.10769,-6.32002],[107.10901,-6.32062],[107.10989,-6.32423],[107.10926,-6.32459],[107.10761,-6.32282],[107.1056,-6.3231],[107.10527,-6.32379],[107.1073,-6.32598],[107.10631,-6.3262],[107.10538,-6.32508],[107.10442,-6.32722],[107.10312,-6.3271],[107.1031,-6.3289],[107.10225,-6.32934]]]}},{"type":"Feature","properties":{"KODE_KEC":"32.16.05","KECAMATAN":"Tambun Utara","KAB_KOTA":"Bekasi","dist_ind":8620.68,"camp_dens":0.0,"toll_pct":0.000262,"sma_grad":2335,"area_km2":35.4683,"Pred_Reko":1},"geometry":{"type":"Polygon","coordinates":[[[107.05265,-6.22309],[107.05029,-6.22451],[107.05053,-6.22771],[107.05143,-6.22904],[107.05105,-6.23075],[107.05269,-6.23102],[107.05275,-6.23166],[107.05209,-6.23168],[107.05193,-6.23283],[107.05243,-6.23341],[107.05224,-6.23841],[107.05117,-6.23873],[107.04978,-6.23664],[107.04636,-6.23667],[107.04548,-6.23426],[107.03871,-6.23248],[107.03841,-6.23045],[107.03612,-6.22891],[107.03449,-6.22891],[107.03398,-6.22677],[107.03026,-6.22662],[107.03171,-6.2231],[107.0318,-6.221],[107.03314,-6.21999],[107.03098,-6.2165],[107.03094,-6.21481],[107.03397,-6.21218],[107.03215,-6.20826],[107.03436,-6.20523],[107.0359,-6.20538],[107.03735,-6.20667],[107.03843,-6.20646],[107.03902,-6.2056],[107.03895,-6.20387],[107.0407,-6.20258],[107.04068,-6.20045],[107.04293,-6.20015],[107.04363,-6.19951],[107.04157,-6.19578],[107.0428,-6.19373],[107.04269,-6.19196],[107.04426,-6.18885],[107.04448,-6.18625],[107.04345,-6.18528],[107.04197,-6.18633],[107.04099,-6.18624],[107.0403,-6.1835],[107.04094,-6.18246],[107.04297,-6.18248],[107.04353,-6.18073],[107.04265,-6.17938],[107.04407,-6.17802],[107.04482,-6.17565],[107.04813,-6.17375],[107.04678,-6.17213],[107.0464,-6.16991],[107.04716,-6.16923],[107.04899,-6.16916],[107.04862,-6.16709],[107.04957,-6.16528],[107.04663,-6.15988],[107.05271,-6.15966],[107.06651,-6.15756],[107.0945,-6.1587],[107.09401,-6.16038],[107.09341,-6.16014],[107.09305,-6.16067],[107.09279,-6.16346],[107.09193,-6.16438],[107.09181,-6.16841],[107.09289,-6.17236],[107.09081,-6.17419],[107.08935,-6.17719],[107.08771,-6.18163],[107.08761,-6.1844],[107.08644,-6.18576],[107.08644,-6.18736],[107.08551,-6.18789],[107.08445,-6.18717],[107.0829,-6.18777],[107.08107,-6.18746],[107.08151,-6.18834],[107.08115,-6.19301],[107.0798,-6.19264],[107.07906,-6.19351],[107.07794,-6.19328],[107.07894,-6.19651],[107.07729,-6.19864],[107.07656,-6.20155],[107.07588,-6.21377],[107.07523,-6.21461],[107.07404,-6.21459],[107.07391,-6.21544],[107.0715,-6.21497],[107.07148,-6.21671],[107.07047,-6.21687],[107.06986,-6.21786],[107.07111,-6.21965],[107.07076,-6.22076],[107.06718,-6.22188],[107.06739,-6.23086],[107.06446,-6.23639],[107.06416,-6.23913],[107.06391,-6.24242],[107.06509,-6.24346],[107.06284,-6.2427],[107.06174,-6.23967],[107.06281,-6.23572],[107.06588,-6.23067],[107.06561,-6.22726],[107.06268,-6.22641],[107.06222,-6.22492],[107.06366,-6.22116],[107.06245,-6.22016],[107.06264,-6.21845],[107.06043,-6.21903],[107.05923,-6.22065],[107.05758,-6.22055],[107.05662,-6.22201],[107.05576,-6.22163],[107.0554,-6.22268],[107.05374,-6.22379],[107.05265,-6.22309]]]}},{"type":"Feature","properties":{"KODE_KEC":"32.16.06","KECAMATAN":"Tambun Selatan","KAB_KOTA":"Bekasi","dist_ind":4199.16,"camp_dens":0.024,"toll_pct":0.000688,"sma_grad":2344,"area_km2":41.6042,"Pred_Reko":2},"geometry":{"type":"Polygon","coordinates":[[[107.06565,-6.27794],[107.06396,-6.27829],[107.06346,-6.27937],[107.05987,-6.28069],[107.05935,-6.28331],[107.06074,-6.28411],[107.05739,-6.28777],[107.05767,-6.28887],[107.05952,-6.28972],[107.05691,-6.29259],[107.05962,-6.29475],[107.05934,-6.29589],[107.06048,-6.29657],[107.05922,-6.29797],[107.05905,-6.29958],[107.05412,-6.29947],[107.05303,-6.30111],[107.05298,-6.30314],[107.0537,-6.30348],[107.05431,-6.30641],[107.03847,-6.30633],[107.04112,-6.29556],[107.04029,-6.294],[107.04021,-6.2875],[107.03831,-6.28728],[107.03757,-6.28633],[107.03789,-6.28437],[107.03595,-6.28226],[107.03257,-6.28121],[107.0302,-6.28153],[107.0282,-6.27784],[107.02739,-6.27793],[107.02675,-6.27918],[107.02493,-6.27882],[107.0225,-6.28035],[107.0155,-6.29122],[107.01461,-6.29074],[107.01563,-6.2874],[107.01406,-6.28643],[107.01461,-6.28361],[107.01409,-6.28259],[107.01436,-6.2797],[107.0166,-6.27625],[107.01771,-6.273],[107.01787,-6.27122],[107.01645,-6.27014],[107.01718,-6.26823],[107.01645,-6.2657],[107.01794,-6.26279],[107.02003,-6.26351],[107.02268,-6.25737],[107.02383,-6.25659],[107.02453,-6.25488],[107.02874,-6.25254],[107.02963,-6.25306],[107.03034,-6.25027],[107.03308,-6.24919],[107.03521,-6.24675],[107.03893,-6.24719],[107.0399,-6.24631],[107.0415,-6.24612],[107.04239,-6.23375],[107.04548,-6.23426],[107.04636,-6.23667],[107.04978,-6.23664],[107.05117,-6.23873],[107.0522,-6.23848],[107.05243,-6.23341],[107.05193,-6.23283],[107.05269,-6.23102],[107.05105,-6.23075],[107.05143,-6.22904],[107.05053,-6.22771],[107.05034,-6.22433],[107.05271,-6.22308],[107.05374,-6.22379],[107.0554,-6.22268],[107.05576,-6.22163],[107.05662,-6.22201],[107.05758,-6.22055],[107.05923,-6.22065],[107.06043,-6.21903],[107.06263,-6.21843],[107.06245,-6.22016],[107.06366,-6.22116],[107.06222,-6.22492],[107.06268,-6.22641],[107.06561,-6.22726],[107.06588,-6.23067],[107.06281,-6.23572],[107.06174,-6.23967],[107.06284,-6.2427],[107.06509,-6.24346],[107.06391,-6.24242],[107.06416,-6.23913],[107.06446,-6.23639],[107.06739,-6.23086],[107.06718,-6.22188],[107.07076,-6.22076],[107.07111,-6.21965],[107.06986,-6.21786],[107.07047,-6.21687],[107.07148,-6.21671],[107.0715,-6.21497],[107.07391,-6.21544],[107.07404,-6.21459],[107.07523,-6.21461],[107.07588,-6.21377],[107.07656,-6.20155],[107.07729,-6.19864],[107.07894,-6.19651],[107.08772,-6.22354],[107.08899,-6.22503],[107.09082,-6.22577],[107.09027,-6.22837],[107.09083,-6.23],[107.09011,-6.23023],[107.08906,-6.2295],[107.08756,-6.23027],[107.08682,-6.23003],[107.08539,-6.23125],[107.08593,-6.23178],[107.08516,-6.23285],[107.08612,-6.23345],[107.08669,-6.23538],[107.08819,-6.23623],[107.08846,-6.23777],[107.08702,-6.23788],[107.08586,-6.2368],[107.08383,-6.23624],[107.0822,-6.23691],[107.08116,-6.23967],[107.08167,-6.24118],[107.0815,-6.24502],[107.08213,-6.24618],[107.08102,-6.24837],[107.08126,-6.24911],[107.08044,-6.24923],[107.07933,-6.2509],[107.07951,-6.25267],[107.07884,-6.25469],[107.07635,-6.25649],[107.07631,-6.25935],[107.07469,-6.25992],[107.07329,-6.26134],[107.07323,-6.26291],[107.07498,-6.26296],[107.07523,-6.26358],[107.07458,-6.2662],[107.07897,-6.26713],[107.07846,-6.2684],[107.07732,-6.26829],[107.07758,-6.27106],[107.07697,-6.27104],[107.07682,-6.26989],[107.07495,-6.27011],[107.07341,-6.26937],[107.07257,-6.26828],[107.07318,-6.26733],[107.07159,-6.26755],[107.07073,-6.26813],[107.07071,-6.26897],[107.06842,-6.2697],[107.06781,-6.27456],[107.06684,-6.27444],[107.06673,-6.27639],[107.06565,-6.27794]]]}},{"type":"Feature","properties":{"KODE_KEC":"32.16.09","KECAMATAN":"Cikarang Utara","KAB_KOTA":"Bekasi","dist_ind":1831.62,"camp_dens":0.0248,"toll_pct":0.000208,"sma_grad":3583,"area_km2":40.3089,"Pred_Reko":2},"geometry":{"type":"Polygon","coordinates":[[[107.14061,-6.29583],[107.14187,-6.29699],[107.14051,-6.2979],[107.14216,-6.30024],[107.14214,-6.30229],[107.14266,-6.30286],[107.14235,-6.30447],[107.14145,-6.30493],[107.1413,-6.30716],[107.13473,-6.3075],[107.13436,-6.31169],[107.12497,-6.30629],[107.12273,-6.30699],[107.11769,-6.30686],[107.11674,-6.3065],[107.11705,-6.30588],[107.11571,-6.30501],[107.11503,-6.3034],[107.11368,-6.30372],[107.11405,-6.30537],[107.11114,-6.30362],[107.11265,-6.30164],[107.11513,-6.30054],[107.11429,-6.29825],[107.11701,-6.29732],[107.11623,-6.29337],[107.1193,-6.28998],[107.11947,-6.28461],[107.11851,-6.28349],[107.11841,-6.2802],[107.11782,-6.27959],[107.11919,-6.27777],[107.1185,-6.27703],[107.11694,-6.27801],[107.11634,-6.2778],[107.11938,-6.27453],[107.12067,-6.27553],[107.12285,-6.27598],[107.1248,-6.2732],[107.12595,-6.27348],[107.12709,-6.27237],[107.12792,-6.27344],[107.12866,-6.27148],[107.12985,-6.27115],[107.12986,-6.26971],[107.13308,-6.26922],[107.13289,-6.26783],[107.13693,-6.26795],[107.13696,-6.26558],[107.13868,-6.26425],[107.14027,-6.25986],[107.14185,-6.25973],[107.14181,-6.25818],[107.14256,-6.25744],[107.14244,-6.25653],[107.14092,-6.2567],[107.1416,-6.25445],[107.14264,-6.25368],[107.14186,-6.25268],[107.14193,-6.25111],[107.14352,-6.25198],[107.14394,-6.2509],[107.14666,-6.24901],[107.14729,-6.24724],[107.14855,-6.24747],[107.1489,-6.24853],[107.14938,-6.24722],[107.15212,-6.24634],[107.15221,-6.24559],[107.15365,-6.24458],[107.15455,-6.24478],[107.15538,-6.24636],[107.1567,-6.24666],[107.15839,-6.24486],[107.16128,-6.24578],[107.16455,-6.24544],[107.16489,-6.24608],[107.17741,-6.24971],[107.17949,-6.24342],[107.18078,-6.24399],[107.191,-6.24479],[107.19815,-6.24802],[107.19638,-6.26544],[107.19388,-6.26544],[107.18567,-6.26903],[107.18592,-6.27175],[107.18491,-6.27727],[107.18167,-6.28455],[107.17961,-6.28402],[107.17893,-6.28488],[107.17928,-6.28676],[107.17825,-6.28704],[107.17813,-6.2893],[107.17588,-6.28892],[107.17346,-6.28682],[107.17246,-6.28707],[107.17211,-6.29205],[107.1712,-6.29511],[107.1707,-6.2961],[107.16954,-6.2965],[107.16762,-6.29995],[107.16819,-6.3027],[107.17046,-6.30465],[107.16954,-6.3068],[107.16534,-6.30394],[107.16407,-6.30395],[107.16389,-6.3046],[107.16319,-6.30398],[107.16087,-6.30401],[107.16073,-6.29992],[107.14921,-6.30024],[107.1487,-6.29784],[107.14682,-6.29708],[107.14726,-6.29603],[107.14356,-6.2953],[107.14222,-6.29411],[107.14061,-6.29583]]]}},{"type":"Feature","properties":{"KODE_KEC":"32.16.03","KECAMATAN":"Sukawangi","KAB_KOTA":"Bekasi","dist_ind":11736.5,"camp_dens":0.0,"toll_pct":9.9e-05,"sma_grad":2834,"area_km2":69.3022,"Pred_Reko":1},"geometry":{"type":"Polygon","coordinates":[[[107.12378,-6.14256],[107.12582,-6.14517],[107.12799,-6.14527],[107.12669,-6.14566],[107.12615,-6.14832],[107.11499,-6.14326],[107.11428,-6.14934],[107.11489,-6.15446],[107.11324,-6.15431],[107.11317,-6.15946],[107.06651,-6.15756],[107.05271,-6.15966],[107.04663,-6.15988],[107.04441,-6.15733],[107.04534,-6.15237],[107.04751,-6.15169],[107.04688,-6.14953],[107.04742,-6.146],[107.04883,-6.14463],[107.04869,-6.14068],[107.05059,-6.13953],[107.05332,-6.13985],[107.05439,-6.13938],[107.05464,-6.13788],[107.05739,-6.13441],[107.05763,-6.13246],[107.05674,-6.13084],[107.05697,-6.1299],[107.05996,-6.12657],[107.06186,-6.12686],[107.06275,-6.12341],[107.0644,-6.12378],[107.06524,-6.12146],[107.06502,-6.11984],[107.06816,-6.11583],[107.06689,-6.1128],[107.0684,-6.11255],[107.0686,-6.11121],[107.06725,-6.11134],[107.0649,-6.11001],[107.06507,-6.10766],[107.06347,-6.10602],[107.06333,-6.10345],[107.06252,-6.10303],[107.06033,-6.10371],[107.0577,-6.10334],[107.05495,-6.09969],[107.05338,-6.0986],[107.05321,-6.09494],[107.05397,-6.09354],[107.05196,-6.08982],[107.05243,-6.08842],[107.05455,-6.08925],[107.05621,-6.08654],[107.05524,-6.08521],[107.0584,-6.08207],[107.05741,-6.08041],[107.05745,-6.07887],[107.06105,-6.07682],[107.06221,-6.07345],[107.06076,-6.06998],[107.06265,-6.06886],[107.06232,-6.06806],[107.0637,-6.06801],[107.06939,-6.07014],[107.073,-6.06947],[107.08281,-6.06498],[107.08878,-6.06667],[107.09105,-6.08881],[107.09216,-6.09362],[107.10486,-6.09711],[107.10754,-6.0883],[107.11073,-6.08927],[107.1111,-6.09018],[107.11299,-6.09086],[107.1134,-6.09013],[107.14272,-6.09922],[107.13759,-6.11398],[107.1353,-6.11514],[107.13474,-6.11752],[107.13372,-6.11874],[107.13438,-6.12058],[107.1363,-6.12122],[107.13643,-6.13375],[107.13805,-6.13396],[107.13812,-6.13325],[107.13955,-6.13329],[107.13923,-6.1353],[107.13765,-6.13494],[107.1304,-6.13646],[107.12604,-6.13601],[107.12423,-6.13709],[107.11956,-6.13692],[107.12203,-6.14143],[107.12315,-6.14283],[107.12378,-6.14256]]]}},{"type":"Feature","properties":{"KODE_KEC":"32.16.04","KECAMATAN":"Tambelang","KAB_KOTA":"Bekasi","dist_ind":11492.63,"camp_dens":0.0,"toll_pct":0.0,"sma_grad":1138,"area_km2":35.973,"Pred_Reko":0},"geometry":{"type":"Polygon","coordinates":[[[107.12659,-6.19981],[107.12866,-6.20124],[107.12831,-6.21182],[107.12646,-6.21791],[107.12675,-6.21653],[107.12595,-6.21478],[107.11632,-6.20724],[107.11596,-6.20424],[107.11262,-6.20273],[107.1109,-6.20073],[107.1057,-6.2011],[107.10518,-6.19948],[107.10422,-6.19918],[107.10341,-6.19579],[107.10597,-6.18703],[107.10462,-6.18465],[107.10358,-6.1841],[107.10355,-6.18289],[107.10122,-6.18245],[107.09603,-6.183],[107.08772,-6.18198],[107.09062,-6.17451],[107.09289,-6.17236],[107.09181,-6.16798],[107.09193,-6.16438],[107.09279,-6.16346],[107.09313,-6.1605],[107.09401,-6.16038],[107.09468,-6.15863],[107.11317,-6.15946],[107.11324,-6.15431],[107.11489,-6.15446],[107.11428,-6.14934],[107.11499,-6.14326],[107.12615,-6.14832],[107.12669,-6.14566],[107.12794,-6.14517],[107.12582,-6.14517],[107.12378,-6.14256],[107.12315,-6.14283],[107.1212,-6.13927],[107.12053,-6.13933],[107.11963,-6.13689],[107.12423,-6.13709],[107.12604,-6.13601],[107.1304,-6.13646],[107.13765,-6.13494],[107.13923,-6.1353],[107.13935,-6.13477],[107.14765,-6.13698],[107.16029,-6.13769],[107.15991,-6.1393],[107.16117,-6.14187],[107.16574,-6.14312],[107.17086,-6.14841],[107.16922,-6.15226],[107.16795,-6.15214],[107.16822,-6.15327],[107.16432,-6.15256],[107.16404,-6.1535],[107.16729,-6.15534],[107.16722,-6.15758],[107.16487,-6.15747],[107.16352,-6.15967],[107.16062,-6.15951],[107.15985,-6.16343],[107.15859,-6.16288],[107.1577,-6.1692],[107.13296,-6.16651],[107.13458,-6.16789],[107.13489,-6.16907],[107.13468,-6.17299],[107.13575,-6.17621],[107.13503,-6.17831],[107.13516,-6.18032],[107.13319,-6.18455],[107.13246,-6.18787],[107.13014,-6.18831],[107.12659,-6.19981]]]}},{"type":"Feature","properties":{"KODE_KEC":"32.16.01","KECAMATAN":"Tarumajaya","KAB_KOTA":"Bekasi","dist_ind":3340.82,"camp_dens":0.0176,"toll_pct":0.000156,"sma_grad":2247,"area_km2":56.8452,"Pred_Reko":1},"geometry":{"type":"Polygon","coordinates":[[[107.00959,-6.14242],[107.01386,-6.14292],[107.01342,-6.1504],[107.01436,-6.15081],[107.01479,-6.15213],[107.01468,-6.15299],[107.01331,-6.15274],[107.01324,-6.15336],[107.00943,-6.15365],[107.00995,-6.1591],[107.00867,-6.16264],[107.00852,-6.16655],[107.00954,-6.16695],[107.0093,-6.16818],[107.01155,-6.16825],[107.01077,-6.17252],[106.98027,-6.17247],[106.97903,-6.17256],[106.97909,-6.17556],[106.973,-6.17497],[106.97257,-6.17368],[106.97303,-6.17322],[106.97238,-6.17288],[106.97202,-6.17074],[106.97262,-6.16939],[106.97158,-6.16894],[106.97214,-6.1654],[106.97132,-6.15273],[106.97216,-6.15066],[106.9719,-6.15004],[106.97069,-6.15051],[106.9713,-6.14885],[106.97097,-6.14654],[106.97178,-6.14588],[106.97258,-6.14618],[106.97026,-6.1402],[106.97074,-6.14007],[106.97063,-6.13716],[106.96959,-6.13271],[106.97032,-6.13217],[106.97006,-6.12922],[106.97109,-6.12475],[106.97037,-6.12306],[106.97086,-6.12016],[106.96987,-6.11433],[106.97044,-6.11149],[106.97008,-6.09876],[106.97099,-6.09626],[106.97004,-6.09072],[106.97062,-6.08832],[106.97282,-6.08711],[106.97376,-6.08721],[106.97348,-6.08482],[106.97416,-6.08673],[106.98199,-6.08476],[106.98839,-6.08403],[106.99044,-6.0873],[106.99057,-6.08614],[106.99322,-6.0846],[106.99279,-6.08388],[106.99324,-6.08291],[106.9918,-6.08266],[106.99312,-6.08184],[106.99131,-6.08007],[106.99155,-6.0792],[106.99553,-6.08203],[106.99725,-6.08141],[106.99702,-6.08047],[106.99825,-6.0785],[106.99807,-6.07736],[107.00034,-6.07685],[107.00053,-6.0778],[107.00214,-6.07894],[107.00171,-6.08166],[107.00221,-6.08561],[107.00235,-6.08311],[107.00353,-6.08178],[107.00255,-6.08155],[107.0026,-6.07963],[107.00424,-6.07993],[107.00412,-6.07888],[107.00604,-6.0787],[107.00615,-6.07976],[107.00744,-6.07986],[107.00747,-6.07806],[107.01006,-6.07736],[107.00958,-6.07572],[107.01074,-6.07578],[107.0113,-6.07947],[107.01429,-6.0785],[107.01611,-6.07694],[107.0139,-6.07569],[107.01354,-6.07439],[107.01271,-6.07386],[107.01244,-6.07435],[107.01131,-6.07341],[107.01289,-6.07052],[107.01635,-6.06904],[107.01718,-6.07027],[107.0183,-6.0703],[107.0229,-6.0733],[107.02453,-6.07655],[107.0242,-6.07744],[107.02757,-6.07965],[107.02781,-6.08645],[107.02841,-6.08734],[107.02905,-6.09449],[107.0299,-6.09497],[107.03039,-6.10503],[107.03114,-6.10957],[107.03244,-6.11173],[107.03264,-6.11875],[107.028,-6.11817],[107.02695,-6.12051],[107.02526,-6.12071],[107.02509,-6.12194],[107.02192,-6.12386],[107.02081,-6.1259],[107.02028,-6.12931],[107.01985,-6.12929],[107.01978,-6.13455],[107.01846,-6.13499],[107.0181,-6.13431],[107.01547,-6.13386],[107.01495,-6.13569],[107.01308,-6.13523],[107.01282,-6.137],[107.00993,-6.13719],[107.00919,-6.13911],[107.00993,-6.13923],[107.00959,-6.14242]]]}},{"type":"Feature","properties":{"KODE_KEC":"32.16.02","KECAMATAN":"Babelan","KAB_KOTA":"Bekasi","dist_ind":6229.71,"camp_dens":0.0,"toll_pct":0.000109,"sma_grad":842,"area_km2":64.3918,"Pred_Reko":1},"geometry":{"type":"Polygon","coordinates":[[[107.04699,-6.17255],[107.04813,-6.17375],[107.04482,-6.17565],[107.04407,-6.17802],[107.04265,-6.17938],[107.04353,-6.18073],[107.04297,-6.18248],[107.04121,-6.18236],[107.04037,-6.1832],[107.04075,-6.18607],[107.04172,-6.18642],[107.04345,-6.18528],[107.04448,-6.18625],[107.04426,-6.18885],[107.04269,-6.19196],[107.0428,-6.19373],[107.04157,-6.19578],[107.04368,-6.19913],[107.04323,-6.20005],[107.04068,-6.20045],[107.0407,-6.20258],[107.03895,-6.20387],[107.03902,-6.2056],[107.03843,-6.20646],[107.03715,-6.2066],[107.03556,-6.20529],[107.03428,-6.20526],[107.03397,-6.20621],[107.03276,-6.2055],[107.03378,-6.19878],[107.02774,-6.19811],[107.02553,-6.19698],[107.02285,-6.19747],[107.01995,-6.19644],[107.01968,-6.19895],[107.01825,-6.20005],[107.01635,-6.19831],[107.0155,-6.1953],[107.01377,-6.19504],[107.01332,-6.19566],[107.01165,-6.19502],[107.01193,-6.19289],[107.01033,-6.19255],[107.00834,-6.19349],[107.00641,-6.19323],[107.00748,-6.18482],[107.00633,-6.18375],[107.0061,-6.17997],[107.00678,-6.17997],[107.00696,-6.17929],[107.00666,-6.17741],[107.00969,-6.17701],[107.00981,-6.17462],[107.01075,-6.17469],[107.01155,-6.16825],[107.0093,-6.16818],[107.00954,-6.16695],[107.00852,-6.16655],[107.00867,-6.16264],[107.00995,-6.1591],[107.00943,-6.15365],[107.01324,-6.15336],[107.01331,-6.15274],[107.01468,-6.15299],[107.01479,-6.1525],[107.0144,-6.15086],[107.01342,-6.1504],[107.01386,-6.14292],[107.01138,-6.1431],[107.00959,-6.14242],[107.00993,-6.13923],[107.00919,-6.13911],[107.00993,-6.13719],[107.01282,-6.137],[107.01308,-6.13523],[107.01495,-6.13569],[107.01547,-6.13386],[107.0181,-6.13431],[107.01846,-6.13499],[107.01978,-6.13455],[107.01952,-6.13105],[107.02169,-6.12411],[107.02509,-6.12194],[107.02526,-6.12071],[107.02695,-6.12051],[107.028,-6.11817],[107.03264,-6.11875],[107.03244,-6.11173],[107.03114,-6.10957],[107.03039,-6.10503],[107.0299,-6.09497],[107.02905,-6.09449],[107.02841,-6.08734],[107.02781,-6.08645],[107.02757,-6.07965],[107.0242,-6.07744],[107.02453,-6.07655],[107.0229,-6.0733],[107.0183,-6.0703],[107.01718,-6.07027],[107.01635,-6.06904],[107.01289,-6.07052],[107.01028,-6.07442],[107.00866,-6.0734],[107.00744,-6.07434],[107.00597,-6.07255],[107.00507,-6.07307],[107.00235,-6.07017],[107.00284,-6.06972],[107.00184,-6.07015],[107.00083,-6.06897],[107.00125,-6.06827],[107.00003,-6.06656],[107.00051,-6.066],[106.99887,-6.06306],[107.00012,-6.06233],[106.99867,-6.05902],[107.00012,-6.05849],[107.00005,-6.05765],[106.99928,-6.05773],[106.99915,-6.05678],[106.99719,-6.0572],[106.99656,-6.05575],[106.99725,-6.05424],[106.99659,-6.05364],[106.99675,-6.0528],[106.99589,-6.05271],[106.99515,-6.05429],[106.9906,-6.0534],[106.98902,-6.05241],[106.98944,-6.05098],[106.98848,-6.05054],[106.98739,-6.05224],[106.98644,-6.05187],[106.98454,-6.05365],[106.98516,-6.05434],[106.98475,-6.05488],[106.97972,-6.05556],[106.97743,-6.05452],[106.97643,-6.05491],[106.97631,-6.05643],[106.97526,-6.05702],[106.97449,-6.05504],[106.97184,-6.05255],[106.9733,-6.05204],[106.97309,-6.05022],[106.97373,-6.04906],[106.97578,-6.04849],[106.97715,-6.05261],[106.9785,-6.05341],[106.98353,-6.05328],[106.98666,-6.05017],[106.988,-6.05006],[106.99863,-6.05298],[107.00753,-6.05698],[107.00902,-6.05824],[107.01032,-6.0578],[107.01413,-6.05999],[107.01842,-6.06043],[107.02599,-6.05973],[107.0319,-6.06179],[107.03606,-6.06203],[107.0386,-6.06339],[107.04095,-6.06269],[107.04375,-6.06311],[107.04535,-6.06159],[107.04706,-6.06117],[107.05153,-6.05583],[107.05365,-6.05482],[107.05524,-6.0503],[107.05506,-6.04761],[107.0578,-6.04692],[107.05938,-6.04726],[107.06002,-6.04884],[107.05781,-6.05017],[107.05679,-6.05176],[107.05694,-6.05279],[107.05955,-6.0539],[107.05811,-6.05591],[107.06003,-6.05628],[107.06063,-6.05738],[107.05887,-6.05858],[107.05799,-6.06517],[107.05976,-6.06606],[107.05999,-6.06813],[107.06182,-6.06757],[107.06259,-6.06844],[107.06075,-6.07012],[107.06219,-6.07367],[107.06105,-6.07682],[107.05745,-6.07887],[107.05741,-6.08041],[107.0584,-6.08207],[107.05524,-6.08521],[107.05621,-6.08654],[107.05455,-6.08925],[107.05243,-6.08842],[107.05196,-6.08982],[107.05397,-6.09354],[107.05321,-6.09494],[107.05349,-6.09876],[107.05495,-6.09969],[107.0577,-6.10334],[107.0632,-6.10333],[107.06347,-6.10602],[107.06507,-6.10766],[107.0649,-6.11001],[107.06725,-6.11134],[107.06845,-6.111],[107.0687,-6.11209],[107.06692,-6.11263],[107.06814,-6.11591],[107.06502,-6.11984],[107.06524,-6.12146],[107.0644,-6.12378],[107.06275,-6.12341],[107.06186,-6.12686],[107.05986,-6.12663],[107.05678,-6.13024],[107.05759,-6.13212],[107.05739,-6.13441],[107.05464,-6.13788],[107.05439,-6.13938],[107.05332,-6.13985],[107.05059,-6.13953],[107.04869,-6.14068],[107.04883,-6.14463],[107.04742,-6.146],[107.04688,-6.14953],[107.04751,-6.15169],[107.04534,-6.15237],[107.04421,-6.15661],[107.04953,-6.16502],[107.04862,-6.16709],[107.04899,-6.16916],[107.04644,-6.16975],[107.04699,-6.17255]]]}},{"type":"Feature","properties":{"KODE_KEC":"32.16.18","KECAMATAN":"Setu","KAB_KOTA":"Bekasi","dist_ind":5147.56,"camp_dens":0.0,"toll_pct":0.0,"sma_grad":1947,"area_km2":59.1251,"Pred_Reko":1},"geometry":{"type":"Polygon","coordinates":[[[107.05482,-6.39566],[107.05144,-6.39436],[107.04719,-6.39798],[107.04748,-6.39894],[107.04611,-6.40285],[107.04438,-6.4045],[107.04359,-6.40454],[107.04153,-6.40694],[107.0383,-6.40516],[107.03492,-6.40543],[107.03329,-6.40938],[107.03181,-6.40993],[107.03074,-6.41128],[107.02956,-6.40979],[107.02681,-6.41014],[107.0268,-6.40879],[107.02346,-6.40944],[107.0231,-6.40757],[107.02159,-6.40762],[107.02306,-6.40713],[107.02312,-6.40594],[107.02433,-6.40554],[107.02431,-6.40487],[107.0224,-6.40509],[107.02242,-6.40375],[107.01995,-6.40469],[107.0199,-6.40256],[107.02092,-6.40179],[107.02004,-6.40047],[107.01904,-6.40016],[107.01406,-6.40168],[107.01354,-6.40303],[107.01359,-6.40166],[107.01267,-6.40191],[107.01255,-6.40091],[107.01001,-6.40236],[107.00868,-6.40159],[107.00911,-6.40067],[107.00839,-6.40035],[107.00885,-6.39782],[107.0085,-6.39548],[107.00961,-6.39348],[107.01226,-6.39129],[107.01062,-6.39035],[107.00933,-6.39162],[107.00813,-6.3911],[107.00727,-6.3886],[107.00662,-6.38948],[107.006,-6.38881],[107.00626,-6.38777],[107.00477,-6.38786],[107.00489,-6.3868],[107.00386,-6.38729],[107.00319,-6.38661],[107.00414,-6.38392],[107.00462,-6.38406],[107.00492,-6.38331],[107.00449,-6.38312],[107.00637,-6.37803],[107.00545,-6.37744],[107.0044,-6.37771],[107.00455,-6.37646],[107.00365,-6.3758],[107.0036,-6.37774],[107.00187,-6.37894],[106.99756,-6.37884],[106.99755,-6.37798],[106.99945,-6.37734],[106.99927,-6.37695],[106.99693,-6.37643],[106.99686,-6.3744],[106.99407,-6.3731],[106.99363,-6.37204],[106.99458,-6.36975],[106.99469,-6.36613],[106.99161,-6.36451],[106.99185,-6.3637],[106.99096,-6.36345],[106.99123,-6.36205],[106.99299,-6.36046],[106.99451,-6.36048],[106.99637,-6.35914],[106.99781,-6.36045],[106.99962,-6.36049],[107.00087,-6.35914],[107.00021,-6.35844],[106.99971,-6.35555],[107.00195,-6.35378],[107.00412,-6.35442],[107.00502,-6.3554],[107.00439,-6.35665],[107.00561,-6.35675],[107.00502,-6.35807],[107.00669,-6.35888],[107.00617,-6.36006],[107.00674,-6.36029],[107.00764,-6.3602],[107.0081,-6.35902],[107.00923,-6.35899],[107.01073,-6.35769],[107.01285,-6.35756],[107.01426,-6.3587],[107.01567,-6.35711],[107.01633,-6.35789],[107.0162,-6.3564],[107.01756,-6.35453],[107.01749,-6.35109],[107.01709,-6.3502],[107.01565,-6.34955],[107.01605,-6.34779],[107.01552,-6.34729],[107.01582,-6.34624],[107.01511,-6.34595],[107.0164,-6.34461],[107.01298,-6.34255],[107.0146,-6.34273],[107.01545,-6.34111],[107.01249,-6.33955],[107.01436,-6.33592],[107.01486,-6.3361],[107.0152,-6.33435],[107.01564,-6.33443],[107.01651,-6.33039],[107.01732,-6.32966],[107.01941,-6.3304],[107.01972,-6.3285],[107.0208,-6.32778],[107.02342,-6.32917],[107.02896,-6.33014],[107.03036,-6.32545],[107.03251,-6.32322],[107.03397,-6.32362],[107.03448,-6.32249],[107.03725,-6.32135],[107.03655,-6.31922],[107.037,-6.31733],[107.03771,-6.31748],[107.03804,-6.31656],[107.03699,-6.31588],[107.03787,-6.31245],[107.03874,-6.31062],[107.03929,-6.31083],[107.03987,-6.3088],[107.04099,-6.30893],[107.04117,-6.30744],[107.03991,-6.30639],[107.05654,-6.30645],[107.05652,-6.30711],[107.05729,-6.30726],[107.05627,-6.31146],[107.05641,-6.31246],[107.05737,-6.31267],[107.05662,-6.31388],[107.0616,-6.31589],[107.06023,-6.31862],[107.058,-6.32057],[107.05357,-6.32645],[107.0513,-6.3281],[107.04508,-6.33596],[107.04148,-6.33691],[107.04163,-6.33868],[107.04225,-6.33725],[107.04412,-6.33688],[107.04377,-6.3381],[107.04187,-6.33928],[107.04213,-6.34013],[107.04335,-6.34029],[107.0435,-6.33937],[107.04722,-6.33982],[107.0473,-6.34058],[107.04901,-6.34149],[107.04938,-6.34249],[107.05188,-6.34289],[107.05319,-6.34291],[107.05291,-6.3417],[107.0536,-6.34106],[107.05618,-6.34179],[107.05889,-6.34365],[107.05919,-6.34293],[107.06021,-6.34323],[107.06221,-6.33877],[107.06346,-6.33819],[107.06292,-6.33608],[107.06449,-6.33626],[107.06507,-6.33513],[107.06766,-6.33441],[107.06649,-6.33549],[107.06726,-6.33679],[107.06657,-6.34146],[107.0691,-6.34239],[107.07062,-6.34396],[107.07405,-6.34498],[107.07484,-6.34566],[107.0749,-6.34668],[107.07677,-6.34689],[107.07609,-6.34739],[107.07532,-6.3506],[107.07326,-6.35111],[107.07367,-6.35345],[107.07539,-6.35399],[107.07277,-6.35499],[107.07323,-6.35788],[107.07115,-6.35846],[107.06904,-6.35794],[107.06832,-6.36053],[107.06866,-6.36095],[107.06932,-6.36029],[107.07043,-6.36039],[107.06909,-6.36204],[107.06966,-6.36348],[107.07213,-6.36274],[107.07274,-6.36322],[107.07275,-6.36455],[107.07098,-6.36433],[107.06996,-6.36549],[107.07018,-6.36651],[107.0712,-6.36706],[107.07347,-6.36507],[107.07368,-6.36323],[107.07523,-6.36398],[107.076,-6.36561],[107.07352,-6.36683],[107.07224,-6.36876],[107.07275,-6.3707],[107.07447,-6.36977],[107.07513,-6.37097],[107.07259,-6.37244],[107.07285,-6.37387],[107.06962,-6.37374],[107.06937,-6.37616],[107.06706,-6.37643],[107.06628,-6.38068],[107.06811,-6.38],[107.06862,-6.38037],[107.06535,-6.38345],[107.066,-6.38462],[107.06785,-6.38472],[107.06599,-6.38687],[107.06752,-6.38706],[107.0674,-6.3912],[107.06893,-6.39078],[107.07131,-6.39597],[107.0697,-6.39764],[107.06699,-6.39712],[107.06637,-6.39438],[107.06521,-6.39526],[107.06587,-6.39735],[107.0654,-6.39868],[107.06354,-6.39843],[107.06245,-6.39905],[107.06116,-6.39814],[107.05967,-6.39861],[107.05816,-6.39749],[107.05514,-6.39719],[107.05482,-6.39566]]]}},{"type":"Feature","properties":{"KODE_KEC":"32.16.19","KECAMATAN":"Cikarang Selatan","KAB_KOTA":"Bekasi","dist_ind":474.15,"camp_dens":0.0378,"toll_pct":0.000401,"sma_grad":3485,"area_km2":52.9766,"Pred_Reko":2},"geometry":{"type":"Polygon","coordinates":[[[107.13462,-6.36067],[107.13391,-6.36691],[107.13241,-6.36798],[107.12961,-6.3684],[107.12872,-6.3693],[107.12786,-6.36814],[107.12518,-6.36811],[107.12486,-6.36749],[107.12306,-6.36827],[107.12151,-6.37041],[107.11846,-6.37172],[107.11418,-6.36989],[107.11404,-6.37061],[107.1102,-6.36897],[107.10468,-6.36801],[107.10326,-6.36892],[107.10088,-6.37308],[107.0996,-6.37272],[107.09695,-6.37407],[107.09432,-6.37371],[107.09454,-6.37151],[107.09844,-6.362],[107.09639,-6.36155],[107.09585,-6.36229],[107.09331,-6.36158],[107.09101,-6.36207],[107.09077,-6.36325],[107.08961,-6.36366],[107.08941,-6.36482],[107.08775,-6.36421],[107.08745,-6.365],[107.08069,-6.36387],[107.07757,-6.36238],[107.07657,-6.36304],[107.07581,-6.365],[107.07499,-6.36372],[107.07368,-6.36323],[107.07347,-6.36507],[107.07134,-6.36708],[107.07018,-6.36651],[107.06996,-6.36549],[107.07098,-6.36433],[107.07275,-6.36455],[107.07274,-6.36322],[107.07213,-6.36274],[107.06966,-6.36348],[107.06909,-6.36204],[107.07043,-6.36039],[107.06932,-6.36029],[107.06866,-6.36095],[107.06832,-6.36053],[107.06904,-6.35794],[107.07115,-6.35846],[107.07323,-6.35788],[107.07277,-6.35499],[107.07539,-6.35399],[107.07367,-6.35345],[107.07326,-6.35111],[107.07532,-6.3506],[107.07635,-6.34708],[107.0782,-6.3464],[107.07936,-6.34663],[107.08007,-6.34535],[107.0819,-6.34452],[107.08189,-6.34296],[107.08404,-6.3419],[107.08489,-6.34222],[107.08504,-6.34433],[107.08577,-6.34479],[107.08647,-6.34234],[107.08562,-6.34149],[107.08747,-6.3413],[107.08806,-6.34212],[107.08987,-6.34241],[107.08991,-6.34173],[107.08886,-6.34109],[107.08912,-6.34049],[107.08979,-6.34024],[107.09082,-6.34097],[107.09123,-6.33825],[107.09199,-6.33932],[107.09291,-6.33885],[107.09309,-6.33739],[107.09177,-6.33733],[107.09217,-6.33623],[107.09387,-6.33519],[107.09538,-6.33558],[107.09501,-6.33463],[107.0959,-6.33408],[107.09747,-6.3353],[107.09758,-6.33394],[107.09994,-6.33328],[107.10048,-6.33213],[107.10242,-6.33291],[107.10254,-6.3317],[107.10329,-6.33128],[107.10224,-6.32939],[107.1031,-6.3289],[107.10304,-6.32718],[107.10442,-6.32722],[107.10538,-6.32508],[107.10631,-6.3262],[107.1073,-6.32598],[107.10527,-6.32379],[107.10546,-6.32325],[107.10761,-6.32282],[107.10926,-6.32459],[107.10989,-6.32423],[107.10901,-6.32062],[107.10769,-6.32002],[107.10788,-6.31953],[107.10886,-6.31925],[107.11181,-6.32041],[107.11272,-6.31883],[107.1102,-6.31935],[107.10973,-6.31853],[107.11593,-6.31736],[107.1146,-6.31447],[107.11492,-6.31404],[107.11767,-6.31477],[107.11748,-6.31396],[107.11492,-6.31187],[107.11576,-6.31073],[107.11803,-6.30954],[107.1174,-6.30756],[107.11614,-6.30674],[107.1213,-6.30708],[107.12497,-6.30629],[107.13436,-6.31169],[107.13473,-6.3075],[107.1413,-6.30716],[107.14145,-6.30493],[107.14235,-6.30447],[107.14266,-6.30286],[107.14214,-6.30229],[107.14216,-6.30024],[107.14051,-6.2979],[107.14187,-6.29699],[107.14061,-6.29583],[107.14222,-6.29411],[107.14356,-6.2953],[107.14726,-6.29603],[107.14682,-6.29708],[107.1487,-6.29784],[107.14921,-6.30024],[107.16073,-6.29992],[107.16087,-6.30401],[107.16319,-6.30398],[107.16389,-6.3046],[107.16407,-6.30395],[107.16534,-6.30394],[107.16518,-6.30918],[107.16396,-6.31046],[107.16046,-6.31105],[107.15664,-6.3167],[107.16443,-6.32196],[107.1654,-6.32116],[107.16533,-6.32018],[107.16979,-6.32353],[107.16967,-6.32495],[107.17036,-6.32572],[107.17228,-6.32595],[107.17298,-6.32687],[107.17254,-6.32845],[107.17403,-6.32992],[107.17367,-6.33193],[107.17186,-6.33129],[107.17145,-6.33317],[107.17315,-6.33585],[107.17284,-6.33729],[107.17403,-6.34125],[107.17494,-6.34206],[107.17162,-6.34786],[107.17262,-6.34795],[107.17294,-6.34971],[107.17187,-6.34947],[107.17164,-6.35035],[107.17093,-6.35015],[107.17049,-6.3518],[107.16911,-6.35164],[107.16822,-6.35377],[107.16894,-6.35389],[107.16881,-6.35455],[107.16767,-6.35482],[107.16817,-6.35593],[107.16758,-6.35652],[107.1666,-6.35584],[107.16092,-6.35599],[107.16092,-6.35487],[107.15365,-6.35424],[107.15327,-6.35481],[107.15135,-6.35356],[107.14906,-6.35696],[107.14392,-6.35351],[107.14475,-6.35227],[107.14354,-6.35148],[107.14455,-6.34992],[107.14363,-6.34901],[107.14138,-6.35075],[107.1408,-6.35362],[107.13947,-6.35409],[107.13944,-6.35557],[107.13875,-6.35511],[107.13666,-6.35895],[107.13462,-6.36067]]]}},{"type":"Feature","properties":{"KODE_KEC":"32.16.16","KECAMATAN":"Cabangbungin","KAB_KOTA":"Bekasi","dist_ind":16480.36,"camp_dens":0.0,"toll_pct":0.0,"sma_grad":3961,"area_km2":49.8786,"Pred_Reko":1},"geometry":{"type":"Polygon","coordinates":[[[107.17887,-6.0812],[107.18215,-6.07729],[107.18398,-6.07636],[107.18568,-6.07656],[107.18806,-6.07901],[107.18839,-6.08029],[107.18695,-6.08534],[107.18807,-6.0883],[107.19032,-6.08994],[107.19564,-6.09134],[107.19,-6.10729],[107.19053,-6.1079],[107.18967,-6.10995],[107.19058,-6.11033],[107.19003,-6.11397],[107.186,-6.11463],[107.18588,-6.11412],[107.18225,-6.11412],[107.18213,-6.11327],[107.17768,-6.11571],[107.17677,-6.11428],[107.17642,-6.11464],[107.17556,-6.11396],[107.17508,-6.11457],[107.17138,-6.11159],[107.17088,-6.11228],[107.17039,-6.11179],[107.16982,-6.11213],[107.16632,-6.10725],[107.16449,-6.10673],[107.16365,-6.10533],[107.1134,-6.09013],[107.11299,-6.09086],[107.1111,-6.09018],[107.11073,-6.08927],[107.10754,-6.0883],[107.10486,-6.09711],[107.09216,-6.09362],[107.09105,-6.08881],[107.08912,-6.06815],[107.10492,-6.06672],[107.10647,-6.06719],[107.10726,-6.06616],[107.10378,-6.06135],[107.08551,-6.04808],[107.08818,-6.0434],[107.08751,-6.03881],[107.0856,-6.03909],[107.08585,-6.03653],[107.0866,-6.03553],[107.08915,-6.03744],[107.09041,-6.03679],[107.09327,-6.03683],[107.09297,-6.03913],[107.09558,-6.04139],[107.09758,-6.04085],[107.10019,-6.03775],[107.10174,-6.03919],[107.10348,-6.03767],[107.1043,-6.03861],[107.10957,-6.03611],[107.11262,-6.03547],[107.11309,-6.03848],[107.11418,-6.03953],[107.11912,-6.03959],[107.12016,-6.04475],[107.12168,-6.04708],[107.12339,-6.04719],[107.125,-6.04613],[107.12731,-6.04658],[107.12782,-6.04739],[107.12436,-6.05089],[107.12477,-6.05261],[107.12659,-6.05432],[107.12851,-6.05461],[107.13222,-6.0525],[107.13509,-6.04961],[107.13616,-6.04964],[107.13722,-6.05275],[107.13685,-6.05563],[107.13271,-6.05573],[107.13034,-6.06153],[107.13199,-6.06296],[107.13442,-6.06349],[107.13648,-6.06183],[107.13892,-6.0573],[107.14054,-6.05717],[107.14108,-6.05825],[107.14041,-6.06362],[107.14359,-6.0713],[107.15157,-6.07283],[107.15354,-6.07195],[107.15682,-6.06792],[107.15964,-6.06767],[107.16243,-6.06922],[107.16547,-6.07215],[107.1719,-6.07593],[107.17606,-6.08148],[107.17887,-6.0812]]]}},{"type":"Feature","properties":{"KODE_KEC":"32.16.17","KECAMATAN":"Muaragembong","KAB_KOTA":"Bekasi","dist_ind":12055.89,"camp_dens":0.0,"toll_pct":0.0,"sma_grad":2975,"area_km2":127.8412,"Pred_Reko":1},"geometry":{"type":"Polygon","coordinates":[[[107.08595,-6.03903],[107.08751,-6.03881],[107.08818,-6.0434],[107.08551,-6.04808],[107.10378,-6.06135],[107.10726,-6.06616],[107.10663,-6.06714],[107.10492,-6.06672],[107.08912,-6.06815],[107.08878,-6.06667],[107.08324,-6.06496],[107.073,-6.06947],[107.0702,-6.07007],[107.06182,-6.06757],[107.06007,-6.06817],[107.05976,-6.06606],[107.05819,-6.06545],[107.05797,-6.06476],[107.05894,-6.05838],[107.06063,-6.05738],[107.06003,-6.05628],[107.05811,-6.05591],[107.05955,-6.0539],[107.05721,-6.05299],[107.05677,-6.05225],[107.05735,-6.05059],[107.06002,-6.04884],[107.05938,-6.04726],[107.0582,-6.04689],[107.05506,-6.04761],[107.05524,-6.0503],[107.05348,-6.05509],[107.05153,-6.05583],[107.0475,-6.06082],[107.04535,-6.06159],[107.04349,-6.06314],[107.04095,-6.06269],[107.03841,-6.06338],[107.03606,-6.06203],[107.0319,-6.06179],[107.02599,-6.05973],[107.01842,-6.06043],[107.01413,-6.05999],[107.01032,-6.0578],[107.00902,-6.05824],[107.00753,-6.05698],[106.99863,-6.05298],[106.988,-6.05006],[106.98666,-6.05017],[106.98353,-6.05328],[106.97974,-6.05358],[106.97715,-6.05261],[106.97578,-6.04849],[106.97736,-6.04719],[106.97969,-6.05068],[106.9815,-6.05116],[106.98476,-6.05006],[106.98534,-6.04886],[106.98731,-6.04756],[106.98712,-6.0468],[106.98878,-6.04569],[106.99012,-6.04826],[106.99302,-6.04757],[106.9935,-6.048],[106.99498,-6.0472],[106.99747,-6.04781],[106.9978,-6.04962],[107.00009,-6.04959],[107.00037,-6.04872],[107.00116,-6.04908],[107.00365,-6.04823],[107.00424,-6.04937],[107.00644,-6.04959],[107.0044,-6.04626],[107.00674,-6.04598],[107.00637,-6.04439],[107.00856,-6.04291],[107.00844,-6.04178],[107.00922,-6.04132],[107.00811,-6.04095],[107.00812,-6.03984],[107.00692,-6.03941],[107.00715,-6.03821],[107.00836,-6.03867],[107.009,-6.03778],[107.01096,-6.03843],[107.01336,-6.03527],[107.01611,-6.03454],[107.01559,-6.02929],[107.01421,-6.02814],[107.01495,-6.02725],[107.01448,-6.0261],[107.01284,-6.02511],[107.01308,-6.02325],[107.01244,-6.02312],[107.01205,-6.02488],[107.01052,-6.02464],[107.01028,-6.02352],[107.00116,-6.02558],[107.00071,-6.02519],[107.00033,-6.0261],[106.99494,-6.02815],[106.99496,-6.02541],[106.99628,-6.02402],[106.99474,-6.02299],[106.9954,-6.01908],[106.99447,-6.01644],[106.99456,-6.01398],[106.99331,-6.01282],[106.99394,-6.01132],[106.9954,-6.01199],[106.99545,-6.0137],[106.99808,-6.01413],[106.99901,-6.01596],[107.00077,-6.01678],[107.00089,-6.01791],[107.00392,-6.01782],[107.00596,-6.016],[107.00507,-6.01326],[107.00164,-6.01233],[106.99483,-6.00741],[106.99731,-6.00404],[106.99842,-6.00506],[107.00074,-6.00335],[107.00239,-6.00365],[107.00332,-6.00234],[107.00727,-6.00011],[107.00725,-5.99941],[107.00848,-5.99881],[107.00816,-5.99832],[107.00893,-5.99903],[107.00859,-6.00029],[107.00884,-6.00059],[107.00923,-5.99913],[107.00759,-5.99709],[107.00793,-5.99654],[107.00926,-5.99673],[107.00978,-5.99841],[107.00938,-5.99613],[107.00983,-5.99662],[107.0098,-5.99606],[107.00857,-5.99575],[107.00867,-5.9946],[107.01044,-5.9939],[107.00955,-5.99231],[107.01116,-5.99059],[107.01028,-5.9897],[107.01078,-5.98712],[107.01197,-5.98733],[107.01149,-5.98648],[107.01258,-5.98424],[107.01362,-5.98394],[107.0122,-5.98278],[107.01396,-5.98254],[107.01401,-5.98138],[107.01599,-5.98089],[107.01569,-5.98011],[107.01459,-5.9798],[107.01585,-5.9795],[107.01456,-5.97719],[107.01525,-5.97576],[107.01716,-5.97602],[107.01645,-5.97463],[107.01847,-5.97426],[107.01715,-5.97344],[107.01793,-5.97245],[107.0174,-5.97166],[107.01793,-5.97072],[107.01694,-5.96719],[107.01625,-5.95858],[107.01199,-5.94942],[107.00904,-5.94526],[107.00435,-5.94103],[106.99921,-5.93926],[106.99071,-5.94167],[106.99202,-5.93992],[106.99084,-5.93776],[106.99104,-5.93667],[107.001,-5.93122],[107.00494,-5.92663],[107.00726,-5.92155],[107.00865,-5.91998],[107.01565,-5.91855],[107.01453,-5.92033],[107.01181,-5.92254],[107.01147,-5.92362],[107.0159,-5.92681],[107.01843,-5.92676],[107.02201,-5.93166],[107.0236,-5.93007],[107.02483,-5.93135],[107.02698,-5.93028],[107.02842,-5.93103],[107.03143,-5.93375],[107.03154,-5.93571],[107.03228,-5.93594],[107.03603,-5.93643],[107.03656,-5.93359],[107.03562,-5.93345],[107.03562,-5.9328],[107.03696,-5.93255],[107.03661,-5.93101],[107.03371,-5.92939],[107.03007,-5.93108],[107.02195,-5.92258],[107.01967,-5.92107],[107.0203,-5.91869],[107.0214,-5.91881],[107.02209,-5.92121],[107.03073,-5.92572],[107.03245,-5.92588],[107.03377,-5.92523],[107.03551,-5.92259],[107.03705,-5.92307],[107.03402,-5.92784],[107.03465,-5.9295],[107.03636,-5.93018],[107.03812,-5.93217],[107.03991,-5.93127],[107.03941,-5.92845],[107.03616,-5.92798],[107.0392,-5.92786],[107.03862,-5.92696],[107.03937,-5.92676],[107.03939,-5.92587],[107.03842,-5.9254],[107.03913,-5.92528],[107.03811,-5.92384],[107.03933,-5.92458],[107.03965,-5.92402],[107.04092,-5.92633],[107.04295,-5.92554],[107.04327,-5.92598],[107.04265,-5.92707],[107.04236,-5.92648],[107.04024,-5.92661],[107.04136,-5.92791],[107.04075,-5.92873],[107.04175,-5.92921],[107.04045,-5.93033],[107.04099,-5.93094],[107.0404,-5.93163],[107.0408,-5.93211],[107.03911,-5.93297],[107.03946,-5.93365],[107.0383,-5.93321],[107.03711,-5.93369],[107.03713,-5.93486],[107.03773,-5.93504],[107.03754,-5.93661],[107.03927,-5.93747],[107.03705,-5.93706],[107.03581,-5.94522],[107.03511,-5.94496],[107.03421,-5.94581],[107.03429,-5.94734],[107.03352,-5.94681],[107.03156,-5.9475],[107.03118,-5.94824],[107.03303,-5.95062],[107.03315,-5.95328],[107.0324,-5.95557],[107.03638,-5.96023],[107.03875,-5.95886],[107.04678,-5.96253],[107.05237,-5.96401],[107.06549,-5.9652],[107.06826,-5.96439],[107.06947,-5.96512],[107.06952,-5.96717],[107.07008,-5.96747],[107.0744,-5.96857],[107.07607,-5.96834],[107.0756,-5.96173],[107.07396,-5.95908],[107.0747,-5.95019],[107.07072,-5.95001],[107.0713,-5.94362],[107.06502,-5.94328],[107.06524,-5.94057],[107.06434,-5.93576],[107.0623,-5.93397],[107.06255,-5.93168],[107.06194,-5.93025],[107.06079,-5.93044],[107.06007,-5.93179],[107.05959,-5.93168],[107.05987,-5.93037],[107.05916,-5.92947],[107.05751,-5.93046],[107.06006,-5.9327],[107.05912,-5.93519],[107.0585,-5.93504],[107.05759,-5.939],[107.05756,-5.9383],[107.05669,-5.93867],[107.05756,-5.9374],[107.05722,-5.93634],[107.05781,-5.93604],[107.0577,-5.93516],[107.05859,-5.93485],[107.0593,-5.93263],[107.05688,-5.93065],[107.05613,-5.93072],[107.05666,-5.9299],[107.05461,-5.92831],[107.05385,-5.92887],[107.05467,-5.92976],[107.05335,-5.92931],[107.0528,-5.93074],[107.05223,-5.93066],[107.05097,-5.9321],[107.05213,-5.93271],[107.05039,-5.93355],[107.05008,-5.93147],[107.05132,-5.93138],[107.052,-5.93011],[107.051,-5.92942],[107.05228,-5.92969],[107.05277,-5.92849],[107.047,-5.92612],[107.04894,-5.9261],[107.04931,-5.92532],[107.05231,-5.92612],[107.05679,-5.92851],[107.05601,-5.92881],[107.05734,-5.93018],[107.05803,-5.92891],[107.06021,-5.9293],[107.07538,-5.93483],[107.07996,-5.93587],[107.08349,-5.93618],[107.0868,-5.93553],[107.09161,-5.93614],[107.09363,-5.93709],[107.09542,-5.93698],[107.0979,-5.93936],[107.09761,-5.94449],[107.09544,-5.9517],[107.09529,-5.95521],[107.09399,-5.95569],[107.09358,-5.95787],[107.0954,-5.95847],[107.09714,-5.96132],[107.09531,-5.96403],[107.09405,-5.96353],[107.09139,-5.96773],[107.08958,-5.96844],[107.08996,-5.97089],[107.09099,-5.97269],[107.08846,-5.97561],[107.09004,-5.97645],[107.08564,-5.97931],[107.08862,-5.98007],[107.0888,-5.9807],[107.08778,-5.98132],[107.08763,-5.98227],[107.08993,-5.98341],[107.08775,-5.98533],[107.08483,-5.98502],[107.08525,-5.98647],[107.08722,-5.98721],[107.08545,-5.98895],[107.08532,-5.99033],[107.08438,-5.99082],[107.0875,-5.9928],[107.08835,-5.99545],[107.08774,-5.99747],[107.08475,-6.00042],[107.08453,-6.00182],[107.08501,-6.0027],[107.09109,-6.00493],[107.0925,-6.00638],[107.0931,-6.00784],[107.09301,-6.01311],[107.09356,-6.01428],[107.09965,-6.01445],[107.10158,-6.01624],[107.10126,-6.01741],[107.0972,-6.01968],[107.09501,-6.02205],[107.09377,-6.02455],[107.09395,-6.0274],[107.09512,-6.02811],[107.09609,-6.02793],[107.0983,-6.02521],[107.0993,-6.02504],[107.10513,-6.02878],[107.11132,-6.0289],[107.11227,-6.03055],[107.11262,-6.03547],[107.10957,-6.03611],[107.1043,-6.03861],[107.10348,-6.03767],[107.10174,-6.03919],[107.10019,-6.03775],[107.09758,-6.04085],[107.09558,-6.04139],[107.09297,-6.03913],[107.09309,-6.03677],[107.09041,-6.03679],[107.08915,-6.03744],[107.0866,-6.03553],[107.08585,-6.03653],[107.08595,-6.03903]]]}},{"type":"Feature","properties":{"KODE_KEC":"32.16.10","KECAMATAN":"Karang Bahagia","KAB_KOTA":"Bekasi","dist_ind":9185.96,"camp_dens":0.0,"toll_pct":0.0,"sma_grad":1642,"area_km2":46.5205,"Pred_Reko":1},"geometry":{"type":"Polygon","coordinates":[[[107.20176,-6.23168],[107.19815,-6.24802],[107.191,-6.24479],[107.18078,-6.24399],[107.17949,-6.24342],[107.17741,-6.24971],[107.16489,-6.24608],[107.16455,-6.24544],[107.16106,-6.24574],[107.15839,-6.24486],[107.1589,-6.24414],[107.15766,-6.24329],[107.15881,-6.24268],[107.15898,-6.24113],[107.15808,-6.24082],[107.1571,-6.23906],[107.15796,-6.23807],[107.15741,-6.23626],[107.15821,-6.23573],[107.1585,-6.2338],[107.15704,-6.23316],[107.15604,-6.22988],[107.15539,-6.22984],[107.15676,-6.2276],[107.15581,-6.22454],[107.15689,-6.22359],[107.15719,-6.22133],[107.15979,-6.21731],[107.16275,-6.21688],[107.16519,-6.21737],[107.17314,-6.20448],[107.17774,-6.17265],[107.18075,-6.17361],[107.21337,-6.19678],[107.2308,-6.20329],[107.24577,-6.21479],[107.24161,-6.22027],[107.23827,-6.22355],[107.23761,-6.2258],[107.24044,-6.22709],[107.24134,-6.22967],[107.2405,-6.23201],[107.2417,-6.23642],[107.24064,-6.24004],[107.23932,-6.23986],[107.23721,-6.23804],[107.23615,-6.23825],[107.2341,-6.23359],[107.22786,-6.23203],[107.22689,-6.2325],[107.22152,-6.24408],[107.22011,-6.24355],[107.21971,-6.24451],[107.21662,-6.24312],[107.21723,-6.24231],[107.21527,-6.24192],[107.21614,-6.23993],[107.21553,-6.23966],[107.21607,-6.23835],[107.21291,-6.23695],[107.2133,-6.2379],[107.20984,-6.23682],[107.21066,-6.23503],[107.20176,-6.23168]]]}},{"type":"Feature","properties":{"KODE_KEC":"32.16.11","KECAMATAN":"Cikarang Timur","KAB_KOTA":"Bekasi","dist_ind":5451.7,"camp_dens":0.0,"toll_pct":0.0,"sma_grad":683,"area_km2":52.0659,"Pred_Reko":0},"geometry":{"type":"Polygon","coordinates":[[[107.20835,-6.32479],[107.20651,-6.33171],[107.20048,-6.33119],[107.19816,-6.32995],[107.19802,-6.3282],[107.19133,-6.32608],[107.19147,-6.32395],[107.18887,-6.32273],[107.18886,-6.32078],[107.18539,-6.31973],[107.18394,-6.32318],[107.18143,-6.32247],[107.18168,-6.32144],[107.18051,-6.32093],[107.18061,-6.32013],[107.1802,-6.32085],[107.17437,-6.31829],[107.17387,-6.3154],[107.17428,-6.31408],[107.1716,-6.31357],[107.16941,-6.31206],[107.16754,-6.31297],[107.16665,-6.31209],[107.16795,-6.31009],[107.16738,-6.30943],[107.1688,-6.30875],[107.17046,-6.30465],[107.16819,-6.3027],[107.16762,-6.29995],[107.16954,-6.2965],[107.1707,-6.2961],[107.1712,-6.29511],[107.17211,-6.29205],[107.17246,-6.28707],[107.17346,-6.28682],[107.17588,-6.28892],[107.17813,-6.2893],[107.17825,-6.28704],[107.17928,-6.28676],[107.17893,-6.28488],[107.17961,-6.28402],[107.18167,-6.28455],[107.18491,-6.27727],[107.18592,-6.27175],[107.18567,-6.26903],[107.19388,-6.26544],[107.19638,-6.26544],[107.19815,-6.24802],[107.20176,-6.23168],[107.21066,-6.23503],[107.20984,-6.23682],[107.21108,-6.23748],[107.21147,-6.23692],[107.2133,-6.2379],[107.21291,-6.23695],[107.21607,-6.23835],[107.21553,-6.23966],[107.21614,-6.23993],[107.21527,-6.24192],[107.21723,-6.24231],[107.21662,-6.24312],[107.21971,-6.24451],[107.22011,-6.24355],[107.22152,-6.24408],[107.21477,-6.25895],[107.21499,-6.26144],[107.21169,-6.26521],[107.22154,-6.26652],[107.22423,-6.26566],[107.22616,-6.26592],[107.22851,-6.26756],[107.23488,-6.26956],[107.2378,-6.26888],[107.24243,-6.26599],[107.24626,-6.26673],[107.24517,-6.26894],[107.24539,-6.26962],[107.2419,-6.2698],[107.241,-6.27245],[107.23855,-6.27273],[107.23829,-6.27452],[107.23638,-6.27443],[107.23569,-6.27787],[107.23701,-6.27817],[107.23665,-6.27965],[107.23882,-6.28025],[107.23873,-6.28095],[107.24112,-6.28113],[107.24098,-6.28206],[107.24277,-6.28263],[107.24682,-6.28356],[107.24792,-6.2831],[107.24872,-6.28246],[107.24878,-6.28177],[107.24784,-6.28113],[107.24865,-6.2794],[107.25073,-6.28047],[107.25557,-6.28034],[107.25658,-6.27859],[107.25836,-6.27878],[107.25916,-6.27628],[107.26528,-6.27417],[107.26612,-6.27438],[107.26526,-6.27845],[107.26753,-6.27977],[107.26795,-6.2807],[107.26731,-6.28414],[107.26659,-6.28489],[107.2653,-6.28371],[107.26444,-6.28038],[107.26326,-6.28009],[107.26189,-6.28195],[107.26414,-6.28464],[107.26405,-6.28644],[107.26113,-6.28611],[107.25975,-6.28772],[107.25545,-6.29017],[107.25488,-6.29095],[107.25553,-6.29403],[107.25459,-6.29503],[107.25092,-6.29287],[107.24867,-6.2933],[107.24732,-6.29561],[107.24776,-6.29829],[107.24672,-6.29928],[107.24431,-6.29932],[107.24201,-6.29667],[107.23952,-6.29703],[107.23747,-6.29624],[107.23645,-6.29667],[107.23594,-6.29753],[107.23641,-6.29882],[107.23938,-6.30434],[107.23721,-6.30718],[107.23587,-6.30727],[107.23526,-6.30664],[107.23574,-6.30409],[107.23536,-6.30186],[107.23368,-6.29898],[107.23234,-6.29987],[107.23335,-6.30213],[107.23302,-6.30373],[107.23124,-6.3038],[107.23043,-6.30243],[107.22943,-6.3022],[107.22776,-6.30449],[107.22409,-6.30568],[107.22373,-6.30675],[107.22418,-6.30779],[107.22715,-6.30851],[107.2276,-6.30934],[107.22703,-6.31007],[107.22461,-6.31021],[107.22496,-6.3137],[107.22394,-6.31634],[107.22178,-6.31659],[107.22138,-6.31431],[107.21992,-6.31315],[107.21807,-6.31383],[107.21729,-6.31617],[107.21773,-6.31746],[107.21906,-6.31845],[107.22312,-6.31838],[107.22469,-6.31995],[107.22423,-6.32132],[107.22073,-6.3207],[107.21854,-6.32146],[107.21711,-6.32098],[107.2157,-6.32588],[107.21349,-6.32518],[107.21405,-6.3207],[107.21256,-6.32384],[107.21061,-6.32428],[107.21034,-6.32505],[107.20921,-6.32445],[107.20835,-6.32479]]]}},{"type":"Feature","properties":{"KODE_KEC":"32.16.14","KECAMATAN":"Sukakarya","KAB_KOTA":"Bekasi","dist_ind":16455.74,"camp_dens":0.0,"toll_pct":0.0,"sma_grad":2555,"area_km2":47.8887,"Pred_Reko":1},"geometry":{"type":"Polygon","coordinates":[[[107.22459,-6.16859],[107.22885,-6.20256],[107.21337,-6.19678],[107.18402,-6.17613],[107.18512,-6.17373],[107.18606,-6.17381],[107.18581,-6.17146],[107.18674,-6.16663],[107.18638,-6.16146],[107.18891,-6.16163],[107.19333,-6.16059],[107.18693,-6.14575],[107.18342,-6.14683],[107.18049,-6.14695],[107.18014,-6.14561],[107.17731,-6.14608],[107.17742,-6.14903],[107.17646,-6.14899],[107.17538,-6.15429],[107.17446,-6.1543],[107.16926,-6.15244],[107.17079,-6.14825],[107.16574,-6.14312],[107.16117,-6.14187],[107.15991,-6.1393],[107.16029,-6.13769],[107.14765,-6.13698],[107.14647,-6.13629],[107.14022,-6.13525],[107.13935,-6.13477],[107.13955,-6.13329],[107.13812,-6.13325],[107.13805,-6.13396],[107.13643,-6.13375],[107.1363,-6.12122],[107.13438,-6.12058],[107.13372,-6.11874],[107.13474,-6.11752],[107.1353,-6.11514],[107.13759,-6.11398],[107.14272,-6.09922],[107.16384,-6.10541],[107.16449,-6.10673],[107.16632,-6.10725],[107.16982,-6.11213],[107.17039,-6.11179],[107.17088,-6.11228],[107.17138,-6.11159],[107.17508,-6.11457],[107.17556,-6.11396],[107.17642,-6.11464],[107.17677,-6.11428],[107.17768,-6.11571],[107.18213,-6.11327],[107.18225,-6.11412],[107.18588,-6.11412],[107.186,-6.11463],[107.18972,-6.11382],[107.20561,-6.12112],[107.20503,-6.12907],[107.20585,-6.13326],[107.22459,-6.16859]]]}},{"type":"Feature","properties":{"KODE_KEC":"32.16.15","KECAMATAN":"Sukatani","KAB_KOTA":"Bekasi","dist_ind":10749.22,"camp_dens":0.0,"toll_pct":0.0,"sma_grad":2377,"area_km2":38.2175,"Pred_Reko":1},"geometry":{"type":"Polygon","coordinates":[[[107.17314,-6.20448],[107.16519,-6.21737],[107.16275,-6.21688],[107.15979,-6.21731],[107.15719,-6.22133],[107.15689,-6.22359],[107.15581,-6.22454],[107.15676,-6.2276],[107.15539,-6.22984],[107.15604,-6.22988],[107.15704,-6.23316],[107.1585,-6.2338],[107.15821,-6.23573],[107.15741,-6.23626],[107.15796,-6.23807],[107.1571,-6.23906],[107.15808,-6.24082],[107.15898,-6.24113],[107.15881,-6.24268],[107.15766,-6.24329],[107.15871,-6.24375],[107.15876,-6.24453],[107.15688,-6.24665],[107.15538,-6.24636],[107.15455,-6.24478],[107.15317,-6.24472],[107.15242,-6.24401],[107.15261,-6.24094],[107.1509,-6.24064],[107.15131,-6.23753],[107.15022,-6.2371],[107.15068,-6.23443],[107.14913,-6.23393],[107.14769,-6.23187],[107.14339,-6.23208],[107.14209,-6.23281],[107.13763,-6.23172],[107.1377,-6.2265],[107.13513,-6.22614],[107.13509,-6.2246],[107.13409,-6.2256],[107.13421,-6.22472],[107.13284,-6.22439],[107.13213,-6.22316],[107.13234,-6.22149],[107.12603,-6.22022],[107.12845,-6.21035],[107.12866,-6.20124],[107.12659,-6.19951],[107.13014,-6.18831],[107.13201,-6.1883],[107.13254,-6.18773],[107.13319,-6.18455],[107.13511,-6.18052],[107.13575,-6.17621],[107.13468,-6.17299],[107.13466,-6.16811],[107.13296,-6.16651],[107.1577,-6.1692],[107.15859,-6.16288],[107.15985,-6.16343],[107.16062,-6.15951],[107.16352,-6.15967],[107.16487,-6.15747],[107.16722,-6.15758],[107.16729,-6.15534],[107.16404,-6.1535],[107.16432,-6.15256],[107.16822,-6.15327],[107.16795,-6.15214],[107.1684,-6.15205],[107.1753,-6.15443],[107.17646,-6.14899],[107.17742,-6.14903],[107.17731,-6.14608],[107.18014,-6.14561],[107.18049,-6.14695],[107.18342,-6.14683],[107.18693,-6.14575],[107.19333,-6.16059],[107.18891,-6.16163],[107.18638,-6.16146],[107.18674,-6.16663],[107.18581,-6.17146],[107.18606,-6.17381],[107.18512,-6.17373],[107.18402,-6.17613],[107.18013,-6.1732],[107.17774,-6.17265],[107.17314,-6.20448]]]}},{"type":"Feature","properties":{"KODE_KEC":"32.16.12","KECAMATAN":"Kedung Waringin","KAB_KOTA":"Bekasi","dist_ind":10741.99,"camp_dens":0.0,"toll_pct":0.0,"sma_grad":3887,"area_km2":30.9443,"Pred_Reko":2},"geometry":{"type":"Polygon","coordinates":[[[107.27587,-6.26745],[107.26612,-6.27438],[107.26439,-6.27437],[107.25916,-6.27628],[107.25836,-6.27878],[107.25658,-6.27859],[107.25557,-6.28034],[107.25073,-6.28047],[107.24865,-6.2794],[107.24784,-6.28113],[107.24878,-6.28177],[107.24872,-6.28246],[107.24682,-6.28356],[107.24098,-6.28206],[107.24112,-6.28113],[107.23873,-6.28095],[107.23882,-6.28025],[107.23665,-6.27965],[107.23701,-6.27817],[107.23569,-6.27787],[107.23642,-6.27438],[107.23829,-6.27452],[107.23855,-6.27273],[107.241,-6.27245],[107.2419,-6.2698],[107.24539,-6.26962],[107.24517,-6.26894],[107.24626,-6.26673],[107.24243,-6.26599],[107.2378,-6.26888],[107.23488,-6.26956],[107.22851,-6.26756],[107.22616,-6.26592],[107.22423,-6.26566],[107.22154,-6.26652],[107.21169,-6.26521],[107.21499,-6.26144],[107.21477,-6.25895],[107.22689,-6.2325],[107.22813,-6.23206],[107.2341,-6.23359],[107.23615,-6.23825],[107.23721,-6.23804],[107.23932,-6.23986],[107.24068,-6.24],[107.2417,-6.23642],[107.2405,-6.23201],[107.24134,-6.22967],[107.24044,-6.22709],[107.23761,-6.2258],[107.23827,-6.22355],[107.24572,-6.2149],[107.24989,-6.21857],[107.25334,-6.22043],[107.26632,-6.23052],[107.26764,-6.23229],[107.26936,-6.23298],[107.27451,-6.24121],[107.27549,-6.24715],[107.27784,-6.2536],[107.27736,-6.25508],[107.27383,-6.25746],[107.27341,-6.25837],[107.27413,-6.26054],[107.27602,-6.26312],[107.27631,-6.2664],[107.27587,-6.26745]]]}},{"type":"Feature","properties":{"KODE_KEC":"32.16.13","KECAMATAN":"Pebayuran","KAB_KOTA":"Bekasi","dist_ind":17604.8,"camp_dens":0.0,"toll_pct":0.0,"sma_grad":1449,"area_km2":94.7518,"Pred_Reko":0},"geometry":{"type":"Polygon","coordinates":[[[107.26632,-6.23052],[107.24989,-6.21857],[107.24257,-6.21202],[107.23251,-6.20451],[107.22885,-6.20256],[107.22459,-6.16859],[107.20585,-6.13326],[107.20503,-6.12907],[107.20561,-6.12112],[107.19003,-6.11397],[107.19058,-6.11033],[107.18967,-6.10995],[107.19053,-6.1079],[107.19,-6.10729],[107.19564,-6.09134],[107.20256,-6.09354],[107.21173,-6.09968],[107.22163,-6.10386],[107.23014,-6.10263],[107.23749,-6.10437],[107.24335,-6.10096],[107.2468,-6.10109],[107.24815,-6.10369],[107.2484,-6.11106],[107.24778,-6.11493],[107.2485,-6.1161],[107.25147,-6.11617],[107.26245,-6.11102],[107.26533,-6.11134],[107.2689,-6.11423],[107.26939,-6.11556],[107.26923,-6.1187],[107.27038,-6.12395],[107.26998,-6.12778],[107.27063,-6.12968],[107.27282,-6.13053],[107.27789,-6.12703],[107.27975,-6.12686],[107.28119,-6.1276],[107.28127,-6.1299],[107.27967,-6.132],[107.27947,-6.13337],[107.28002,-6.13423],[107.28342,-6.13537],[107.28392,-6.13725],[107.28222,-6.14051],[107.28104,-6.14483],[107.28136,-6.14677],[107.28242,-6.14804],[107.28577,-6.1487],[107.28896,-6.14192],[107.29105,-6.1405],[107.29247,-6.14091],[107.2922,-6.14321],[107.28921,-6.1493],[107.28923,-6.15402],[107.28845,-6.15632],[107.2812,-6.15733],[107.27854,-6.16112],[107.27991,-6.16583],[107.2791,-6.16944],[107.27937,-6.17108],[107.28085,-6.17261],[107.28597,-6.17532],[107.28696,-6.17824],[107.28595,-6.18275],[107.2862,-6.18389],[107.29055,-6.18707],[107.29214,-6.19015],[107.29206,-6.19346],[107.29049,-6.19801],[107.29083,-6.20061],[107.29205,-6.20169],[107.29537,-6.20119],[107.29658,-6.2021],[107.29648,-6.20353],[107.29367,-6.20754],[107.29269,-6.2152],[107.29169,-6.21659],[107.28952,-6.21749],[107.28391,-6.21596],[107.27863,-6.21537],[107.27397,-6.21569],[107.27248,-6.21633],[107.2723,-6.21903],[107.27495,-6.22248],[107.28072,-6.22344],[107.28365,-6.22549],[107.28324,-6.22751],[107.28209,-6.22892],[107.27442,-6.23357],[107.27315,-6.23341],[107.27024,-6.2315],[107.26914,-6.23199],[107.26936,-6.23298],[107.26809,-6.23256],[107.26632,-6.23052]]]}},{"type":"Feature","properties":{"KODE_KEC":"32.76.01","KECAMATAN":"Pancoran Mas","KAB_KOTA":"Kota Depok","dist_ind":14512.71,"camp_dens":0.0,"toll_pct":0.000129,"sma_grad":3582,"area_km2":18.0502,"Pred_Reko":2},"geometry":{"type":"Polygon","coordinates":[[[106.80857,-6.38892],[106.81957,-6.38921],[106.82045,-6.38782],[106.82249,-6.38863],[106.82218,-6.3902],[106.83312,-6.3893],[106.83145,-6.39233],[106.83063,-6.39213],[106.83006,-6.39021],[106.82943,-6.39051],[106.82923,-6.3938],[106.83194,-6.39536],[106.82893,-6.39593],[106.8304,-6.39727],[106.83451,-6.39747],[106.83467,-6.40109],[106.83409,-6.40198],[106.8349,-6.4024],[106.83457,-6.40386],[106.83365,-6.40391],[106.83347,-6.40563],[106.82972,-6.40519],[106.82828,-6.40421],[106.82738,-6.40537],[106.8256,-6.40466],[106.82251,-6.40654],[106.81957,-6.40627],[106.81973,-6.40855],[106.81809,-6.41327],[106.81442,-6.41212],[106.81368,-6.41347],[106.80764,-6.41327],[106.80212,-6.41459],[106.78486,-6.41437],[106.78417,-6.41504],[106.78286,-6.41078],[106.78469,-6.41008],[106.78199,-6.40787],[106.77916,-6.40787],[106.77916,-6.40675],[106.77981,-6.40718],[106.78066,-6.40637],[106.77957,-6.40545],[106.77892,-6.40609],[106.77967,-6.40461],[106.77842,-6.40391],[106.77744,-6.40122],[106.77588,-6.40117],[106.77687,-6.39969],[106.77536,-6.39996],[106.775,-6.39827],[106.77283,-6.39693],[106.77154,-6.39719],[106.77161,-6.39574],[106.76899,-6.39627],[106.77004,-6.39474],[106.76967,-6.39414],[106.76697,-6.39528],[106.76568,-6.3938],[106.76636,-6.39253],[106.76536,-6.39032],[106.76686,-6.38976],[106.76572,-6.38748],[106.76712,-6.3857],[106.78332,-6.38499],[106.78626,-6.38391],[106.79521,-6.38362],[106.79688,-6.38201],[106.79705,-6.37881],[106.79852,-6.37911],[106.79978,-6.38184],[106.8005,-6.3817],[106.80054,-6.38353],[106.80184,-6.38494],[106.80154,-6.38742],[106.80245,-6.38774],[106.80206,-6.3889],[106.80269,-6.39041],[106.80468,-6.39061],[106.80528,-6.38776],[106.80857,-6.38892]]]}},{"type":"Feature","properties":{"KODE_KEC":"32.76.02","KECAMATAN":"Cimanggis","KAB_KOTA":"Kota Depok","dist_ind":12527.07,"camp_dens":0.2295,"toll_pct":0.000794,"sma_grad":2452,"area_km2":21.783,"Pred_Reko":2},"geometry":{"type":"Polygon","coordinates":[[[106.8796,-6.38417],[106.87871,-6.38518],[106.87679,-6.38493],[106.87383,-6.38675],[106.87425,-6.38883],[106.87298,-6.39073],[106.8741,-6.39227],[106.8727,-6.39258],[106.87216,-6.39414],[106.87088,-6.39452],[106.86941,-6.39797],[106.86826,-6.39799],[106.86737,-6.39887],[106.865,-6.39818],[106.86482,-6.39367],[106.86754,-6.38671],[106.86685,-6.37911],[106.86368,-6.37643],[106.86223,-6.37239],[106.85962,-6.37261],[106.85926,-6.37148],[106.85663,-6.37311],[106.85318,-6.37229],[106.84078,-6.37258],[106.83704,-6.36999],[106.84145,-6.36825],[106.84098,-6.36703],[106.8386,-6.36756],[106.83895,-6.36612],[106.84,-6.36531],[106.83933,-6.36333],[106.83951,-6.36156],[106.83811,-6.36212],[106.83826,-6.36397],[106.83678,-6.36248],[106.83687,-6.36151],[106.83906,-6.36046],[106.83911,-6.35975],[106.83706,-6.35754],[106.83574,-6.35873],[106.83512,-6.35795],[106.83541,-6.35627],[106.83787,-6.35549],[106.83592,-6.35441],[106.83551,-6.3519],[106.83868,-6.35207],[106.83932,-6.35156],[106.83766,-6.3471],[106.83932,-6.34606],[106.83971,-6.34377],[106.83803,-6.34334],[106.83649,-6.3448],[106.83549,-6.34416],[106.83812,-6.34124],[106.83963,-6.34251],[106.84087,-6.34233],[106.84064,-6.34099],[106.83926,-6.34035],[106.84034,-6.33855],[106.84005,-6.33589],[106.84148,-6.33595],[106.84179,-6.33683],[106.84901,-6.33694],[106.84898,-6.3377],[106.84798,-6.33802],[106.84944,-6.33852],[106.8493,-6.33929],[106.85156,-6.3413],[106.85207,-6.34285],[106.85398,-6.34291],[106.85474,-6.344],[106.85396,-6.34532],[106.85415,-6.34651],[106.8559,-6.34751],[106.85674,-6.34708],[106.8578,-6.34808],[106.85716,-6.35058],[106.85913,-6.3503],[106.85928,-6.3514],[106.86195,-6.35381],[106.86056,-6.35541],[106.86226,-6.35721],[106.86276,-6.35627],[106.86608,-6.35604],[106.86785,-6.35446],[106.86837,-6.35301],[106.86931,-6.35445],[106.87028,-6.35281],[106.87159,-6.35308],[106.8711,-6.3537],[106.87205,-6.35374],[106.87247,-6.3551],[106.87305,-6.35493],[106.87427,-6.35603],[106.87201,-6.35788],[106.8723,-6.35875],[106.87133,-6.36004],[106.87271,-6.36125],[106.87368,-6.36092],[106.87664,-6.36194],[106.87899,-6.3611],[106.87793,-6.36315],[106.87952,-6.3647],[106.88066,-6.36456],[106.88101,-6.36661],[106.8822,-6.36628],[106.88238,-6.36488],[106.8836,-6.36492],[106.88322,-6.36585],[106.8839,-6.36779],[106.8831,-6.36833],[106.88266,-6.36995],[106.88363,-6.37034],[106.88311,-6.3716],[106.88478,-6.37201],[106.88468,-6.37251],[106.88742,-6.37261],[106.88904,-6.36794],[106.89635,-6.37176],[106.89614,-6.36932],[106.89681,-6.36985],[106.8976,-6.36882],[106.90128,-6.37021],[106.90163,-6.36927],[106.89996,-6.36919],[106.9052,-6.36292],[106.90602,-6.35966],[106.9073,-6.35971],[106.90689,-6.36073],[106.9086,-6.36118],[106.9092,-6.36175],[106.90867,-6.36223],[106.91039,-6.36372],[106.91427,-6.36555],[106.91247,-6.36838],[106.91197,-6.36737],[106.91067,-6.36788],[106.91034,-6.37013],[106.90789,-6.37109],[106.90779,-6.37247],[106.9086,-6.37302],[106.90791,-6.37396],[106.90861,-6.37459],[106.9083,-6.37556],[106.9076,-6.37593],[106.9082,-6.3767],[106.9039,-6.38026],[106.90506,-6.38438],[106.9039,-6.38647],[106.90449,-6.38718],[106.90364,-6.38861],[106.90092,-6.38808],[106.89487,-6.38915],[106.88892,-6.38586],[106.8796,-6.38417]]]}},{"type":"Feature","properties":{"KODE_KEC":"32.76.05","KECAMATAN":"Sukmajaya","KAB_KOTA":"Kota Depok","dist_ind":11082.94,"camp_dens":0.1151,"toll_pct":0.000356,"sma_grad":2526,"area_km2":17.3706,"Pred_Reko":1},"geometry":{"type":"Polygon","coordinates":[[[106.85027,-6.40522],[106.8509,-6.40546],[106.85042,-6.40839],[106.84901,-6.40964],[106.84639,-6.41492],[106.84634,-6.41658],[106.84564,-6.41672],[106.84635,-6.41899],[106.84544,-6.42049],[106.84515,-6.42335],[106.83371,-6.42353],[106.83196,-6.4233],[106.83186,-6.42263],[106.82961,-6.42246],[106.82968,-6.42306],[106.82896,-6.42311],[106.8227,-6.42282],[106.82148,-6.42228],[106.82181,-6.42148],[106.81967,-6.42084],[106.81846,-6.41932],[106.81864,-6.4181],[106.82042,-6.4184],[106.82082,-6.4179],[106.82012,-6.41622],[106.81796,-6.41398],[106.81973,-6.40855],[106.81957,-6.40627],[106.82251,-6.40654],[106.8256,-6.40466],[106.82738,-6.40537],[106.82828,-6.40421],[106.82972,-6.40519],[106.83347,-6.40563],[106.83365,-6.40391],[106.83457,-6.40386],[106.8349,-6.4024],[106.83409,-6.40198],[106.83467,-6.40109],[106.83451,-6.39747],[106.8304,-6.39727],[106.82893,-6.39593],[106.83194,-6.39536],[106.82923,-6.3938],[106.82943,-6.39051],[106.83006,-6.39021],[106.83068,-6.3922],[106.8316,-6.39226],[106.83373,-6.38836],[106.83187,-6.38653],[106.83246,-6.38454],[106.83157,-6.38323],[106.83173,-6.38243],[106.8356,-6.38195],[106.83697,-6.38008],[106.83798,-6.38115],[106.83876,-6.38076],[106.83943,-6.37807],[106.83759,-6.37624],[106.83923,-6.37572],[106.84092,-6.37602],[106.84183,-6.37258],[106.85318,-6.37229],[106.85663,-6.37311],[106.85926,-6.37148],[106.85962,-6.37261],[106.86223,-6.37239],[106.86368,-6.37643],[106.86685,-6.37911],[106.86754,-6.38671],[106.86482,-6.39367],[106.86509,-6.3976],[106.86329,-6.39902],[106.86159,-6.4016],[106.86073,-6.39888],[106.85686,-6.39513],[106.85525,-6.39817],[106.85434,-6.39892],[106.85316,-6.39884],[106.85258,-6.40114],[106.85097,-6.40183],[106.85014,-6.40341],[106.85027,-6.40522]]]}},{"type":"Feature","properties":{"KODE_KEC":"32.76.06","KECAMATAN":"Beji","KAB_KOTA":"Kota Depok","dist_ind":14884.05,"camp_dens":0.205,"toll_pct":0.000359,"sma_grad":4113,"area_km2":14.6317,"Pred_Reko":2},"geometry":{"type":"Polygon","coordinates":[[[106.82036,-6.38806],[106.81957,-6.38921],[106.81283,-6.38922],[106.80857,-6.38892],[106.80528,-6.38776],[106.80468,-6.39061],[106.8024,-6.39017],[106.80206,-6.3889],[106.80258,-6.38819],[106.80154,-6.38742],[106.80186,-6.38504],[106.80054,-6.38353],[106.8005,-6.3817],[106.79978,-6.38184],[106.79874,-6.37932],[106.79717,-6.37906],[106.79594,-6.37711],[106.79649,-6.37408],[106.79577,-6.3731],[106.79552,-6.37079],[106.79618,-6.36931],[106.79416,-6.36653],[106.79458,-6.36459],[106.80035,-6.36474],[106.80331,-6.3636],[106.80564,-6.36345],[106.81032,-6.364],[106.8112,-6.36222],[106.81177,-6.36254],[106.81261,-6.36074],[106.81356,-6.36016],[106.81359,-6.35905],[106.81504,-6.35943],[106.81598,-6.35611],[106.81839,-6.35659],[106.81934,-6.3557],[106.82101,-6.35619],[106.82156,-6.35562],[106.82833,-6.35602],[106.83746,-6.35494],[106.83758,-6.35595],[106.83533,-6.35635],[106.83513,-6.35801],[106.83574,-6.35873],[106.83706,-6.35754],[106.83911,-6.35975],[106.83906,-6.36046],[106.83687,-6.36151],[106.83678,-6.36248],[106.83826,-6.36397],[106.83811,-6.36212],[106.83951,-6.36156],[106.83933,-6.36333],[106.84,-6.36531],[106.83895,-6.36612],[106.8386,-6.36756],[106.84076,-6.36702],[106.84147,-6.36771],[106.84061,-6.36889],[106.83698,-6.36987],[106.84,-6.37237],[106.84193,-6.37287],[106.84092,-6.37602],[106.83923,-6.37572],[106.83759,-6.37624],[106.83943,-6.37807],[106.83885,-6.38067],[106.83798,-6.38115],[106.83697,-6.38008],[106.8356,-6.38195],[106.83161,-6.38256],[106.83246,-6.38454],[106.83189,-6.38659],[106.83374,-6.38816],[106.83312,-6.3893],[106.82218,-6.3902],[106.82249,-6.38863],[106.82036,-6.38806]]]}},{"type":"Feature","properties":{"KODE_KEC":"32.76.03","KECAMATAN":"Sawangan","KAB_KOTA":"Kota Depok","dist_ind":12298.98,"camp_dens":0.0,"toll_pct":0.0,"sma_grad":3997,"area_km2":26.0853,"Pred_Reko":2},"geometry":{"type":"Polygon","coordinates":[[[106.76469,-6.43922],[106.76016,-6.43864],[106.75345,-6.43885],[106.75362,-6.4377],[106.75294,-6.43742],[106.75349,-6.43576],[106.75221,-6.43459],[106.75423,-6.4325],[106.75497,-6.4306],[106.75159,-6.42958],[106.75111,-6.43022],[106.74753,-6.42908],[106.74606,-6.42969],[106.74568,-6.42917],[106.74649,-6.42613],[106.74541,-6.42427],[106.74654,-6.42265],[106.74745,-6.42279],[106.74785,-6.42088],[106.74885,-6.42051],[106.74871,-6.41866],[106.74962,-6.41635],[106.74817,-6.41247],[106.74842,-6.4117],[106.74774,-6.4116],[106.74751,-6.40842],[106.74823,-6.4058],[106.74747,-6.40514],[106.75097,-6.40024],[106.74973,-6.39626],[106.7505,-6.39241],[106.75176,-6.39023],[106.75087,-6.38688],[106.75157,-6.38565],[106.75128,-6.38381],[106.749,-6.38342],[106.74891,-6.38207],[106.74656,-6.38208],[106.74568,-6.37702],[106.74521,-6.37084],[106.74563,-6.3673],[106.74804,-6.36102],[106.76941,-6.36151],[106.76931,-6.36287],[106.77098,-6.36362],[106.77081,-6.36425],[106.76918,-6.36482],[106.77002,-6.3657],[106.76979,-6.36673],[106.76794,-6.36534],[106.76695,-6.36694],[106.76728,-6.36769],[106.7688,-6.36766],[106.76951,-6.37012],[106.76886,-6.37006],[106.7684,-6.36834],[106.76773,-6.36845],[106.76817,-6.37112],[106.76661,-6.37148],[106.76613,-6.37115],[106.76685,-6.37027],[106.76473,-6.36929],[106.76476,-6.37114],[106.76629,-6.37258],[106.76603,-6.37363],[106.7636,-6.37193],[106.76258,-6.37315],[106.76227,-6.37594],[106.7636,-6.3758],[106.76446,-6.37686],[106.76636,-6.37659],[106.76651,-6.37807],[106.76538,-6.37967],[106.76448,-6.37865],[106.76328,-6.37847],[106.76336,-6.37979],[106.76204,-6.38021],[106.76226,-6.38173],[106.76341,-6.38141],[106.76377,-6.38214],[106.76205,-6.3829],[106.76225,-6.38416],[106.76373,-6.38445],[106.76414,-6.38532],[106.76711,-6.38564],[106.76572,-6.38747],[106.76687,-6.3896],[106.76537,-6.39027],[106.76636,-6.39253],[106.76567,-6.39324],[106.76594,-6.39433],[106.7674,-6.3955],[106.76776,-6.39481],[106.76967,-6.39414],[106.77004,-6.39474],[106.76899,-6.39627],[106.77161,-6.39574],[106.77154,-6.39719],[106.77283,-6.39693],[106.775,-6.39827],[106.77536,-6.39996],[106.77686,-6.39968],[106.77588,-6.40117],[106.77744,-6.40122],[106.77842,-6.40391],[106.77967,-6.40461],[106.77892,-6.40609],[106.77957,-6.40545],[106.78066,-6.40637],[106.77981,-6.40718],[106.77916,-6.40675],[106.77916,-6.40787],[106.78199,-6.40787],[106.78227,-6.40859],[106.78377,-6.40884],[106.78347,-6.40937],[106.78456,-6.40986],[106.78451,-6.41043],[106.78286,-6.4108],[106.78413,-6.41501],[106.78486,-6.41437],[106.78615,-6.415],[106.78541,-6.41643],[106.78445,-6.41614],[106.78456,-6.41697],[106.78517,-6.41728],[106.78581,-6.41605],[106.78633,-6.4167],[106.78704,-6.41862],[106.78629,-6.41933],[106.78645,-6.41991],[106.78698,-6.41972],[106.78665,-6.42239],[106.7871,-6.42362],[106.78918,-6.42437],[106.7891,-6.42654],[106.78802,-6.42806],[106.78889,-6.42895],[106.78839,-6.43003],[106.79086,-6.43351],[106.78944,-6.43444],[106.78904,-6.43614],[106.78804,-6.43676],[106.78834,-6.43849],[106.78899,-6.43885],[106.78872,-6.43945],[106.7875,-6.43903],[106.78481,-6.43956],[106.76469,-6.43922]]]}},{"type":"Feature","properties":{"KODE_KEC":"32.76.04","KECAMATAN":"Limo","KAB_KOTA":"Kota Depok","dist_ind":11844.37,"camp_dens":0.0841,"toll_pct":0.000708,"sma_grad":2879,"area_km2":11.8956,"Pred_Reko":2},"geometry":{"type":"Polygon","coordinates":[[[106.79415,-6.36651],[106.79618,-6.36937],[106.79552,-6.37079],[106.79576,-6.37309],[106.79649,-6.37408],[106.79594,-6.37709],[106.79632,-6.3782],[106.79691,-6.37827],[106.79706,-6.37983],[106.79687,-6.38203],[106.79521,-6.38362],[106.78626,-6.38391],[106.78332,-6.38499],[106.77753,-6.38486],[106.7739,-6.38559],[106.76638,-6.38565],[106.76413,-6.38532],[106.76373,-6.38445],[106.76225,-6.38418],[106.76205,-6.3829],[106.76377,-6.38214],[106.76341,-6.38141],[106.76226,-6.38173],[106.76204,-6.38021],[106.76336,-6.37979],[106.76328,-6.37847],[106.76448,-6.37865],[106.76538,-6.37967],[106.76651,-6.37807],[106.76636,-6.37659],[106.76446,-6.37686],[106.7636,-6.3758],[106.76227,-6.37594],[106.76258,-6.37315],[106.7636,-6.37193],[106.76603,-6.37363],[106.76629,-6.37258],[106.76476,-6.37114],[106.76473,-6.36929],[106.76685,-6.37027],[106.76613,-6.37115],[106.76671,-6.37149],[106.76817,-6.37112],[106.76769,-6.36847],[106.7684,-6.36834],[106.76887,-6.37008],[106.76955,-6.37002],[106.76866,-6.36749],[106.7673,-6.3677],[106.76695,-6.36698],[106.76794,-6.36534],[106.76979,-6.36673],[106.77002,-6.36572],[106.7692,-6.36478],[106.77101,-6.36393],[106.76913,-6.3625],[106.76932,-6.36133],[106.77008,-6.36097],[106.7696,-6.36056],[106.77,-6.35824],[106.77106,-6.35745],[106.77112,-6.35464],[106.77003,-6.35233],[106.77088,-6.35175],[106.77185,-6.35241],[106.77211,-6.35009],[106.7735,-6.35048],[106.77378,-6.3489],[106.77531,-6.34815],[106.77678,-6.3481],[106.77684,-6.34946],[106.78225,-6.3504],[106.78389,-6.34887],[106.78688,-6.34947],[106.78705,-6.34849],[106.78848,-6.34867],[106.78981,-6.34656],[106.79042,-6.34689],[106.79047,-6.34844],[106.79268,-6.34873],[106.79404,-6.35097],[106.79249,-6.35235],[106.79402,-6.35441],[106.79309,-6.35507],[106.79322,-6.35687],[106.7925,-6.35806],[106.79249,-6.35917],[106.79363,-6.36011],[106.79368,-6.36244],[106.79297,-6.36331],[106.79451,-6.36431],[106.79415,-6.36651]]]}},{"type":"Feature","properties":{"KODE_KEC":"32.76.09","KECAMATAN":"Cinere","KAB_KOTA":"Kota Depok","dist_ind":12200.58,"camp_dens":0.0949,"toll_pct":0.000657,"sma_grad":3541,"area_km2":10.5339,"Pred_Reko":2},"geometry":{"type":"Polygon","coordinates":[[[106.79906,-6.3332],[106.79869,-6.33822],[106.80017,-6.34098],[106.79892,-6.34402],[106.79742,-6.34489],[106.79669,-6.34653],[106.79539,-6.34597],[106.79241,-6.3485],[106.79047,-6.34844],[106.79042,-6.34689],[106.78981,-6.34656],[106.78848,-6.34867],[106.78705,-6.34849],[106.78688,-6.34947],[106.78389,-6.34887],[106.78225,-6.3504],[106.77684,-6.34946],[106.77678,-6.3481],[106.77378,-6.3489],[106.77323,-6.34675],[106.7744,-6.3459],[106.77438,-6.34483],[106.77252,-6.34398],[106.77357,-6.34286],[106.77292,-6.34169],[106.77302,-6.33937],[106.77366,-6.33887],[106.7724,-6.33821],[106.77478,-6.33786],[106.77442,-6.33613],[106.77642,-6.33591],[106.77576,-6.33556],[106.77594,-6.33403],[106.77528,-6.33316],[106.77664,-6.3325],[106.77612,-6.33115],[106.77769,-6.32896],[106.77759,-6.32738],[106.7768,-6.32701],[106.77885,-6.32687],[106.7789,-6.32423],[106.77773,-6.32326],[106.77924,-6.3214],[106.77877,-6.31982],[106.77942,-6.31804],[106.77859,-6.3174],[106.77906,-6.31685],[106.78227,-6.31592],[106.78327,-6.31661],[106.78436,-6.31643],[106.78477,-6.31553],[106.78964,-6.31628],[106.79054,-6.31477],[106.79271,-6.31582],[106.79576,-6.31515],[106.80924,-6.31484],[106.80879,-6.31671],[106.80772,-6.31757],[106.80815,-6.31884],[106.80731,-6.31942],[106.80737,-6.32086],[106.80647,-6.32139],[106.8072,-6.32252],[106.80603,-6.32273],[106.80632,-6.32376],[106.80495,-6.32371],[106.80409,-6.32524],[106.80423,-6.32685],[106.80341,-6.32766],[106.80361,-6.32976],[106.80131,-6.3316],[106.8018,-6.33341],[106.79906,-6.3332]]]}},{"type":"Feature","properties":{"KODE_KEC":"32.76.07","KECAMATAN":"Cipayung","KAB_KOTA":"Kota Depok","dist_ind":11289.64,"camp_dens":0.0,"toll_pct":0.0,"sma_grad":3473,"area_km2":11.3669,"Pred_Reko":1},"geometry":{"type":"MultiPolygon","coordinates":[[[[106.81482,-6.44826],[106.81487,-6.44835],[106.81488,-6.44844],[106.81482,-6.44826]]],[[[106.80181,-6.45122],[106.79432,-6.45114],[106.79572,-6.44738],[106.79515,-6.44165],[106.79213,-6.44184],[106.79156,-6.44079],[106.78846,-6.44076],[106.789,-6.4389],[106.78834,-6.43849],[106.78804,-6.43676],[106.78904,-6.43614],[106.78944,-6.43444],[106.79086,-6.43351],[106.78838,-6.43001],[106.78889,-6.42895],[106.78798,-6.42762],[106.78893,-6.42709],[106.78918,-6.42437],[106.7871,-6.42362],[106.78665,-6.42239],[106.78698,-6.41972],[106.7863,-6.4195],[106.78703,-6.41874],[106.78661,-6.41732],[106.78584,-6.41605],[106.78472,-6.41732],[106.78445,-6.41614],[106.78544,-6.41641],[106.78599,-6.41477],[106.78668,-6.41442],[106.80212,-6.41459],[106.80764,-6.41327],[106.81368,-6.41347],[106.81442,-6.41212],[106.81809,-6.41327],[106.81836,-6.41475],[106.82012,-6.41622],[106.82082,-6.41787],[106.82042,-6.4184],[106.81864,-6.4181],[106.81846,-6.41932],[106.81967,-6.42084],[106.82191,-6.42184],[106.8181,-6.42365],[106.81757,-6.4252],[106.81881,-6.4274],[106.81809,-6.42905],[106.81749,-6.42746],[106.81641,-6.42675],[106.81492,-6.42722],[106.81397,-6.42841],[106.81395,-6.43042],[106.81665,-6.43066],[106.81718,-6.43147],[106.81523,-6.43169],[106.81215,-6.43389],[106.8125,-6.43486],[106.81446,-6.43617],[106.81316,-6.43745],[106.8138,-6.43915],[106.81318,-6.44124],[106.81416,-6.44253],[106.81166,-6.44387],[106.81299,-6.44428],[106.81273,-6.44606],[106.81435,-6.44669],[106.8148,-6.44815],[106.81203,-6.44891],[106.80146,-6.44887],[106.80181,-6.45122]]]]}},{"type":"Feature","properties":{"KODE_KEC":"32.76.08","KECAMATAN":"Cilodong","KAB_KOTA":"Kota Depok","dist_ind":9129.86,"camp_dens":0.0,"toll_pct":0.0,"sma_grad":2437,"area_km2":15.3823,"Pred_Reko":1},"geometry":{"type":"Polygon","coordinates":[[[106.83899,-6.44919],[106.83795,-6.44988],[106.83784,-6.4512],[106.83487,-6.45037],[106.83484,-6.45084],[106.83418,-6.4507],[106.83389,-6.45218],[106.83164,-6.45209],[106.8312,-6.45289],[106.83215,-6.453],[106.83325,-6.45415],[106.83331,-6.45622],[106.83273,-6.45621],[106.83212,-6.45482],[106.82882,-6.45517],[106.82821,-6.45459],[106.82698,-6.4565],[106.82761,-6.45876],[106.82652,-6.45944],[106.82635,-6.46056],[106.82416,-6.46187],[106.82537,-6.45571],[106.82462,-6.45418],[106.82533,-6.45243],[106.82342,-6.45195],[106.82231,-6.45269],[106.82211,-6.45414],[106.82114,-6.4539],[106.82055,-6.45193],[106.82192,-6.44917],[106.82309,-6.44917],[106.82284,-6.44837],[106.82379,-6.44677],[106.82325,-6.44439],[106.81986,-6.44385],[106.81671,-6.44509],[106.81166,-6.44387],[106.81416,-6.44253],[106.81318,-6.44124],[106.8138,-6.43915],[106.81316,-6.43745],[106.81446,-6.43617],[106.81248,-6.43484],[106.81218,-6.43382],[106.81523,-6.43169],[106.81722,-6.43137],[106.81665,-6.43066],[106.81395,-6.43042],[106.81397,-6.42841],[106.81492,-6.42722],[106.81641,-6.42675],[106.81749,-6.42746],[106.81809,-6.42905],[106.81881,-6.4274],[106.81757,-6.4252],[106.818,-6.42385],[106.8189,-6.42296],[106.82148,-6.42228],[106.82526,-6.42306],[106.83186,-6.42263],[106.83196,-6.4233],[106.83371,-6.42353],[106.84515,-6.42335],[106.84544,-6.42049],[106.84635,-6.41899],[106.84564,-6.41672],[106.84634,-6.41658],[106.84669,-6.41416],[106.84901,-6.40964],[106.85042,-6.40839],[106.85092,-6.4066],[106.8509,-6.40546],[106.8501,-6.4052],[106.85024,-6.40304],[106.85097,-6.40183],[106.85258,-6.40114],[106.85312,-6.39888],[106.85434,-6.39892],[106.85525,-6.39817],[106.85684,-6.39515],[106.85728,-6.39522],[106.86073,-6.39888],[106.8622,-6.40652],[106.86138,-6.41081],[106.85703,-6.42184],[106.85645,-6.42779],[106.85491,-6.43378],[106.85275,-6.4361],[106.85004,-6.436],[106.84704,-6.43702],[106.84481,-6.4367],[106.84413,-6.43718],[106.84223,-6.44261],[106.84512,-6.44445],[106.84405,-6.44631],[106.84428,-6.44731],[106.84283,-6.44786],[106.84141,-6.4511],[106.83899,-6.44919]]]}},{"type":"Feature","properties":{"KODE_KEC":"32.76.10","KECAMATAN":"Tapos","KAB_KOTA":"Kota Depok","dist_ind":6794.37,"camp_dens":0.0,"toll_pct":0.000335,"sma_grad":4552,"area_km2":33.4389,"Pred_Reko":2},"geometry":{"type":"Polygon","coordinates":[[[106.88608,-6.43722],[106.88543,-6.44068],[106.8872,-6.44048],[106.88707,-6.44288],[106.88672,-6.44319],[106.88509,-6.44216],[106.88452,-6.44414],[106.88534,-6.44483],[106.8852,-6.44551],[106.88354,-6.44531],[106.88366,-6.44409],[106.8826,-6.44348],[106.88206,-6.4464],[106.88235,-6.44689],[106.8834,-6.44661],[106.88382,-6.44875],[106.88268,-6.44879],[106.88186,-6.44758],[106.88092,-6.4484],[106.88304,-6.44998],[106.88218,-6.45059],[106.8825,-6.45171],[106.8816,-6.45357],[106.88201,-6.45415],[106.88086,-6.45439],[106.87974,-6.45299],[106.8788,-6.45356],[106.87943,-6.45468],[106.88221,-6.45609],[106.88136,-6.45684],[106.88027,-6.45616],[106.87994,-6.45806],[106.87856,-6.4586],[106.87891,-6.45746],[106.87843,-6.45729],[106.87615,-6.45831],[106.87203,-6.45583],[106.86562,-6.45709],[106.86511,-6.45631],[106.86303,-6.45578],[106.86123,-6.45625],[106.86096,-6.45551],[106.86068,-6.45617],[106.85914,-6.45506],[106.85875,-6.45594],[106.85545,-6.45555],[106.85348,-6.45006],[106.85331,-6.44138],[106.85222,-6.43794],[106.85275,-6.4361],[106.85491,-6.43378],[106.85645,-6.42779],[106.85703,-6.42184],[106.86168,-6.40983],[106.8622,-6.40652],[106.86151,-6.4018],[106.86329,-6.39902],[106.86478,-6.39805],[106.86737,-6.39887],[106.86826,-6.39799],[106.86941,-6.39797],[106.87088,-6.39452],[106.87216,-6.39414],[106.8727,-6.39258],[106.8741,-6.39227],[106.87298,-6.39073],[106.87425,-6.38883],[106.87383,-6.38675],[106.87679,-6.38493],[106.87871,-6.38518],[106.87967,-6.38403],[106.88892,-6.38586],[106.89487,-6.38915],[106.90092,-6.38808],[106.90364,-6.38861],[106.9044,-6.39145],[106.90356,-6.39292],[106.90125,-6.39458],[106.89934,-6.39491],[106.89855,-6.39447],[106.89849,-6.39554],[106.89778,-6.39597],[106.89943,-6.39843],[106.90322,-6.39813],[106.90338,-6.39736],[106.90538,-6.39731],[106.90633,-6.39655],[106.90888,-6.39758],[106.91053,-6.39625],[106.91346,-6.39635],[106.91461,-6.39514],[106.91862,-6.39594],[106.91764,-6.39749],[106.91827,-6.39823],[106.9161,-6.39975],[106.91767,-6.3999],[106.91817,-6.40057],[106.91643,-6.40062],[106.91595,-6.40127],[106.91707,-6.4037],[106.91584,-6.40493],[106.91722,-6.4056],[106.91654,-6.40643],[106.91506,-6.40661],[106.91601,-6.40728],[106.91586,-6.40827],[106.91722,-6.40908],[106.91595,-6.41081],[106.91467,-6.41496],[106.91389,-6.41469],[106.91454,-6.41289],[106.91291,-6.41194],[106.91215,-6.41332],[106.91062,-6.41357],[106.90848,-6.41159],[106.90797,-6.41517],[106.90644,-6.41322],[106.90524,-6.41274],[106.90608,-6.41563],[106.9041,-6.41902],[106.90346,-6.41917],[106.90325,-6.41797],[106.90052,-6.419],[106.90014,-6.42069],[106.8996,-6.41962],[106.89897,-6.41974],[106.89944,-6.42149],[106.89894,-6.42257],[106.89997,-6.423],[106.8989,-6.42363],[106.89908,-6.4261],[106.89699,-6.42621],[106.89449,-6.42497],[106.89517,-6.42799],[106.89283,-6.42647],[106.89205,-6.42713],[106.89183,-6.42782],[106.89274,-6.4284],[106.89017,-6.43242],[106.89118,-6.43251],[106.89177,-6.43386],[106.89109,-6.43466],[106.88949,-6.43432],[106.88808,-6.43479],[106.8885,-6.43603],[106.88743,-6.43744],[106.88608,-6.43722]]]}},{"type":"Feature","properties":{"KODE_KEC":"32.76.11","KECAMATAN":"Bojongsari","KAB_KOTA":"Kota Depok","dist_ind":9228.03,"camp_dens":0.0515,"toll_pct":0.0,"sma_grad":3513,"area_km2":19.4079,"Pred_Reko":1},"geometry":{"type":"Polygon","coordinates":[[[106.74808,-6.42072],[106.74745,-6.42279],[106.74654,-6.42265],[106.74541,-6.42427],[106.74649,-6.42613],[106.74568,-6.42917],[106.74606,-6.42969],[106.74753,-6.42908],[106.75111,-6.43022],[106.75159,-6.42958],[106.75497,-6.4306],[106.75423,-6.4325],[106.75221,-6.43459],[106.75349,-6.43576],[106.75294,-6.43742],[106.75362,-6.4377],[106.75345,-6.43885],[106.73837,-6.4388],[106.73747,-6.4378],[106.73662,-6.43452],[106.73579,-6.4341],[106.73631,-6.43173],[106.73417,-6.42953],[106.73291,-6.42937],[106.73347,-6.42849],[106.7327,-6.42708],[106.73299,-6.42647],[106.73519,-6.42625],[106.73563,-6.42487],[106.73681,-6.42437],[106.73536,-6.42263],[106.73614,-6.42106],[106.73557,-6.42041],[106.73712,-6.41983],[106.73724,-6.41896],[106.73373,-6.41619],[106.73217,-6.41379],[106.73096,-6.41482],[106.73036,-6.4144],[106.73072,-6.41037],[106.73201,-6.40854],[106.73131,-6.407],[106.73248,-6.40664],[106.73279,-6.40554],[106.7319,-6.40571],[106.73207,-6.40456],[106.73117,-6.40443],[106.73127,-6.40215],[106.72966,-6.40201],[106.7297,-6.40008],[106.73091,-6.3992],[106.72864,-6.39863],[106.72863,-6.39724],[106.72941,-6.39643],[106.72769,-6.39572],[106.72647,-6.39637],[106.72619,-6.3958],[106.72728,-6.39415],[106.72854,-6.3945],[106.72694,-6.39186],[106.72702,-6.38961],[106.72871,-6.38974],[106.72859,-6.3882],[106.72829,-6.38769],[106.72668,-6.38797],[106.72687,-6.38695],[106.7278,-6.38669],[106.72802,-6.38595],[106.72598,-6.38542],[106.72438,-6.38685],[106.72333,-6.38692],[106.72278,-6.38514],[106.72185,-6.38595],[106.72332,-6.3812],[106.72167,-6.37982],[106.72376,-6.37662],[106.72093,-6.37637],[106.72271,-6.37434],[106.71789,-6.37121],[106.71697,-6.36969],[106.71844,-6.36715],[106.71729,-6.36639],[106.71707,-6.36518],[106.71795,-6.36407],[106.72039,-6.36415],[106.72133,-6.36303],[106.72093,-6.36219],[106.72169,-6.36217],[106.72158,-6.3605],[106.73556,-6.36064],[106.73553,-6.36015],[106.73796,-6.36008],[106.74804,-6.36102],[106.74563,-6.3673],[106.74521,-6.37084],[106.74568,-6.37702],[106.74656,-6.38208],[106.74891,-6.38207],[106.749,-6.38342],[106.75128,-6.38381],[106.75157,-6.38565],[106.75087,-6.38688],[106.75176,-6.39023],[106.7505,-6.39241],[106.74973,-6.39626],[106.75097,-6.40024],[106.74747,-6.40514],[106.74823,-6.4058],[106.74751,-6.40842],[106.74774,-6.4116],[106.74842,-6.4117],[106.74817,-6.41247],[106.74964,-6.41573],[106.74871,-6.41866],[106.74885,-6.42051],[106.74808,-6.42072]]]}},{"type":"Feature","properties":{"KODE_KEC":"32.17.08","KECAMATAN":"Padalarang","KAB_KOTA":"Bandung Barat","dist_ind":28290.41,"camp_dens":0.0383,"toll_pct":0.000169,"sma_grad":3220,"area_km2":52.2593,"Pred_Reko":1},"geometry":{"type":"Polygon","coordinates":[[[107.51967,-6.87572],[107.51979,-6.87914],[107.51728,-6.88099],[107.5151,-6.88426],[107.51347,-6.88495],[107.51194,-6.88939],[107.50874,-6.88863],[107.49917,-6.888],[107.49576,-6.89076],[107.49147,-6.88892],[107.49049,-6.88914],[107.48929,-6.88793],[107.48758,-6.88813],[107.48361,-6.89144],[107.48287,-6.89137],[107.48053,-6.88831],[107.47479,-6.88615],[107.47394,-6.88447],[107.47613,-6.88215],[107.47834,-6.87815],[107.47855,-6.87673],[107.47743,-6.87706],[107.47652,-6.87649],[107.47542,-6.87741],[107.47317,-6.87789],[107.47094,-6.88068],[107.46253,-6.88225],[107.45346,-6.88583],[107.45375,-6.88326],[107.45264,-6.88044],[107.45572,-6.87739],[107.45793,-6.87728],[107.4602,-6.87596],[107.46031,-6.87094],[107.45935,-6.86438],[107.46031,-6.86311],[107.46045,-6.86035],[107.45967,-6.85869],[107.45824,-6.85833],[107.45714,-6.85972],[107.45349,-6.85907],[107.45298,-6.8601],[107.449,-6.86005],[107.44829,-6.85516],[107.44695,-6.85263],[107.44384,-6.85006],[107.44011,-6.84857],[107.43941,-6.84769],[107.43935,-6.84616],[107.43578,-6.84633],[107.43551,-6.83884],[107.4382,-6.83811],[107.44072,-6.83653],[107.44483,-6.8364],[107.44533,-6.83515],[107.44598,-6.8355],[107.45185,-6.83273],[107.45312,-6.82918],[107.45102,-6.82538],[107.45073,-6.82363],[107.45365,-6.81972],[107.45405,-6.81793],[107.45117,-6.80924],[107.44809,-6.80545],[107.44592,-6.80405],[107.44576,-6.79983],[107.44679,-6.79805],[107.44978,-6.79807],[107.45114,-6.79733],[107.45347,-6.79445],[107.45265,-6.79382],[107.453,-6.79284],[107.45398,-6.79286],[107.45918,-6.78887],[107.45996,-6.78694],[107.46131,-6.78626],[107.46207,-6.78494],[107.46411,-6.78509],[107.4649,-6.78423],[107.4687,-6.78974],[107.471,-6.78997],[107.47195,-6.79205],[107.47118,-6.79352],[107.47122,-6.79524],[107.46931,-6.79871],[107.47555,-6.79816],[107.48402,-6.79108],[107.48793,-6.79],[107.49147,-6.79099],[107.49203,-6.7936],[107.49355,-6.79495],[107.49316,-6.79639],[107.49059,-6.79839],[107.49092,-6.79912],[107.49522,-6.80122],[107.49822,-6.80435],[107.498,-6.80875],[107.49496,-6.81029],[107.49176,-6.81468],[107.48761,-6.81691],[107.48471,-6.81726],[107.48279,-6.81846],[107.47919,-6.81715],[107.47602,-6.81759],[107.47857,-6.82028],[107.47846,-6.82473],[107.47766,-6.82475],[107.47723,-6.82556],[107.477,-6.82855],[107.478,-6.83122],[107.4802,-6.83323],[107.48,-6.83458],[107.48583,-6.83273],[107.48825,-6.83577],[107.49678,-6.84034],[107.4982,-6.83874],[107.49886,-6.83899],[107.49983,-6.84146],[107.50032,-6.84148],[107.49867,-6.84576],[107.50002,-6.85051],[107.49846,-6.85152],[107.49826,-6.85399],[107.49781,-6.85367],[107.49889,-6.85903],[107.50006,-6.86051],[107.49848,-6.86166],[107.49902,-6.86314],[107.49819,-6.8639],[107.49438,-6.86399],[107.49424,-6.86531],[107.50188,-6.86592],[107.50216,-6.86445],[107.5031,-6.86458],[107.5027,-6.86839],[107.49781,-6.87021],[107.49594,-6.8702],[107.49554,-6.87172],[107.49605,-6.87628],[107.49117,-6.87851],[107.49133,-6.88059],[107.49202,-6.88041],[107.49205,-6.8817],[107.49333,-6.88098],[107.49593,-6.88079],[107.4984,-6.87934],[107.49908,-6.8756],[107.50267,-6.87298],[107.50813,-6.87313],[107.5093,-6.87249],[107.51467,-6.87313],[107.52012,-6.87543],[107.51967,-6.87572]]]}},{"type":"Feature","properties":{"KODE_KEC":"32.17.09","KECAMATAN":"Batujajar","KAB_KOTA":"Bandung Barat","dist_ind":35479.61,"camp_dens":0.0,"toll_pct":0.0,"sma_grad":3374,"area_km2":31.7087,"Pred_Reko":0},"geometry":{"type":"Polygon","coordinates":[[[107.52481,-6.92485],[107.52284,-6.9279],[107.5222,-6.93562],[107.51957,-6.93601],[107.51513,-6.93508],[107.51429,-6.93739],[107.51144,-6.93759],[107.50627,-6.93311],[107.5049,-6.93257],[107.50078,-6.93262],[107.4985,-6.93128],[107.49494,-6.9268],[107.49146,-6.92535],[107.48995,-6.92363],[107.48766,-6.92352],[107.48524,-6.92525],[107.48234,-6.92375],[107.48089,-6.92145],[107.48183,-6.91837],[107.48088,-6.91559],[107.47973,-6.91557],[107.47772,-6.91722],[107.47691,-6.91654],[107.47642,-6.91407],[107.47416,-6.91417],[107.47178,-6.91705],[107.47058,-6.9171],[107.47031,-6.91474],[107.4675,-6.91035],[107.46643,-6.91001],[107.46421,-6.91216],[107.45699,-6.90822],[107.45288,-6.9087],[107.44428,-6.90433],[107.44165,-6.90404],[107.43633,-6.90199],[107.43549,-6.89824],[107.4373,-6.89642],[107.43736,-6.89318],[107.44058,-6.89062],[107.44095,-6.88938],[107.44277,-6.88962],[107.44355,-6.88847],[107.44568,-6.88789],[107.44668,-6.88875],[107.44801,-6.88851],[107.44907,-6.88925],[107.45179,-6.88708],[107.45355,-6.88694],[107.45346,-6.88583],[107.46253,-6.88225],[107.47094,-6.88068],[107.47317,-6.87789],[107.47542,-6.87741],[107.47652,-6.87649],[107.47743,-6.87706],[107.47855,-6.87673],[107.47613,-6.88215],[107.47394,-6.88447],[107.47479,-6.88615],[107.48053,-6.88831],[107.48287,-6.89137],[107.48361,-6.89144],[107.48758,-6.88813],[107.48929,-6.88793],[107.49049,-6.88914],[107.49147,-6.88892],[107.49576,-6.89076],[107.49917,-6.888],[107.50874,-6.88863],[107.51194,-6.88939],[107.51239,-6.89303],[107.51079,-6.89583],[107.51032,-6.89818],[107.51089,-6.9012],[107.51214,-6.90264],[107.51636,-6.90528],[107.51671,-6.90636],[107.51586,-6.90761],[107.51618,-6.90857],[107.51789,-6.90833],[107.51902,-6.90902],[107.51822,-6.91101],[107.51625,-6.91178],[107.51567,-6.91269],[107.5183,-6.91654],[107.51793,-6.91734],[107.51865,-6.9175],[107.51901,-6.91888],[107.52054,-6.91874],[107.52566,-6.92121],[107.52481,-6.92485]]]}},{"type":"Feature","properties":{"KODE_KEC":"32.17.06","KECAMATAN":"Ngamprah","KAB_KOTA":"Bandung Barat","dist_ind":28967.66,"camp_dens":0.0,"toll_pct":0.000316,"sma_grad":1652,"area_km2":32.5934,"Pred_Reko":0},"geometry":{"type":"Polygon","coordinates":[[[107.50813,-6.87313],[107.50259,-6.873],[107.49957,-6.8751],[107.49885,-6.87882],[107.49593,-6.88079],[107.49333,-6.88098],[107.49205,-6.8817],[107.49202,-6.88041],[107.49133,-6.88059],[107.49117,-6.87851],[107.49605,-6.87628],[107.49554,-6.87172],[107.49594,-6.8702],[107.49781,-6.87021],[107.5027,-6.86839],[107.5031,-6.86458],[107.50216,-6.86445],[107.50188,-6.86592],[107.49424,-6.86531],[107.49438,-6.86399],[107.49819,-6.8639],[107.49902,-6.86314],[107.49848,-6.86166],[107.50006,-6.86051],[107.49889,-6.85903],[107.49781,-6.85367],[107.49826,-6.85399],[107.49846,-6.85152],[107.50002,-6.85051],[107.49867,-6.84576],[107.50032,-6.84148],[107.49983,-6.84146],[107.49886,-6.83899],[107.4982,-6.83874],[107.49678,-6.84034],[107.48825,-6.83577],[107.48583,-6.83273],[107.48,-6.83458],[107.4802,-6.83323],[107.478,-6.83122],[107.477,-6.82855],[107.47723,-6.82556],[107.47766,-6.82475],[107.47846,-6.82473],[107.47857,-6.82028],[107.47602,-6.81759],[107.47919,-6.81715],[107.48279,-6.81846],[107.48471,-6.81726],[107.48761,-6.81691],[107.49176,-6.81468],[107.49496,-6.81029],[107.498,-6.80875],[107.49822,-6.80435],[107.49925,-6.8045],[107.5006,-6.80353],[107.50155,-6.80084],[107.5061,-6.79992],[107.50795,-6.79852],[107.50887,-6.7969],[107.51478,-6.79254],[107.51611,-6.79397],[107.5165,-6.79681],[107.5189,-6.79736],[107.52068,-6.79872],[107.52167,-6.80105],[107.52075,-6.80178],[107.52094,-6.80403],[107.51994,-6.80417],[107.5187,-6.80731],[107.51719,-6.80817],[107.51622,-6.81242],[107.51481,-6.81429],[107.51515,-6.81518],[107.51668,-6.81555],[107.51199,-6.81828],[107.51236,-6.81931],[107.5142,-6.82],[107.51493,-6.82184],[107.51667,-6.82245],[107.51842,-6.82403],[107.51813,-6.82652],[107.51888,-6.82702],[107.51616,-6.82794],[107.51694,-6.82846],[107.51696,-6.83018],[107.51887,-6.83247],[107.52177,-6.83391],[107.52303,-6.83359],[107.52485,-6.83478],[107.52574,-6.83454],[107.52578,-6.83346],[107.52706,-6.83174],[107.52919,-6.83118],[107.53196,-6.82802],[107.53847,-6.82917],[107.53912,-6.82731],[107.54109,-6.82627],[107.54344,-6.81959],[107.54731,-6.81914],[107.54714,-6.82025],[107.54894,-6.82168],[107.54913,-6.82262],[107.54847,-6.82534],[107.54678,-6.82696],[107.54669,-6.8299],[107.54586,-6.8296],[107.54535,-6.83063],[107.54414,-6.83084],[107.54339,-6.83249],[107.5396,-6.83205],[107.5387,-6.83763],[107.53738,-6.84028],[107.53729,-6.8433],[107.53471,-6.84674],[107.53745,-6.84884],[107.53551,-6.8519],[107.53544,-6.85416],[107.53615,-6.85449],[107.53692,-6.85545],[107.53355,-6.86213],[107.53163,-6.86257],[107.52759,-6.8654],[107.52382,-6.86474],[107.52228,-6.86553],[107.52436,-6.8657],[107.52467,-6.86731],[107.52605,-6.86809],[107.5236,-6.86953],[107.52295,-6.87327],[107.5221,-6.87285],[107.52164,-6.87421],[107.52012,-6.87543],[107.51467,-6.87313],[107.5093,-6.87249],[107.50813,-6.87313]]]}},{"type":"Feature","properties":{"KODE_KEC":"32.17.07","KECAMATAN":"Cipatat","KAB_KOTA":"Bandung Barat","dist_ind":26491.31,"camp_dens":0.0,"toll_pct":3.8e-05,"sma_grad":2967,"area_km2":121.7808,"Pred_Reko":1},"geometry":{"type":"Polygon","coordinates":[[[107.39189,-6.87024],[107.39278,-6.87256],[107.39261,-6.87492],[107.39141,-6.87851],[107.38965,-6.87986],[107.38094,-6.88164],[107.375,-6.87954],[107.36678,-6.87779],[107.36501,-6.87809],[107.36066,-6.88117],[107.35613,-6.88273],[107.35406,-6.88146],[107.35231,-6.88155],[107.35095,-6.88254],[107.34854,-6.88625],[107.34562,-6.8887],[107.3452,-6.89098],[107.34263,-6.89005],[107.34227,-6.88691],[107.34084,-6.88579],[107.34177,-6.88389],[107.3415,-6.8814],[107.34306,-6.87895],[107.3412,-6.87563],[107.34219,-6.87418],[107.34373,-6.87357],[107.34385,-6.87148],[107.34702,-6.87042],[107.34734,-6.86766],[107.34933,-6.86582],[107.34686,-6.86097],[107.34899,-6.85833],[107.35013,-6.85544],[107.34857,-6.85252],[107.34269,-6.85323],[107.34396,-6.8501],[107.3435,-6.84895],[107.34162,-6.84991],[107.34071,-6.85473],[107.338,-6.85763],[107.33645,-6.85701],[107.33587,-6.85422],[107.33492,-6.8532],[107.33237,-6.85377],[107.33125,-6.85591],[107.33025,-6.85633],[107.32898,-6.85431],[107.32914,-6.85203],[107.3278,-6.85187],[107.32592,-6.85296],[107.32428,-6.8518],[107.3241,-6.8495],[107.32682,-6.84891],[107.32735,-6.84639],[107.32527,-6.84428],[107.32502,-6.84183],[107.32246,-6.83955],[107.32313,-6.83547],[107.3228,-6.83173],[107.32338,-6.82998],[107.32264,-6.82486],[107.31728,-6.82353],[107.31616,-6.82254],[107.31621,-6.81973],[107.31809,-6.81796],[107.32008,-6.8141],[107.31922,-6.81185],[107.3149,-6.80815],[107.31544,-6.80639],[107.31518,-6.80447],[107.31974,-6.80326],[107.32124,-6.80027],[107.3256,-6.79921],[107.32703,-6.79797],[107.32876,-6.79795],[107.33141,-6.79499],[107.33355,-6.79703],[107.33538,-6.79637],[107.34192,-6.79615],[107.34647,-6.79416],[107.34901,-6.79532],[107.35842,-6.79375],[107.36016,-6.79436],[107.36206,-6.79634],[107.36884,-6.79803],[107.3732,-6.79996],[107.37593,-6.80003],[107.37879,-6.79806],[107.37978,-6.79666],[107.37962,-6.79233],[107.38159,-6.79437],[107.38553,-6.79495],[107.38791,-6.79663],[107.39042,-6.79663],[107.39046,-6.79542],[107.39313,-6.79514],[107.3977,-6.79276],[107.40093,-6.79188],[107.40417,-6.78838],[107.40788,-6.7881],[107.41366,-6.78602],[107.41535,-6.78189],[107.41524,-6.77856],[107.43067,-6.76752],[107.43121,-6.77002],[107.43202,-6.77092],[107.43482,-6.77114],[107.43577,-6.77219],[107.43709,-6.77629],[107.43835,-6.77725],[107.43795,-6.77856],[107.43848,-6.77954],[107.44018,-6.77912],[107.44387,-6.78021],[107.44526,-6.77925],[107.44646,-6.77996],[107.44773,-6.77945],[107.44931,-6.77973],[107.45118,-6.78212],[107.45209,-6.78483],[107.45059,-6.78709],[107.44989,-6.79012],[107.44854,-6.79047],[107.44759,-6.79212],[107.44737,-6.79365],[107.44872,-6.79651],[107.44797,-6.79809],[107.44679,-6.79805],[107.44602,-6.79925],[107.44578,-6.80277],[107.44592,-6.80405],[107.44809,-6.80545],[107.45117,-6.80924],[107.45332,-6.81505],[107.45403,-6.81895],[107.45064,-6.82424],[107.45283,-6.82829],[107.45307,-6.82986],[107.45178,-6.83279],[107.44598,-6.8355],[107.44533,-6.83515],[107.44483,-6.8364],[107.44072,-6.83653],[107.4382,-6.83811],[107.43551,-6.83884],[107.43578,-6.84633],[107.43935,-6.84616],[107.43941,-6.84769],[107.44011,-6.84857],[107.44384,-6.85006],[107.44767,-6.8535],[107.44879,-6.85987],[107.45024,-6.86039],[107.4523,-6.86002],[107.44932,-6.86251],[107.44654,-6.86162],[107.44461,-6.86268],[107.43913,-6.86143],[107.43403,-6.86133],[107.43078,-6.86357],[107.42837,-6.86315],[107.42669,-6.86384],[107.4224,-6.86403],[107.42107,-6.86475],[107.41814,-6.86403],[107.41473,-6.86468],[107.41326,-6.8643],[107.40797,-6.86592],[107.40172,-6.86322],[107.39665,-6.86516],[107.39189,-6.87024]]]}},{"type":"Feature","properties":{"KODE_KEC":"32.17.04","KECAMATAN":"Cikalongwetan","KAB_KOTA":"Bandung Barat","dist_ind":16957.74,"camp_dens":0.0,"toll_pct":0.000154,"sma_grad":2394,"area_km2":114.31,"Pred_Reko":1},"geometry":{"type":"Polygon","coordinates":[[[107.44773,-6.77945],[107.44667,-6.77998],[107.44492,-6.7793],[107.44387,-6.78021],[107.44018,-6.77912],[107.43848,-6.77954],[107.43795,-6.77856],[107.43835,-6.77725],[107.43709,-6.77629],[107.43577,-6.77219],[107.43482,-6.77114],[107.43202,-6.77092],[107.43121,-6.77002],[107.43067,-6.76752],[107.41524,-6.77856],[107.40469,-6.78213],[107.40268,-6.77882],[107.39641,-6.77173],[107.39478,-6.76562],[107.39345,-6.76498],[107.39271,-6.76537],[107.39242,-6.76471],[107.38961,-6.76454],[107.38905,-6.76375],[107.38835,-6.76402],[107.38791,-6.76329],[107.38567,-6.76256],[107.38506,-6.76032],[107.38346,-6.75975],[107.38307,-6.75653],[107.38195,-6.75521],[107.38249,-6.75431],[107.38147,-6.75426],[107.38019,-6.75313],[107.38072,-6.75171],[107.3815,-6.75161],[107.38156,-6.75064],[107.38232,-6.75073],[107.38351,-6.74953],[107.38663,-6.75071],[107.38557,-6.7499],[107.38619,-6.74926],[107.3844,-6.74973],[107.38734,-6.74711],[107.38706,-6.74597],[107.38926,-6.74589],[107.38925,-6.74456],[107.38817,-6.7433],[107.38705,-6.74305],[107.38637,-6.73964],[107.38503,-6.7392],[107.38411,-6.73799],[107.38592,-6.73649],[107.38937,-6.73763],[107.39204,-6.73701],[107.39187,-6.73545],[107.39336,-6.73239],[107.39243,-6.72536],[107.39322,-6.71977],[107.3924,-6.7203],[107.39148,-6.71983],[107.39133,-6.7189],[107.38905,-6.7188],[107.3883,-6.71785],[107.38703,-6.71795],[107.38714,-6.71711],[107.38612,-6.71757],[107.3854,-6.71686],[107.3847,-6.71713],[107.38021,-6.71472],[107.37658,-6.71495],[107.37668,-6.71046],[107.37516,-6.70961],[107.37473,-6.70735],[107.37204,-6.70592],[107.37229,-6.70419],[107.37084,-6.69824],[107.37126,-6.69632],[107.37299,-6.69445],[107.37126,-6.69049],[107.37143,-6.68967],[107.37415,-6.69112],[107.37734,-6.69011],[107.37906,-6.6909],[107.38013,-6.69034],[107.38676,-6.69381],[107.38966,-6.69419],[107.39271,-6.69552],[107.39597,-6.69565],[107.39661,-6.69509],[107.3979,-6.69557],[107.39977,-6.69484],[107.40054,-6.69338],[107.40296,-6.69212],[107.40383,-6.69246],[107.40412,-6.69173],[107.40574,-6.69134],[107.40741,-6.68896],[107.40945,-6.68851],[107.41112,-6.68894],[107.41211,-6.68997],[107.41312,-6.68958],[107.41729,-6.69124],[107.42251,-6.6957],[107.42514,-6.70001],[107.42741,-6.69974],[107.42855,-6.7006],[107.43005,-6.70022],[107.43067,-6.70111],[107.43222,-6.70099],[107.43285,-6.70192],[107.43365,-6.70145],[107.43549,-6.70212],[107.43562,-6.70052],[107.43802,-6.70015],[107.43964,-6.70279],[107.44023,-6.70127],[107.44179,-6.70121],[107.44145,-6.69952],[107.44323,-6.69971],[107.44367,-6.70067],[107.44436,-6.70011],[107.44531,-6.70081],[107.44627,-6.70021],[107.44784,-6.70152],[107.44905,-6.70147],[107.44929,-6.70035],[107.45057,-6.69998],[107.45358,-6.70099],[107.45425,-6.70207],[107.45408,-6.70313],[107.45638,-6.70534],[107.45816,-6.70573],[107.46014,-6.70739],[107.46003,-6.70832],[107.46186,-6.71066],[107.46415,-6.71083],[107.46448,-6.71256],[107.46558,-6.71333],[107.46664,-6.71635],[107.46979,-6.71698],[107.47122,-6.7198],[107.47476,-6.7194],[107.47516,-6.72228],[107.4765,-6.72459],[107.47747,-6.72486],[107.47744,-6.72596],[107.47933,-6.72634],[107.47906,-6.72767],[107.48299,-6.72965],[107.48363,-6.7293],[107.4847,-6.73028],[107.48388,-6.73142],[107.48616,-6.73217],[107.48536,-6.73335],[107.48736,-6.73457],[107.48729,-6.73538],[107.48989,-6.73479],[107.49109,-6.73579],[107.49452,-6.73497],[107.49647,-6.7363],[107.50159,-6.73657],[107.50221,-6.73828],[107.50403,-6.74],[107.50384,-6.74108],[107.5053,-6.74128],[107.5051,-6.74187],[107.50795,-6.74706],[107.50903,-6.74803],[107.50924,-6.74953],[107.51041,-6.7502],[107.51113,-6.75256],[107.51257,-6.75442],[107.51851,-6.75732],[107.52444,-6.75698],[107.52747,-6.756],[107.5307,-6.75903],[107.53149,-6.76131],[107.53325,-6.76169],[107.53511,-6.7634],[107.54029,-6.76394],[107.54407,-6.76661],[107.545,-6.76753],[107.5449,-6.76825],[107.54765,-6.77015],[107.54959,-6.77292],[107.54702,-6.77368],[107.54254,-6.77321],[107.54072,-6.77199],[107.53658,-6.77241],[107.53444,-6.77429],[107.52893,-6.77641],[107.52452,-6.77514],[107.52228,-6.77554],[107.52073,-6.77409],[107.51768,-6.77495],[107.51681,-6.77465],[107.51641,-6.77534],[107.51498,-6.77519],[107.51247,-6.77682],[107.51148,-6.77659],[107.51136,-6.77714],[107.51002,-6.77708],[107.50825,-6.77567],[107.50602,-6.77585],[107.50395,-6.77439],[107.50342,-6.77522],[107.50254,-6.77427],[107.50135,-6.77494],[107.50105,-6.77691],[107.50026,-6.77742],[107.49946,-6.77701],[107.49886,-6.77758],[107.49837,-6.77703],[107.49712,-6.77838],[107.49599,-6.77793],[107.49344,-6.77862],[107.49302,-6.77913],[107.49343,-6.78012],[107.49131,-6.78236],[107.48967,-6.78191],[107.48937,-6.78305],[107.4888,-6.78212],[107.48732,-6.78155],[107.48614,-6.78264],[107.48551,-6.78546],[107.48447,-6.78488],[107.48303,-6.7874],[107.48234,-6.78709],[107.48209,-6.78593],[107.47882,-6.78673],[107.4778,-6.78531],[107.47727,-6.78626],[107.47575,-6.78691],[107.47393,-6.78639],[107.47256,-6.78513],[107.47164,-6.78595],[107.47023,-6.78479],[107.46854,-6.78524],[107.46684,-6.78429],[107.4649,-6.78423],[107.46385,-6.78515],[107.46207,-6.78494],[107.46131,-6.78626],[107.45996,-6.78694],[107.45918,-6.78887],[107.45398,-6.79286],[107.453,-6.79284],[107.45265,-6.79382],[107.45347,-6.79445],[107.45228,-6.79627],[107.44978,-6.79807],[107.44807,-6.79791],[107.44877,-6.79618],[107.44737,-6.79365],[107.44746,-6.79273],[107.44854,-6.79047],[107.44989,-6.79012],[107.45059,-6.78709],[107.45209,-6.78483],[107.45118,-6.78212],[107.44931,-6.77973],[107.44773,-6.77945]]]}},{"type":"Feature","properties":{"KODE_KEC":"32.17.05","KECAMATAN":"Cipeundeuy","KAB_KOTA":"Bandung Barat","dist_ind":19969.55,"camp_dens":0.0,"toll_pct":0.0,"sma_grad":2560,"area_km2":106.9901,"Pred_Reko":1},"geometry":{"type":"Polygon","coordinates":[[[107.37929,-6.79246],[107.38006,-6.7949],[107.37978,-6.79666],[107.37879,-6.79806],[107.37593,-6.80003],[107.3732,-6.79996],[107.36884,-6.79803],[107.36206,-6.79634],[107.36016,-6.79436],[107.35842,-6.79375],[107.34901,-6.79532],[107.34647,-6.79416],[107.34192,-6.79615],[107.33538,-6.79637],[107.33355,-6.79703],[107.33141,-6.79499],[107.32876,-6.79795],[107.32703,-6.79797],[107.3256,-6.79921],[107.32124,-6.80027],[107.31974,-6.80326],[107.31518,-6.80447],[107.31409,-6.80348],[107.31416,-6.80071],[107.31352,-6.80001],[107.31092,-6.79914],[107.30808,-6.79678],[107.30387,-6.79511],[107.3016,-6.7934],[107.30071,-6.7912],[107.29693,-6.7877],[107.29534,-6.78688],[107.29321,-6.78877],[107.29124,-6.7884],[107.29102,-6.78564],[107.28922,-6.78236],[107.28924,-6.78104],[107.28443,-6.77438],[107.28412,-6.76864],[107.28475,-6.76388],[107.28614,-6.75951],[107.29162,-6.74978],[107.28935,-6.74517],[107.28912,-6.74161],[107.29086,-6.7356],[107.29357,-6.73272],[107.29743,-6.72998],[107.31479,-6.72569],[107.32368,-6.72264],[107.32589,-6.72079],[107.33083,-6.71347],[107.33841,-6.6987],[107.34207,-6.69511],[107.34819,-6.69405],[107.35017,-6.69426],[107.35578,-6.6961],[107.36248,-6.69936],[107.36891,-6.70097],[107.37109,-6.70088],[107.37223,-6.70383],[107.37204,-6.70592],[107.37473,-6.70735],[107.37516,-6.70961],[107.37668,-6.71046],[107.37658,-6.71495],[107.38021,-6.71472],[107.3847,-6.71713],[107.3854,-6.71686],[107.38612,-6.71757],[107.38714,-6.71711],[107.38703,-6.71795],[107.3883,-6.71785],[107.38905,-6.7188],[107.39133,-6.7189],[107.39148,-6.71983],[107.3924,-6.7203],[107.39322,-6.71977],[107.39243,-6.72536],[107.39336,-6.73239],[107.39187,-6.73545],[107.39204,-6.73701],[107.38937,-6.73763],[107.38592,-6.73649],[107.38411,-6.73799],[107.38503,-6.7392],[107.38637,-6.73964],[107.38705,-6.74305],[107.38817,-6.7433],[107.38925,-6.74456],[107.38926,-6.74589],[107.38706,-6.74597],[107.38734,-6.74711],[107.3844,-6.74973],[107.38619,-6.74926],[107.38557,-6.7499],[107.38663,-6.75071],[107.38351,-6.74953],[107.38232,-6.75073],[107.38156,-6.75064],[107.3815,-6.75161],[107.38072,-6.75171],[107.38019,-6.75313],[107.38147,-6.75426],[107.38249,-6.75431],[107.38195,-6.75521],[107.38307,-6.75653],[107.38346,-6.75975],[107.38506,-6.76032],[107.38567,-6.76256],[107.38791,-6.76329],[107.38816,-6.76394],[107.38905,-6.76375],[107.38961,-6.76454],[107.39242,-6.76471],[107.39271,-6.76537],[107.39345,-6.76498],[107.39478,-6.76562],[107.39641,-6.77173],[107.40268,-6.77882],[107.40462,-6.78209],[107.41524,-6.77856],[107.41535,-6.78189],[107.41366,-6.78602],[107.40788,-6.7881],[107.40417,-6.78838],[107.40093,-6.79188],[107.3977,-6.79276],[107.39313,-6.79514],[107.39046,-6.79542],[107.39042,-6.79663],[107.38791,-6.79663],[107.38553,-6.79495],[107.38159,-6.79437],[107.38035,-6.79255],[107.37929,-6.79246]]]}},{"type":"Feature","properties":{"KODE_KEC":"32.17.03","KECAMATAN":"Cisarua","KAB_KOTA":"Bandung Barat","dist_ind":26576.49,"camp_dens":0.0,"toll_pct":0.0,"sma_grad":3861,"area_km2":52.6158,"Pred_Reko":1},"geometry":{"type":"Polygon","coordinates":[[[107.56943,-6.81506],[107.56919,-6.817],[107.56843,-6.81784],[107.56908,-6.81988],[107.56855,-6.82233],[107.56914,-6.82541],[107.5671,-6.82962],[107.56706,-6.83167],[107.5661,-6.83251],[107.56552,-6.83524],[107.56696,-6.84533],[107.56258,-6.85069],[107.56271,-6.85176],[107.56177,-6.85326],[107.56284,-6.85525],[107.56257,-6.85578],[107.55935,-6.85442],[107.55903,-6.85599],[107.55564,-6.85453],[107.55492,-6.85357],[107.55551,-6.85064],[107.5515,-6.84725],[107.55193,-6.8454],[107.55455,-6.84276],[107.55557,-6.84034],[107.55338,-6.83981],[107.55329,-6.84041],[107.55175,-6.83918],[107.54936,-6.83854],[107.54945,-6.83589],[107.55148,-6.83138],[107.55175,-6.82935],[107.54794,-6.82836],[107.54676,-6.82728],[107.54847,-6.82534],[107.54913,-6.82262],[107.54894,-6.82168],[107.54714,-6.82025],[107.54731,-6.81914],[107.54344,-6.81959],[107.54109,-6.82627],[107.53912,-6.82731],[107.53847,-6.82917],[107.53196,-6.82802],[107.52919,-6.83118],[107.52706,-6.83174],[107.52578,-6.83346],[107.52574,-6.83454],[107.52485,-6.83478],[107.52303,-6.83359],[107.52223,-6.83397],[107.52009,-6.83339],[107.51696,-6.83018],[107.51694,-6.82846],[107.51616,-6.82794],[107.51888,-6.82702],[107.51813,-6.82652],[107.51861,-6.82446],[107.51667,-6.82245],[107.51493,-6.82184],[107.5142,-6.82],[107.51236,-6.81931],[107.51199,-6.81828],[107.51668,-6.81555],[107.51515,-6.81518],[107.51481,-6.81429],[107.51622,-6.81242],[107.51719,-6.80817],[107.5187,-6.80731],[107.51994,-6.80417],[107.52094,-6.80403],[107.52075,-6.80178],[107.52167,-6.80105],[107.52068,-6.79872],[107.5189,-6.79736],[107.5165,-6.79681],[107.51611,-6.79397],[107.51478,-6.79254],[107.50887,-6.7969],[107.50795,-6.79852],[107.5061,-6.79992],[107.50155,-6.80084],[107.5006,-6.80353],[107.49892,-6.80448],[107.49798,-6.80424],[107.49522,-6.80122],[107.49092,-6.79912],[107.49059,-6.79839],[107.49316,-6.79639],[107.49355,-6.79495],[107.49203,-6.7936],[107.49147,-6.79099],[107.48793,-6.79],[107.48402,-6.79108],[107.47555,-6.79816],[107.46931,-6.79871],[107.47122,-6.79524],[107.47118,-6.79352],[107.47195,-6.79205],[107.471,-6.78997],[107.4687,-6.78974],[107.4649,-6.78423],[107.46684,-6.78429],[107.46854,-6.78524],[107.47023,-6.78479],[107.47164,-6.78595],[107.47256,-6.78513],[107.47393,-6.78639],[107.47575,-6.78691],[107.47727,-6.78626],[107.4778,-6.78531],[107.47882,-6.78673],[107.48165,-6.78582],[107.48303,-6.7874],[107.48447,-6.78488],[107.48551,-6.78546],[107.48614,-6.78264],[107.48732,-6.78155],[107.4888,-6.78212],[107.48937,-6.78305],[107.48967,-6.78191],[107.49131,-6.78236],[107.49343,-6.78012],[107.49302,-6.77913],[107.49344,-6.77862],[107.49599,-6.77793],[107.49712,-6.77838],[107.49837,-6.77703],[107.49886,-6.77758],[107.49946,-6.77701],[107.50026,-6.77742],[107.50105,-6.77691],[107.50135,-6.77494],[107.50254,-6.77427],[107.50342,-6.77522],[107.50395,-6.77439],[107.50602,-6.77585],[107.50832,-6.77569],[107.51002,-6.77708],[107.51247,-6.77682],[107.51498,-6.77519],[107.51641,-6.77534],[107.51681,-6.77465],[107.51768,-6.77495],[107.52073,-6.77409],[107.52228,-6.77554],[107.52452,-6.77514],[107.52893,-6.77641],[107.53444,-6.77429],[107.53658,-6.77241],[107.54072,-6.77199],[107.54254,-6.77321],[107.54702,-6.77368],[107.54959,-6.77292],[107.55482,-6.77456],[107.55868,-6.77238],[107.56122,-6.77318],[107.56166,-6.77258],[107.56284,-6.77392],[107.56837,-6.77119],[107.57098,-6.77093],[107.57222,-6.77197],[107.57449,-6.77646],[107.57612,-6.77684],[107.57849,-6.77577],[107.58012,-6.77745],[107.58032,-6.77896],[107.58223,-6.77956],[107.58229,-6.78153],[107.58148,-6.78283],[107.58283,-6.78557],[107.5816,-6.79092],[107.57934,-6.79272],[107.57827,-6.79276],[107.57731,-6.79441],[107.57765,-6.79574],[107.57708,-6.79626],[107.57845,-6.79757],[107.57799,-6.79915],[107.57411,-6.80175],[107.57425,-6.80676],[107.57257,-6.80891],[107.57345,-6.80978],[107.57234,-6.81398],[107.57276,-6.81495],[107.56943,-6.81506]]]}},{"type":"Feature","properties":{"KODE_KEC":"32.17.12","KECAMATAN":"Cipongkor","KAB_KOTA":"Bandung Barat","dist_ind":39713.59,"camp_dens":0.0,"toll_pct":0.0,"sma_grad":1925,"area_km2":83.4462,"Pred_Reko":0},"geometry":{"type":"Polygon","coordinates":[[[107.35171,-6.97828],[107.3496,-6.97582],[107.34328,-6.97566],[107.33782,-6.97308],[107.33579,-6.97396],[107.33494,-6.97512],[107.33211,-6.97623],[107.3277,-6.97593],[107.32604,-6.97515],[107.32252,-6.97613],[107.32109,-6.97515],[107.31829,-6.97511],[107.31592,-6.97663],[107.3108,-6.97748],[107.30707,-6.97735],[107.30451,-6.97523],[107.30259,-6.97111],[107.30489,-6.96993],[107.30369,-6.95275],[107.30449,-6.94933],[107.30593,-6.94773],[107.30558,-6.94628],[107.30907,-6.94439],[107.31123,-6.94195],[107.3128,-6.9416],[107.31624,-6.93572],[107.31993,-6.93169],[107.32044,-6.93054],[107.3205,-6.92488],[107.31974,-6.92234],[107.31838,-6.92179],[107.3234,-6.91938],[107.32399,-6.91723],[107.32333,-6.9164],[107.32232,-6.91672],[107.32199,-6.91515],[107.32085,-6.91434],[107.31531,-6.91232],[107.31497,-6.91115],[107.31203,-6.9078],[107.30917,-6.90708],[107.30663,-6.90767],[107.30652,-6.90724],[107.30832,-6.90516],[107.31168,-6.90397],[107.31506,-6.90008],[107.31448,-6.89656],[107.31909,-6.89143],[107.32056,-6.89075],[107.32324,-6.88788],[107.32666,-6.88711],[107.32907,-6.88739],[107.33089,-6.88851],[107.33307,-6.88695],[107.33801,-6.88682],[107.34084,-6.88579],[107.34227,-6.88691],[107.34263,-6.89005],[107.34509,-6.89088],[107.34658,-6.89218],[107.34866,-6.89221],[107.34824,-6.89316],[107.34924,-6.89518],[107.34946,-6.89787],[107.35205,-6.8975],[107.35373,-6.90002],[107.35641,-6.90077],[107.35766,-6.90259],[107.3599,-6.90245],[107.36082,-6.9051],[107.36245,-6.90444],[107.36175,-6.90663],[107.36249,-6.90812],[107.36561,-6.91113],[107.36739,-6.91141],[107.36789,-6.91324],[107.37141,-6.91343],[107.37449,-6.91752],[107.37962,-6.91773],[107.38067,-6.91552],[107.38214,-6.91534],[107.38354,-6.91579],[107.38609,-6.91797],[107.3889,-6.91846],[107.39013,-6.92017],[107.38971,-6.92194],[107.38756,-6.92219],[107.38513,-6.92402],[107.38163,-6.92466],[107.37835,-6.92755],[107.37923,-6.93053],[107.37834,-6.93159],[107.37853,-6.93225],[107.37958,-6.93317],[107.3831,-6.93403],[107.38204,-6.9364],[107.38235,-6.94079],[107.38954,-6.94345],[107.39396,-6.94192],[107.39774,-6.94149],[107.40028,-6.94188],[107.40548,-6.94587],[107.40781,-6.94604],[107.41155,-6.94842],[107.4115,-6.94935],[107.4106,-6.95],[107.41229,-6.95114],[107.41313,-6.95263],[107.41294,-6.95477],[107.41383,-6.95592],[107.41757,-6.95773],[107.4198,-6.96223],[107.42164,-6.96399],[107.42174,-6.96714],[107.41942,-6.96983],[107.41775,-6.97041],[107.41168,-6.96972],[107.40567,-6.97076],[107.40285,-6.96973],[107.40128,-6.96797],[107.39522,-6.96696],[107.39265,-6.96436],[107.39155,-6.96421],[107.38932,-6.96803],[107.38704,-6.97016],[107.38666,-6.97358],[107.38452,-6.97496],[107.38395,-6.97845],[107.38543,-6.98061],[107.38509,-6.98151],[107.3836,-6.98212],[107.38032,-6.98566],[107.37643,-6.9879],[107.37531,-6.9928],[107.37342,-6.99465],[107.36759,-6.99792],[107.36544,-6.99678],[107.36307,-6.99413],[107.36155,-6.99569],[107.35729,-6.99722],[107.35307,-6.99665],[107.35294,-6.99601],[107.35566,-6.99372],[107.3551,-6.98997],[107.35637,-6.98698],[107.35584,-6.98372],[107.35817,-6.98038],[107.35849,-6.97885],[107.35491,-6.97747],[107.35171,-6.97828]]]}},{"type":"Feature","properties":{"KODE_KEC":"32.17.16","KECAMATAN":"Saguling","KAB_KOTA":"Bandung Barat","dist_ind":32916.79,"camp_dens":0.0,"toll_pct":0.0,"sma_grad":2769,"area_km2":48.4449,"Pred_Reko":0},"geometry":{"type":"Polygon","coordinates":[[[107.43736,-6.89318],[107.43704,-6.89698],[107.43549,-6.89824],[107.4365,-6.90108],[107.43573,-6.90251],[107.43228,-6.90309],[107.43034,-6.90465],[107.42564,-6.90493],[107.42444,-6.90723],[107.42263,-6.90892],[107.42178,-6.91169],[107.42101,-6.91195],[107.41646,-6.90878],[107.41155,-6.90771],[107.40887,-6.91296],[107.40448,-6.91603],[107.40397,-6.91792],[107.40114,-6.92106],[107.39949,-6.92216],[107.39745,-6.92238],[107.39593,-6.92123],[107.39592,-6.92021],[107.39868,-6.91524],[107.39827,-6.91228],[107.39522,-6.91072],[107.3941,-6.91107],[107.39265,-6.91411],[107.39052,-6.91553],[107.3898,-6.91778],[107.3889,-6.91846],[107.38609,-6.91797],[107.38354,-6.91579],[107.38214,-6.91534],[107.38067,-6.91552],[107.37962,-6.91773],[107.37449,-6.91752],[107.37198,-6.91384],[107.37077,-6.91324],[107.36789,-6.91324],[107.36739,-6.91141],[107.36453,-6.91036],[107.36175,-6.90663],[107.36245,-6.90444],[107.36082,-6.9051],[107.3599,-6.90245],[107.35766,-6.90259],[107.35641,-6.90077],[107.35373,-6.90002],[107.35205,-6.8975],[107.34946,-6.89787],[107.34924,-6.89518],[107.34824,-6.89316],[107.34866,-6.89221],[107.34658,-6.89218],[107.3452,-6.89098],[107.34562,-6.8887],[107.34854,-6.88625],[107.35095,-6.88254],[107.35231,-6.88155],[107.35406,-6.88146],[107.35613,-6.88273],[107.36066,-6.88117],[107.36501,-6.87809],[107.36678,-6.87779],[107.375,-6.87954],[107.38094,-6.88164],[107.38965,-6.87986],[107.39141,-6.87851],[107.39261,-6.87492],[107.39278,-6.87256],[107.39189,-6.87127],[107.39207,-6.86986],[107.39665,-6.86516],[107.39868,-6.86396],[107.40216,-6.86323],[107.40797,-6.86592],[107.41326,-6.8643],[107.41473,-6.86468],[107.41814,-6.86403],[107.42107,-6.86475],[107.4224,-6.86403],[107.42669,-6.86384],[107.42837,-6.86315],[107.43078,-6.86357],[107.43403,-6.86133],[107.43913,-6.86143],[107.44461,-6.86268],[107.44654,-6.86162],[107.44932,-6.86251],[107.4523,-6.86002],[107.45318,-6.86003],[107.45349,-6.85907],[107.45678,-6.85977],[107.45777,-6.85937],[107.45805,-6.85838],[107.45967,-6.85869],[107.46045,-6.86035],[107.46031,-6.86311],[107.45935,-6.86438],[107.46031,-6.87094],[107.4602,-6.87596],[107.45793,-6.87728],[107.45572,-6.87739],[107.45264,-6.88044],[107.45375,-6.88326],[107.45355,-6.88694],[107.45179,-6.88708],[107.44907,-6.88925],[107.44801,-6.88851],[107.44668,-6.88875],[107.44568,-6.88789],[107.44355,-6.88847],[107.44277,-6.88962],[107.44095,-6.88938],[107.44058,-6.89062],[107.43736,-6.89318]]]}},{"type":"Feature","properties":{"KODE_KEC":"32.14.05","KECAMATAN":"Sukatani","KAB_KOTA":"Purwakarta","dist_ind":4391.04,"camp_dens":0.0,"toll_pct":0.000185,"sma_grad":2408,"area_km2":102.4888,"Pred_Reko":1},"geometry":{"type":"Polygon","coordinates":[[[107.40442,-6.63277],[107.39983,-6.63241],[107.39762,-6.62977],[107.40049,-6.62937],[107.39985,-6.62669],[107.40064,-6.62512],[107.40221,-6.62532],[107.40281,-6.62448],[107.40261,-6.62246],[107.40204,-6.62218],[107.40256,-6.62132],[107.40124,-6.62203],[107.39852,-6.6213],[107.39826,-6.62178],[107.39745,-6.62131],[107.39743,-6.62178],[107.39525,-6.62145],[107.39333,-6.62017],[107.38865,-6.62039],[107.38746,-6.61935],[107.38629,-6.61623],[107.38475,-6.61546],[107.38244,-6.61501],[107.37994,-6.61559],[107.37638,-6.61496],[107.3751,-6.61579],[107.37133,-6.61582],[107.36632,-6.61275],[107.36322,-6.6117],[107.36666,-6.60851],[107.36841,-6.60471],[107.36853,-6.6016],[107.36314,-6.59655],[107.36155,-6.59575],[107.3584,-6.59542],[107.35775,-6.58648],[107.35838,-6.58171],[107.35678,-6.57945],[107.35428,-6.58035],[107.34805,-6.57827],[107.34434,-6.57785],[107.34252,-6.57839],[107.33815,-6.58162],[107.33056,-6.58187],[107.32331,-6.58038],[107.32038,-6.5786],[107.31883,-6.57862],[107.31442,-6.577],[107.31322,-6.57579],[107.30553,-6.57518],[107.30155,-6.57587],[107.29968,-6.57345],[107.29869,-6.56982],[107.29996,-6.55798],[107.29982,-6.55341],[107.30543,-6.54936],[107.3105,-6.54826],[107.31395,-6.54514],[107.31512,-6.54328],[107.32587,-6.53438],[107.33512,-6.53212],[107.34777,-6.52688],[107.35172,-6.52852],[107.36324,-6.53587],[107.36912,-6.53631],[107.37736,-6.54455],[107.38136,-6.54682],[107.38639,-6.54785],[107.39561,-6.55415],[107.39772,-6.55886],[107.4006,-6.56186],[107.40091,-6.56312],[107.39948,-6.56685],[107.39701,-6.56938],[107.39669,-6.57298],[107.4008,-6.57424],[107.40243,-6.57292],[107.40641,-6.57211],[107.40772,-6.5734],[107.4089,-6.57334],[107.40978,-6.57596],[107.40957,-6.57721],[107.41053,-6.57825],[107.40904,-6.58142],[107.41021,-6.58351],[107.40776,-6.58516],[107.40762,-6.58688],[107.40583,-6.5868],[107.41197,-6.58985],[107.41792,-6.59014],[107.41785,-6.58863],[107.41666,-6.58664],[107.41867,-6.58512],[107.41839,-6.58405],[107.41925,-6.58345],[107.41919,-6.58132],[107.42003,-6.57994],[107.42182,-6.57953],[107.42162,-6.57869],[107.42087,-6.57888],[107.42027,-6.57817],[107.421,-6.57737],[107.41999,-6.57635],[107.42296,-6.57807],[107.43058,-6.57577],[107.43604,-6.578],[107.43717,-6.58034],[107.4366,-6.58141],[107.43666,-6.58383],[107.43572,-6.58528],[107.43599,-6.58629],[107.43774,-6.58724],[107.43579,-6.59121],[107.43629,-6.59324],[107.43493,-6.5935],[107.43353,-6.5972],[107.43337,-6.6067],[107.43857,-6.60781],[107.43871,-6.61381],[107.43818,-6.61685],[107.44555,-6.61838],[107.44743,-6.62115],[107.44739,-6.62405],[107.45246,-6.62574],[107.44985,-6.62857],[107.45139,-6.62919],[107.45288,-6.62709],[107.45369,-6.62736],[107.45571,-6.62569],[107.45756,-6.62548],[107.45671,-6.63071],[107.45475,-6.63104],[107.45277,-6.63333],[107.45377,-6.63693],[107.45618,-6.63969],[107.45561,-6.64391],[107.45665,-6.64776],[107.45608,-6.64912],[107.45169,-6.65175],[107.443,-6.65514],[107.44016,-6.65514],[107.43296,-6.6527],[107.42899,-6.65856],[107.42435,-6.65957],[107.42671,-6.65045],[107.41966,-6.64616],[107.4181,-6.64664],[107.41694,-6.64521],[107.41713,-6.64457],[107.41236,-6.64518],[107.41209,-6.64466],[107.40844,-6.64472],[107.40843,-6.64416],[107.40484,-6.64251],[107.40214,-6.63955],[107.40124,-6.63931],[107.40095,-6.63779],[107.40006,-6.63737],[107.4013,-6.63518],[107.4026,-6.63533],[107.40442,-6.63277]]]}},{"type":"Feature","properties":{"KODE_KEC":"32.14.06","KECAMATAN":"Darangdan","KAB_KOTA":"Purwakarta","dist_ind":11245.48,"camp_dens":0.0,"toll_pct":0.000179,"sma_grad":1493,"area_km2":64.8706,"Pred_Reko":1},"geometry":{"type":"Polygon","coordinates":[[[107.45358,-6.70099],[107.45057,-6.69998],[107.44929,-6.70035],[107.44905,-6.70147],[107.44784,-6.70152],[107.44627,-6.70021],[107.44531,-6.70081],[107.44436,-6.70011],[107.44367,-6.70067],[107.44323,-6.69971],[107.44145,-6.69952],[107.44179,-6.70121],[107.44023,-6.70127],[107.43964,-6.70279],[107.43802,-6.70015],[107.43562,-6.70052],[107.43549,-6.70212],[107.43365,-6.70145],[107.43285,-6.70192],[107.43222,-6.70099],[107.43067,-6.70111],[107.43005,-6.70022],[107.42855,-6.7006],[107.42741,-6.69974],[107.42514,-6.70001],[107.42251,-6.6957],[107.41729,-6.69124],[107.41312,-6.68958],[107.41211,-6.68997],[107.41112,-6.68894],[107.40945,-6.68851],[107.40741,-6.68896],[107.40574,-6.69134],[107.40054,-6.69338],[107.39977,-6.69484],[107.3979,-6.69557],[107.39684,-6.69507],[107.39597,-6.69565],[107.39271,-6.69552],[107.38966,-6.69419],[107.38676,-6.69381],[107.38013,-6.69034],[107.37906,-6.6909],[107.37734,-6.69011],[107.37415,-6.69112],[107.37165,-6.68959],[107.37015,-6.69039],[107.3671,-6.68681],[107.36804,-6.6874],[107.3686,-6.6862],[107.37106,-6.68574],[107.37151,-6.6851],[107.37085,-6.68426],[107.37109,-6.68311],[107.37271,-6.68199],[107.37289,-6.68063],[107.37384,-6.6803],[107.36869,-6.67774],[107.36938,-6.67716],[107.36897,-6.67632],[107.37043,-6.67511],[107.37339,-6.67464],[107.37477,-6.67379],[107.37949,-6.6745],[107.38072,-6.67293],[107.38294,-6.67176],[107.38537,-6.67388],[107.38566,-6.6731],[107.38728,-6.67405],[107.38817,-6.67335],[107.39253,-6.67336],[107.39876,-6.67728],[107.40028,-6.67707],[107.40121,-6.67529],[107.40435,-6.67553],[107.4064,-6.67688],[107.41148,-6.67681],[107.41015,-6.66888],[107.409,-6.66751],[107.40566,-6.66683],[107.40524,-6.66575],[107.4056,-6.6614],[107.40302,-6.65949],[107.40049,-6.65877],[107.40051,-6.65763],[107.40122,-6.65755],[107.40174,-6.65636],[107.40062,-6.65584],[107.40096,-6.6551],[107.40038,-6.65487],[107.40026,-6.65351],[107.39842,-6.65196],[107.39834,-6.65026],[107.39657,-6.64965],[107.39809,-6.64616],[107.40065,-6.64459],[107.40115,-6.64027],[107.40179,-6.63947],[107.40484,-6.64251],[107.40843,-6.64416],[107.40844,-6.64472],[107.41209,-6.64466],[107.41236,-6.64518],[107.41713,-6.64457],[107.41694,-6.64521],[107.4181,-6.64664],[107.41966,-6.64616],[107.42671,-6.65045],[107.42435,-6.65957],[107.42899,-6.65856],[107.43296,-6.6527],[107.44182,-6.65526],[107.4449,-6.65469],[107.45169,-6.65175],[107.45665,-6.65363],[107.46437,-6.65831],[107.47024,-6.65943],[107.47025,-6.66191],[107.46772,-6.66868],[107.46784,-6.67361],[107.46971,-6.6757],[107.47064,-6.6751],[107.47284,-6.67664],[107.47411,-6.67879],[107.47497,-6.67905],[107.47466,-6.67997],[107.47721,-6.68199],[107.47771,-6.68349],[107.47965,-6.68503],[107.47908,-6.68682],[107.48266,-6.68864],[107.48594,-6.69269],[107.48641,-6.69462],[107.48999,-6.6967],[107.4907,-6.70106],[107.49227,-6.70147],[107.49325,-6.70306],[107.49361,-6.70769],[107.49277,-6.70769],[107.49281,-6.70867],[107.4922,-6.70888],[107.49387,-6.71275],[107.49193,-6.71853],[107.49063,-6.71882],[107.49115,-6.71983],[107.49044,-6.72046],[107.49051,-6.72154],[107.49206,-6.72251],[107.49461,-6.72155],[107.49669,-6.72221],[107.49785,-6.72331],[107.49869,-6.7257],[107.50032,-6.72603],[107.50037,-6.72484],[107.50177,-6.72435],[107.50217,-6.72578],[107.50518,-6.72661],[107.50545,-6.72751],[107.50854,-6.7281],[107.50999,-6.72984],[107.51292,-6.73003],[107.5148,-6.73146],[107.51498,-6.73253],[107.51725,-6.73198],[107.51799,-6.73249],[107.51797,-6.7331],[107.51533,-6.73341],[107.51658,-6.73435],[107.51608,-6.73463],[107.51677,-6.7363],[107.51792,-6.73627],[107.51585,-6.73661],[107.51485,-6.73787],[107.51658,-6.73979],[107.51709,-6.74158],[107.51769,-6.74217],[107.51821,-6.74174],[107.51872,-6.74367],[107.51951,-6.74361],[107.52129,-6.74652],[107.52404,-6.74864],[107.53724,-6.75658],[107.53898,-6.76081],[107.54095,-6.76342],[107.54098,-6.76455],[107.54029,-6.76394],[107.53511,-6.7634],[107.53325,-6.76169],[107.53156,-6.76136],[107.5307,-6.75903],[107.52747,-6.756],[107.52444,-6.75698],[107.51851,-6.75732],[107.51257,-6.75442],[107.51113,-6.75256],[107.51041,-6.7502],[107.50924,-6.74953],[107.50903,-6.74803],[107.50795,-6.74706],[107.5051,-6.74187],[107.5053,-6.74128],[107.50384,-6.74108],[107.50403,-6.74],[107.50221,-6.73828],[107.50159,-6.73657],[107.49647,-6.7363],[107.49452,-6.73497],[107.49109,-6.73579],[107.48989,-6.73479],[107.48729,-6.73538],[107.48736,-6.73457],[107.48536,-6.73335],[107.48616,-6.73217],[107.48388,-6.73142],[107.4847,-6.73028],[107.48363,-6.7293],[107.48299,-6.72965],[107.47906,-6.72767],[107.47933,-6.72634],[107.47744,-6.72596],[107.47747,-6.72486],[107.4765,-6.72459],[107.47516,-6.72228],[107.47476,-6.7194],[107.47122,-6.7198],[107.46979,-6.71698],[107.46664,-6.71635],[107.46558,-6.71333],[107.46448,-6.71256],[107.46415,-6.71083],[107.46186,-6.71066],[107.46003,-6.70832],[107.46014,-6.70739],[107.45816,-6.70573],[107.45638,-6.70534],[107.45408,-6.70313],[107.45425,-6.70207],[107.45358,-6.70099]]]}},{"type":"Feature","properties":{"KODE_KEC":"32.14.03","KECAMATAN":"Jatiluhur","KAB_KOTA":"Purwakarta","dist_ind":3774.4,"camp_dens":0.0,"toll_pct":0.000188,"sma_grad":1670,"area_km2":46.4743,"Pred_Reko":1},"geometry":{"type":"Polygon","coordinates":[[[107.44937,-6.58631],[107.44892,-6.58978],[107.44791,-6.59188],[107.44866,-6.59344],[107.45029,-6.59423],[107.44956,-6.59548],[107.44949,-6.59745],[107.45054,-6.60129],[107.44937,-6.60387],[107.45368,-6.60602],[107.4563,-6.60396],[107.45862,-6.60364],[107.46171,-6.60592],[107.46155,-6.60728],[107.45954,-6.61084],[107.46101,-6.61668],[107.45868,-6.61752],[107.46206,-6.6193],[107.46322,-6.62089],[107.46272,-6.62207],[107.46045,-6.62174],[107.45966,-6.62466],[107.45826,-6.62473],[107.45694,-6.62582],[107.45571,-6.62569],[107.45369,-6.62736],[107.45288,-6.62709],[107.45096,-6.62927],[107.44985,-6.62857],[107.45246,-6.62574],[107.44739,-6.62405],[107.44743,-6.62115],[107.44593,-6.61862],[107.43818,-6.61685],[107.43871,-6.61381],[107.43857,-6.60781],[107.43337,-6.6067],[107.43353,-6.5972],[107.43493,-6.5935],[107.43629,-6.59324],[107.43579,-6.59121],[107.43774,-6.58724],[107.43599,-6.58629],[107.43572,-6.58528],[107.43666,-6.58383],[107.4366,-6.58141],[107.43717,-6.58034],[107.43604,-6.578],[107.43058,-6.57577],[107.42296,-6.57807],[107.41999,-6.57635],[107.421,-6.57737],[107.42027,-6.57817],[107.42087,-6.57888],[107.42162,-6.57869],[107.42182,-6.57953],[107.42003,-6.57994],[107.41919,-6.58132],[107.41925,-6.58345],[107.41839,-6.58405],[107.41867,-6.58512],[107.41666,-6.58664],[107.41785,-6.58863],[107.41792,-6.59014],[107.41197,-6.58985],[107.40583,-6.5868],[107.40762,-6.58688],[107.40776,-6.58516],[107.41021,-6.58351],[107.40904,-6.58142],[107.41053,-6.57825],[107.40957,-6.57721],[107.40978,-6.57596],[107.4089,-6.57334],[107.40772,-6.5734],[107.40641,-6.57211],[107.40243,-6.57292],[107.4008,-6.57424],[107.39669,-6.57298],[107.39701,-6.56938],[107.39948,-6.56685],[107.40091,-6.56312],[107.4006,-6.56186],[107.39772,-6.55886],[107.39561,-6.55415],[107.38639,-6.54785],[107.38136,-6.54682],[107.37736,-6.54455],[107.36912,-6.53631],[107.37832,-6.53375],[107.38489,-6.52981],[107.38572,-6.52742],[107.38882,-6.52475],[107.3894,-6.52086],[107.3887,-6.51779],[107.3904,-6.51281],[107.39023,-6.51058],[107.39162,-6.50294],[107.39323,-6.50267],[107.39541,-6.50627],[107.39617,-6.50649],[107.39693,-6.50441],[107.40122,-6.50434],[107.40335,-6.50194],[107.40417,-6.50192],[107.40353,-6.50457],[107.40551,-6.50589],[107.40728,-6.50869],[107.40904,-6.50937],[107.40967,-6.50852],[107.40761,-6.50751],[107.40733,-6.5063],[107.40879,-6.50453],[107.41083,-6.50442],[107.41303,-6.50642],[107.41122,-6.50942],[107.41207,-6.51106],[107.41437,-6.51218],[107.41468,-6.51665],[107.41567,-6.5176],[107.41807,-6.51755],[107.41881,-6.51811],[107.41868,-6.52303],[107.41955,-6.52464],[107.42199,-6.52558],[107.42313,-6.52296],[107.42422,-6.52203],[107.42659,-6.5237],[107.42696,-6.52691],[107.42512,-6.53079],[107.42589,-6.53123],[107.42839,-6.53033],[107.42966,-6.5331],[107.42797,-6.53772],[107.4278,-6.54051],[107.42952,-6.5423],[107.43132,-6.54255],[107.43094,-6.5452],[107.43311,-6.54546],[107.43413,-6.54688],[107.43404,-6.54771],[107.43151,-6.54973],[107.43119,-6.55095],[107.43266,-6.55171],[107.43394,-6.5503],[107.43558,-6.55433],[107.43516,-6.55934],[107.43362,-6.56064],[107.43369,-6.56174],[107.43564,-6.56282],[107.43645,-6.56677],[107.44084,-6.567],[107.44399,-6.56905],[107.44954,-6.5762],[107.45122,-6.57732],[107.45132,-6.58003],[107.45221,-6.58107],[107.45053,-6.58252],[107.45025,-6.58491],[107.44937,-6.58631]]]}},{"type":"Feature","properties":{"KODE_KEC":"32.14.04","KECAMATAN":"Plered","KAB_KOTA":"Purwakarta","dist_ind":7606.31,"camp_dens":0.0,"toll_pct":0.0,"sma_grad":1830,"area_km2":31.4483,"Pred_Reko":1},"geometry":{"type":"Polygon","coordinates":[[[107.38334,-6.67178],[107.38072,-6.67293],[107.37949,-6.6745],[107.37477,-6.67379],[107.37339,-6.67464],[107.37043,-6.67511],[107.36903,-6.67617],[107.36938,-6.67716],[107.36869,-6.67774],[107.37384,-6.6803],[107.37289,-6.68063],[107.37271,-6.68199],[107.37109,-6.68311],[107.37125,-6.68552],[107.3686,-6.6862],[107.36804,-6.6874],[107.36431,-6.68583],[107.36453,-6.68201],[107.36384,-6.68089],[107.35988,-6.68084],[107.35979,-6.67981],[107.36099,-6.67866],[107.36048,-6.67622],[107.36085,-6.67494],[107.36362,-6.67268],[107.36434,-6.67119],[107.36469,-6.66845],[107.36312,-6.66783],[107.36298,-6.66242],[107.36343,-6.65894],[107.36444,-6.65764],[107.36101,-6.65578],[107.36161,-6.65318],[107.36101,-6.64966],[107.36195,-6.64713],[107.36102,-6.64276],[107.36124,-6.63855],[107.35998,-6.63643],[107.35713,-6.63404],[107.35699,-6.63201],[107.35494,-6.62911],[107.3546,-6.62737],[107.35528,-6.625],[107.35582,-6.61466],[107.35772,-6.61288],[107.36322,-6.6117],[107.36632,-6.61275],[107.37133,-6.61582],[107.3751,-6.61579],[107.37638,-6.61496],[107.37994,-6.61559],[107.38322,-6.61506],[107.38629,-6.61623],[107.38823,-6.62026],[107.39333,-6.62017],[107.39525,-6.62145],[107.39743,-6.62178],[107.39745,-6.62131],[107.39826,-6.62178],[107.39852,-6.6213],[107.40124,-6.62203],[107.40256,-6.62132],[107.40204,-6.62218],[107.40261,-6.62246],[107.40281,-6.62448],[107.40221,-6.62532],[107.40064,-6.62512],[107.39985,-6.62669],[107.40049,-6.62937],[107.39762,-6.62977],[107.39983,-6.63241],[107.40188,-6.63227],[107.40437,-6.63317],[107.4026,-6.63533],[107.4013,-6.63518],[107.40043,-6.63629],[107.40006,-6.63737],[107.40095,-6.63779],[107.40115,-6.63918],[107.40181,-6.63955],[107.40115,-6.64027],[107.40065,-6.64459],[107.39809,-6.64616],[107.39657,-6.64965],[107.39834,-6.65026],[107.39842,-6.65196],[107.40026,-6.65351],[107.40038,-6.65487],[107.40096,-6.6551],[107.40062,-6.65584],[107.40174,-6.65636],[107.40122,-6.65755],[107.40051,-6.65763],[107.40049,-6.65877],[107.40302,-6.65949],[107.4056,-6.6614],[107.40524,-6.66575],[107.40566,-6.66683],[107.409,-6.66751],[107.41015,-6.66888],[107.41148,-6.67681],[107.4064,-6.67688],[107.40435,-6.67553],[107.40121,-6.67529],[107.40028,-6.67707],[107.39876,-6.67728],[107.39253,-6.67336],[107.38817,-6.67335],[107.38728,-6.67405],[107.38566,-6.6731],[107.38537,-6.67388],[107.38334,-6.67178]]]}},{"type":"Feature","properties":{"KODE_KEC":"32.14.07","KECAMATAN":"Maniis","KAB_KOTA":"Purwakarta","dist_ind":16796.92,"camp_dens":0.0,"toll_pct":0.0,"sma_grad":1587,"area_km2":64.0911,"Pred_Reko":0},"geometry":{"type":"Polygon","coordinates":[[[107.32661,-6.67324],[107.33308,-6.67826],[107.34038,-6.67649],[107.34396,-6.67784],[107.34713,-6.68041],[107.35038,-6.68168],[107.36384,-6.68089],[107.36453,-6.68201],[107.36431,-6.68583],[107.36778,-6.68727],[107.36933,-6.68992],[107.37121,-6.69021],[107.37244,-6.69239],[107.37292,-6.6947],[107.371,-6.69699],[107.37138,-6.70053],[107.3708,-6.70105],[107.36891,-6.70097],[107.36377,-6.69975],[107.35017,-6.69426],[107.34819,-6.69405],[107.34207,-6.69511],[107.33841,-6.6987],[107.33083,-6.71347],[107.32589,-6.72079],[107.32368,-6.72264],[107.31479,-6.72569],[107.30215,-6.72844],[107.30153,-6.7253],[107.29511,-6.71501],[107.29226,-6.71121],[107.28916,-6.70866],[107.28567,-6.707],[107.28346,-6.70681],[107.28043,-6.7079],[107.2754,-6.70652],[107.27144,-6.70738],[107.2699,-6.70609],[107.2696,-6.70371],[107.26572,-6.70175],[107.26412,-6.69915],[107.25971,-6.69742],[107.25638,-6.69758],[107.25144,-6.69394],[107.25165,-6.69285],[107.25537,-6.68793],[107.25697,-6.68744],[107.25606,-6.68499],[107.25447,-6.68435],[107.25444,-6.68266],[107.25676,-6.67839],[107.25638,-6.67694],[107.25757,-6.6707],[107.25922,-6.6686],[107.25869,-6.66592],[107.26003,-6.66213],[107.25878,-6.66074],[107.25877,-6.65842],[107.26117,-6.65749],[107.26108,-6.65596],[107.2625,-6.65638],[107.26214,-6.6547],[107.2647,-6.65304],[107.26447,-6.64848],[107.26609,-6.64711],[107.26673,-6.64748],[107.26683,-6.64515],[107.26839,-6.64464],[107.26671,-6.64388],[107.26407,-6.64492],[107.26362,-6.64355],[107.26446,-6.64119],[107.26434,-6.63866],[107.26647,-6.63993],[107.26705,-6.64143],[107.2685,-6.64093],[107.26968,-6.6415],[107.27061,-6.6388],[107.27261,-6.6379],[107.27383,-6.63858],[107.27411,-6.6416],[107.27699,-6.63902],[107.27844,-6.6386],[107.2791,-6.64011],[107.27756,-6.64099],[107.2774,-6.64184],[107.27907,-6.64244],[107.27978,-6.64459],[107.28645,-6.6456],[107.28693,-6.64445],[107.28875,-6.64494],[107.28955,-6.64426],[107.29123,-6.64515],[107.29193,-6.64707],[107.29369,-6.64524],[107.29478,-6.64157],[107.2983,-6.6402],[107.30036,-6.63824],[107.30474,-6.63917],[107.30637,-6.64022],[107.30525,-6.64206],[107.30427,-6.64214],[107.29806,-6.64821],[107.29752,-6.64948],[107.29788,-6.65014],[107.30404,-6.65228],[107.30718,-6.65419],[107.30731,-6.65575],[107.30479,-6.65943],[107.30525,-6.66205],[107.30733,-6.66354],[107.31156,-6.66338],[107.3133,-6.66404],[107.3179,-6.66749],[107.31919,-6.67092],[107.32209,-6.67368],[107.32324,-6.67403],[107.32552,-6.67306],[107.32661,-6.67324]]]}},{"type":"Feature","properties":{"KODE_KEC":"32.14.08","KECAMATAN":"Tegalwaru","KAB_KOTA":"Purwakarta","dist_ind":10634.27,"camp_dens":0.0,"toll_pct":0.0,"sma_grad":2372,"area_km2":69.3046,"Pred_Reko":1},"geometry":{"type":"Polygon","coordinates":[[[107.3479,-6.68076],[107.34396,-6.67784],[107.34038,-6.67649],[107.33308,-6.67826],[107.32691,-6.67335],[107.32552,-6.67306],[107.32324,-6.67403],[107.32118,-6.6732],[107.31919,-6.67092],[107.3179,-6.66749],[107.3133,-6.66404],[107.31156,-6.66338],[107.30733,-6.66354],[107.30525,-6.66205],[107.30479,-6.65943],[107.30731,-6.65575],[107.30718,-6.65419],[107.30404,-6.65228],[107.29788,-6.65014],[107.29752,-6.64948],[107.29806,-6.64821],[107.30427,-6.64214],[107.30525,-6.64206],[107.30637,-6.64022],[107.3047,-6.63915],[107.30036,-6.63824],[107.30037,-6.63535],[107.30278,-6.62939],[107.30041,-6.62663],[107.29635,-6.62463],[107.29503,-6.62217],[107.29832,-6.61711],[107.30206,-6.61528],[107.3011,-6.61184],[107.29648,-6.60716],[107.29727,-6.60506],[107.29988,-6.60216],[107.30102,-6.59989],[107.30031,-6.59728],[107.30079,-6.59065],[107.30039,-6.58858],[107.30146,-6.58585],[107.30085,-6.5796],[107.30184,-6.57574],[107.30553,-6.57518],[107.31322,-6.57579],[107.31442,-6.577],[107.31883,-6.57862],[107.32038,-6.5786],[107.32331,-6.58038],[107.33056,-6.58187],[107.33815,-6.58162],[107.34252,-6.57839],[107.34434,-6.57785],[107.34805,-6.57827],[107.35428,-6.58035],[107.35678,-6.57945],[107.35838,-6.58171],[107.35775,-6.58648],[107.3584,-6.59542],[107.36155,-6.59575],[107.36314,-6.59655],[107.36853,-6.6016],[107.36841,-6.60471],[107.36583,-6.60976],[107.36322,-6.6117],[107.35772,-6.61288],[107.35633,-6.61372],[107.3546,-6.62737],[107.35494,-6.62911],[107.35699,-6.63201],[107.35713,-6.63404],[107.35998,-6.63643],[107.36124,-6.63855],[107.36102,-6.64276],[107.36195,-6.64713],[107.36101,-6.64966],[107.36161,-6.65318],[107.36101,-6.65578],[107.36444,-6.65764],[107.36343,-6.65894],[107.36298,-6.66242],[107.36312,-6.66783],[107.36469,-6.66845],[107.36434,-6.67119],[107.36362,-6.67268],[107.36085,-6.67494],[107.36048,-6.67622],[107.36099,-6.67866],[107.35979,-6.67981],[107.35988,-6.68084],[107.35117,-6.68182],[107.3479,-6.68076]]]}},{"type":"Feature","properties":{"KODE_KEC":"32.14.01","KECAMATAN":"Purwakarta","KAB_KOTA":"Purwakarta","dist_ind":4012.54,"camp_dens":0.0404,"toll_pct":0.000124,"sma_grad":2774,"area_km2":24.7465,"Pred_Reko":1},"geometry":{"type":"Polygon","coordinates":[[[107.45579,-6.56788],[107.45634,-6.56922],[107.45426,-6.57065],[107.44683,-6.57235],[107.44458,-6.56949],[107.44084,-6.567],[107.43717,-6.56715],[107.43613,-6.56648],[107.43564,-6.56282],[107.43356,-6.56119],[107.43516,-6.55934],[107.43558,-6.55433],[107.43394,-6.5503],[107.43266,-6.55171],[107.43119,-6.55095],[107.43151,-6.54973],[107.43404,-6.54771],[107.43413,-6.54688],[107.43311,-6.54546],[107.43094,-6.5452],[107.43132,-6.54255],[107.42911,-6.54197],[107.42768,-6.53958],[107.42961,-6.53363],[107.42925,-6.53152],[107.43024,-6.52774],[107.43091,-6.52901],[107.43211,-6.5285],[107.43426,-6.5291],[107.43666,-6.52731],[107.43923,-6.53185],[107.44098,-6.5335],[107.44295,-6.53425],[107.44307,-6.53324],[107.44188,-6.53087],[107.44284,-6.53092],[107.44361,-6.52756],[107.44588,-6.5248],[107.44637,-6.52251],[107.44852,-6.51853],[107.44858,-6.51786],[107.44673,-6.51716],[107.44671,-6.51549],[107.44808,-6.51477],[107.44995,-6.5157],[107.45323,-6.51607],[107.46068,-6.5087],[107.46815,-6.51547],[107.47086,-6.51576],[107.47303,-6.51455],[107.47447,-6.51649],[107.47442,-6.51781],[107.47556,-6.5181],[107.47474,-6.52029],[107.4754,-6.52027],[107.47632,-6.52171],[107.47782,-6.52114],[107.47867,-6.52166],[107.47955,-6.52092],[107.48049,-6.52177],[107.48012,-6.52332],[107.48143,-6.52327],[107.48215,-6.5252],[107.48283,-6.52534],[107.48269,-6.52673],[107.48439,-6.52979],[107.48374,-6.5332],[107.48482,-6.53486],[107.48416,-6.53857],[107.485,-6.54038],[107.48253,-6.53924],[107.47805,-6.54092],[107.47411,-6.54035],[107.47144,-6.54529],[107.47122,-6.55211],[107.46789,-6.5533],[107.46701,-6.55254],[107.46476,-6.55247],[107.46579,-6.55409],[107.46443,-6.555],[107.46422,-6.55605],[107.46141,-6.55513],[107.45975,-6.55556],[107.46025,-6.5585],[107.45849,-6.56038],[107.46107,-6.56169],[107.46093,-6.56349],[107.46166,-6.56404],[107.46057,-6.56447],[107.4604,-6.56567],[107.45932,-6.56685],[107.45735,-6.56643],[107.45656,-6.568],[107.45579,-6.56788]]]}},{"type":"Feature","properties":{"KODE_KEC":"32.14.02","KECAMATAN":"Campaka","KAB_KOTA":"Purwakarta","dist_ind":7854.15,"camp_dens":0.0,"toll_pct":0.000209,"sma_grad":4425,"area_km2":54.3813,"Pred_Reko":2},"geometry":{"type":"Polygon","coordinates":[[[107.50486,-6.5294],[107.50586,-6.53188],[107.50803,-6.53301],[107.50922,-6.53186],[107.51457,-6.53137],[107.51551,-6.53232],[107.51847,-6.53245],[107.52281,-6.53375],[107.52065,-6.53534],[107.52158,-6.53641],[107.52051,-6.53875],[107.51919,-6.53839],[107.51554,-6.53941],[107.51492,-6.54104],[107.51574,-6.54266],[107.51507,-6.5428],[107.51476,-6.54498],[107.51325,-6.54606],[107.5122,-6.54819],[107.51235,-6.54911],[107.50873,-6.54942],[107.50725,-6.55112],[107.50579,-6.55097],[107.50352,-6.5554],[107.49792,-6.55508],[107.49058,-6.55179],[107.48932,-6.55052],[107.48879,-6.54773],[107.48501,-6.54732],[107.48346,-6.54632],[107.48501,-6.54589],[107.48568,-6.5442],[107.48517,-6.54074],[107.48417,-6.53876],[107.48488,-6.53556],[107.48374,-6.5332],[107.48431,-6.52952],[107.48148,-6.52335],[107.48012,-6.52332],[107.48059,-6.52213],[107.47966,-6.52092],[107.47867,-6.52166],[107.47782,-6.52114],[107.47643,-6.52174],[107.4754,-6.52027],[107.47474,-6.52029],[107.47556,-6.5181],[107.47442,-6.51781],[107.47451,-6.51658],[107.47359,-6.51564],[107.47528,-6.51589],[107.47548,-6.51256],[107.4734,-6.51145],[107.47329,-6.51077],[107.47475,-6.51006],[107.4748,-6.50909],[107.47597,-6.5092],[107.47643,-6.50864],[107.47294,-6.50692],[107.47482,-6.5055],[107.47554,-6.5041],[107.47653,-6.50463],[107.47853,-6.50253],[107.47817,-6.5013],[107.47722,-6.50103],[107.4774,-6.49998],[107.47677,-6.49898],[107.47548,-6.49846],[107.47558,-6.49785],[107.47798,-6.4976],[107.47959,-6.49876],[107.48051,-6.49732],[107.4798,-6.49496],[107.48213,-6.49733],[107.48363,-6.49771],[107.48312,-6.49602],[107.48376,-6.49482],[107.48672,-6.49243],[107.48858,-6.49187],[107.48843,-6.48991],[107.48718,-6.48707],[107.48541,-6.48667],[107.4871,-6.48548],[107.48809,-6.48579],[107.48728,-6.48367],[107.4885,-6.48336],[107.48796,-6.48244],[107.48884,-6.48064],[107.48824,-6.47926],[107.49021,-6.478],[107.48926,-6.47615],[107.4894,-6.4745],[107.48813,-6.47389],[107.48875,-6.4728],[107.48841,-6.47198],[107.48922,-6.47144],[107.48874,-6.47012],[107.48944,-6.46964],[107.49086,-6.47102],[107.49187,-6.47002],[107.49187,-6.46778],[107.48987,-6.46681],[107.49007,-6.46462],[107.49117,-6.4632],[107.49255,-6.46267],[107.49289,-6.46072],[107.49119,-6.46041],[107.49181,-6.45942],[107.49291,-6.45996],[107.49334,-6.45957],[107.49219,-6.45833],[107.49221,-6.45531],[107.49368,-6.45554],[107.49543,-6.454],[107.4936,-6.45363],[107.49481,-6.45208],[107.49457,-6.45024],[107.49505,-6.45071],[107.49573,-6.4501],[107.49547,-6.44872],[107.49706,-6.44927],[107.49739,-6.44818],[107.49975,-6.44705],[107.50071,-6.44888],[107.502,-6.44645],[107.50509,-6.44705],[107.50505,-6.44504],[107.507,-6.44464],[107.50738,-6.44113],[107.50806,-6.44097],[107.50924,-6.43827],[107.50984,-6.43805],[107.51084,-6.43952],[107.51237,-6.437],[107.51305,-6.43781],[107.51422,-6.43683],[107.51461,-6.4338],[107.51356,-6.43082],[107.51479,-6.4303],[107.51609,-6.42831],[107.51745,-6.42885],[107.51845,-6.4277],[107.51964,-6.42776],[107.52099,-6.42649],[107.52051,-6.42516],[107.52148,-6.4242],[107.52096,-6.42252],[107.52193,-6.42112],[107.52224,-6.41803],[107.5294,-6.41836],[107.52879,-6.41961],[107.52975,-6.42423],[107.5265,-6.4258],[107.52699,-6.43022],[107.52604,-6.43255],[107.52673,-6.43703],[107.52824,-6.4373],[107.52975,-6.43998],[107.5309,-6.43994],[107.53131,-6.44109],[107.53068,-6.44173],[107.53261,-6.44138],[107.53381,-6.44191],[107.53311,-6.44356],[107.53481,-6.44372],[107.53587,-6.44554],[107.53703,-6.44438],[107.53928,-6.44416],[107.54209,-6.44576],[107.54384,-6.45002],[107.54111,-6.45376],[107.54231,-6.45536],[107.544,-6.45546],[107.5433,-6.45751],[107.54729,-6.45878],[107.54786,-6.46035],[107.54647,-6.46245],[107.54706,-6.46293],[107.5481,-6.46265],[107.5484,-6.46338],[107.54579,-6.46616],[107.54518,-6.46915],[107.54222,-6.4707],[107.54021,-6.47273],[107.53792,-6.47872],[107.53301,-6.4795],[107.53327,-6.48057],[107.53414,-6.48069],[107.53308,-6.48178],[107.53445,-6.48278],[107.5323,-6.48312],[107.53158,-6.48426],[107.53357,-6.48514],[107.53363,-6.48616],[107.53167,-6.48728],[107.52828,-6.4861],[107.52524,-6.48646],[107.52632,-6.49023],[107.5247,-6.49265],[107.51943,-6.49177],[107.5193,-6.49003],[107.5182,-6.49072],[107.51452,-6.48705],[107.5112,-6.49568],[107.51112,-6.49912],[107.51184,-6.50023],[107.51076,-6.50222],[107.51056,-6.50454],[107.50825,-6.50544],[107.50736,-6.50773],[107.50768,-6.51426],[107.50935,-6.51815],[107.50799,-6.51987],[107.50809,-6.52391],[107.50486,-6.5294]]]}},{"type":"Feature","properties":{"KODE_KEC":"32.14.16","KECAMATAN":"Pondoksalam","KAB_KOTA":"Purwakarta","dist_ind":8347.42,"camp_dens":0.0,"toll_pct":0.0,"sma_grad":2152,"area_km2":40.5456,"Pred_Reko":1},"geometry":{"type":"Polygon","coordinates":[[[107.4838,-6.62918],[107.47289,-6.63276],[107.46803,-6.63354],[107.46724,-6.6345],[107.46751,-6.63624],[107.46858,-6.63725],[107.4678,-6.63924],[107.46817,-6.64443],[107.47033,-6.64804],[107.46941,-6.6502],[107.47024,-6.65943],[107.46437,-6.65831],[107.45665,-6.65363],[107.45169,-6.65175],[107.45608,-6.64912],[107.45665,-6.64776],[107.45561,-6.64391],[107.4561,-6.63938],[107.45377,-6.63693],[107.4528,-6.63292],[107.45475,-6.63104],[107.45671,-6.63071],[107.45756,-6.62548],[107.45826,-6.62473],[107.45979,-6.62453],[107.46045,-6.62174],[107.46249,-6.62214],[107.46321,-6.62126],[107.46206,-6.6193],[107.45868,-6.61752],[107.46101,-6.61668],[107.45954,-6.61084],[107.46188,-6.60636],[107.46101,-6.60516],[107.46276,-6.60366],[107.46314,-6.60244],[107.46307,-6.60081],[107.45994,-6.59984],[107.45932,-6.59814],[107.46219,-6.59821],[107.46233,-6.5976],[107.46348,-6.59749],[107.46379,-6.59652],[107.46559,-6.5966],[107.46668,-6.59746],[107.46645,-6.59442],[107.46756,-6.59397],[107.46773,-6.59518],[107.46884,-6.59638],[107.47128,-6.59436],[107.47216,-6.59271],[107.47269,-6.59279],[107.47244,-6.59512],[107.47597,-6.59481],[107.47628,-6.59384],[107.47885,-6.59505],[107.47983,-6.59356],[107.47885,-6.59205],[107.48015,-6.59096],[107.49035,-6.58918],[107.4916,-6.59107],[107.49028,-6.59442],[107.49128,-6.59651],[107.49385,-6.59718],[107.49675,-6.59444],[107.4977,-6.59448],[107.50097,-6.59704],[107.50333,-6.5959],[107.5069,-6.59531],[107.51053,-6.59348],[107.51049,-6.59136],[107.5094,-6.58913],[107.5085,-6.58944],[107.50845,-6.58845],[107.50733,-6.58793],[107.5075,-6.58709],[107.50557,-6.58402],[107.50661,-6.58254],[107.5083,-6.58208],[107.50857,-6.58131],[107.51237,-6.57943],[107.51274,-6.57781],[107.51405,-6.57721],[107.51416,-6.57588],[107.51608,-6.57263],[107.51625,-6.57108],[107.51567,-6.57025],[107.51767,-6.57024],[107.51973,-6.56771],[107.52135,-6.57079],[107.52062,-6.57215],[107.52186,-6.57344],[107.52278,-6.57351],[107.52471,-6.57146],[107.52559,-6.57244],[107.52618,-6.57165],[107.52704,-6.57169],[107.52868,-6.57504],[107.52881,-6.58101],[107.52582,-6.58063],[107.52196,-6.58558],[107.5204,-6.58891],[107.52059,-6.59133],[107.52141,-6.59241],[107.52022,-6.59605],[107.52021,-6.59831],[107.52112,-6.59997],[107.52042,-6.60133],[107.5203,-6.60692],[107.51696,-6.60911],[107.51775,-6.60966],[107.51716,-6.61155],[107.51509,-6.6149],[107.51327,-6.6147],[107.50984,-6.61685],[107.51011,-6.61794],[107.50937,-6.61903],[107.50894,-6.62253],[107.51068,-6.62459],[107.51085,-6.62615],[107.51013,-6.62651],[107.51002,-6.62765],[107.51074,-6.62817],[107.51139,-6.63106],[107.51583,-6.63454],[107.51509,-6.63613],[107.51503,-6.64167],[107.51365,-6.64258],[107.51147,-6.64832],[107.51032,-6.64899],[107.51205,-6.65013],[107.51196,-6.65124],[107.51469,-6.6506],[107.51516,-6.65205],[107.51783,-6.65205],[107.52097,-6.65409],[107.52337,-6.65341],[107.52452,-6.6538],[107.52531,-6.65452],[107.52613,-6.65751],[107.52564,-6.65888],[107.52271,-6.65994],[107.52075,-6.66171],[107.51263,-6.66325],[107.51015,-6.66601],[107.50601,-6.66782],[107.5048,-6.66778],[107.50345,-6.66371],[107.50341,-6.66],[107.5027,-6.65927],[107.50325,-6.65848],[107.50258,-6.65791],[107.50337,-6.65681],[107.50314,-6.65508],[107.50374,-6.65363],[107.50179,-6.65151],[107.50164,-6.64868],[107.49936,-6.64463],[107.49989,-6.64319],[107.49656,-6.64197],[107.49423,-6.63978],[107.49463,-6.63849],[107.49246,-6.63354],[107.48994,-6.63394],[107.48984,-6.63281],[107.486,-6.63122],[107.48587,-6.62986],[107.4838,-6.62918]]]}},{"type":"Feature","properties":{"KODE_KEC":"32.14.15","KECAMATAN":"Sukasari","KAB_KOTA":"Purwakarta","dist_ind":13929.51,"camp_dens":0.0,"toll_pct":0.0,"sma_grad":2582,"area_km2":123.0031,"Pred_Reko":1},"geometry":{"type":"Polygon","coordinates":[[[107.29515,-6.62272],[107.29635,-6.62463],[107.30041,-6.62663],[107.30278,-6.62939],[107.30037,-6.63535],[107.30036,-6.63824],[107.2983,-6.6402],[107.2945,-6.64182],[107.29382,-6.64497],[107.29244,-6.64696],[107.29193,-6.64707],[107.29123,-6.64515],[107.28955,-6.64426],[107.28875,-6.64494],[107.28693,-6.64445],[107.28645,-6.6456],[107.27978,-6.64459],[107.27907,-6.64244],[107.2774,-6.64184],[107.27756,-6.64099],[107.2791,-6.64011],[107.27844,-6.6386],[107.27699,-6.63902],[107.27411,-6.6416],[107.27383,-6.63858],[107.27178,-6.63786],[107.27041,-6.63906],[107.26968,-6.6415],[107.26834,-6.64093],[107.26724,-6.64153],[107.26647,-6.63993],[107.26434,-6.63866],[107.26377,-6.63577],[107.26284,-6.63539],[107.26275,-6.63416],[107.25984,-6.6324],[107.25931,-6.63145],[107.2597,-6.63057],[107.25876,-6.62948],[107.25714,-6.63035],[107.25366,-6.62888],[107.2539,-6.62797],[107.25149,-6.62691],[107.2513,-6.62602],[107.24819,-6.62413],[107.24434,-6.62014],[107.24093,-6.61836],[107.2386,-6.61619],[107.23691,-6.61264],[107.23611,-6.60888],[107.23502,-6.60725],[107.23187,-6.60506],[107.2288,-6.60454],[107.22566,-6.60069],[107.22498,-6.59713],[107.22198,-6.59414],[107.22071,-6.59014],[107.225,-6.58465],[107.23602,-6.57724],[107.23885,-6.57609],[107.24528,-6.5749],[107.24613,-6.57413],[107.24762,-6.57438],[107.25006,-6.57304],[107.25072,-6.57048],[107.2549,-6.56284],[107.25669,-6.56209],[107.25889,-6.55861],[107.26189,-6.5571],[107.26299,-6.55579],[107.2645,-6.55544],[107.26522,-6.55252],[107.26685,-6.55153],[107.26703,-6.54659],[107.26851,-6.54554],[107.26916,-6.54302],[107.27201,-6.54024],[107.27308,-6.53607],[107.2781,-6.53538],[107.28154,-6.53172],[107.28406,-6.5308],[107.2857,-6.52387],[107.28797,-6.52261],[107.28904,-6.52083],[107.28888,-6.51744],[107.28979,-6.51469],[107.28906,-6.51306],[107.28905,-6.51005],[107.28767,-6.50748],[107.28915,-6.50384],[107.2886,-6.50318],[107.28914,-6.50173],[107.29951,-6.49581],[107.30122,-6.4955],[107.30243,-6.49324],[107.30582,-6.49105],[107.31968,-6.48779],[107.32162,-6.48627],[107.32628,-6.48525],[107.32753,-6.48445],[107.32891,-6.48018],[107.33916,-6.48025],[107.34026,-6.47932],[107.34476,-6.48037],[107.34618,-6.47969],[107.34743,-6.48017],[107.34868,-6.47979],[107.34937,-6.48084],[107.3507,-6.48128],[107.3501,-6.48475],[107.36332,-6.49507],[107.36982,-6.49754],[107.37537,-6.50205],[107.37732,-6.50472],[107.38173,-6.50718],[107.38463,-6.50774],[107.38535,-6.50814],[107.38544,-6.50909],[107.38886,-6.51119],[107.39038,-6.51121],[107.39029,-6.51338],[107.3887,-6.51779],[107.3894,-6.52086],[107.38882,-6.52475],[107.38572,-6.52742],[107.38489,-6.52981],[107.37832,-6.53375],[107.36912,-6.53631],[107.36324,-6.53587],[107.35172,-6.52852],[107.34777,-6.52688],[107.33512,-6.53212],[107.32587,-6.53438],[107.31512,-6.54328],[107.31395,-6.54514],[107.3105,-6.54826],[107.30543,-6.54936],[107.29982,-6.55341],[107.29996,-6.55798],[107.29869,-6.56982],[107.29968,-6.57345],[107.30155,-6.57587],[107.30085,-6.5796],[107.30146,-6.58585],[107.30039,-6.58858],[107.30079,-6.59065],[107.30031,-6.59728],[107.30102,-6.59989],[107.29988,-6.60216],[107.29727,-6.60506],[107.29648,-6.60716],[107.3011,-6.61184],[107.30206,-6.61528],[107.29832,-6.61711],[107.29597,-6.62022],[107.29515,-6.62272]]]}},{"type":"Feature","properties":{"KODE_KEC":"32.14.12","KECAMATAN":"Babakancikao","KAB_KOTA":"Purwakarta","dist_ind":424.52,"camp_dens":0.0,"toll_pct":0.000323,"sma_grad":1744,"area_km2":47.6748,"Pred_Reko":1},"geometry":{"type":"Polygon","coordinates":[[[107.44659,-6.51589],[107.44673,-6.51716],[107.44858,-6.51786],[107.44852,-6.51853],[107.44637,-6.52251],[107.44588,-6.5248],[107.44361,-6.52756],[107.44284,-6.53092],[107.44188,-6.53087],[107.44307,-6.53324],[107.44295,-6.53425],[107.44098,-6.5335],[107.43923,-6.53185],[107.43666,-6.52731],[107.43426,-6.5291],[107.43211,-6.5285],[107.43091,-6.52901],[107.43024,-6.52774],[107.42925,-6.53152],[107.42794,-6.53028],[107.42545,-6.53125],[107.42524,-6.53012],[107.42708,-6.52632],[107.42659,-6.5237],[107.42422,-6.52203],[107.42313,-6.52296],[107.42199,-6.52558],[107.41955,-6.52464],[107.41868,-6.52303],[107.41868,-6.51785],[107.41648,-6.51781],[107.41501,-6.51706],[107.41437,-6.51218],[107.41216,-6.51114],[107.41133,-6.5098],[107.41138,-6.50855],[107.41305,-6.50664],[107.41212,-6.50535],[107.41025,-6.50423],[107.408,-6.50505],[107.40738,-6.50716],[107.40967,-6.50852],[107.40904,-6.50937],[107.40728,-6.50869],[107.40551,-6.50589],[107.40353,-6.50457],[107.40417,-6.50192],[107.40335,-6.50194],[107.40122,-6.50434],[107.39693,-6.50441],[107.39617,-6.50649],[107.39541,-6.50627],[107.39323,-6.50267],[107.39162,-6.50294],[107.38982,-6.49793],[107.38957,-6.49185],[107.38814,-6.49055],[107.3853,-6.49001],[107.38271,-6.48868],[107.38184,-6.48733],[107.38173,-6.48374],[107.3807,-6.48055],[107.37805,-6.47801],[107.37286,-6.47475],[107.37193,-6.4725],[107.37202,-6.47068],[107.37322,-6.4683],[107.37913,-6.46758],[107.38472,-6.46885],[107.38629,-6.46871],[107.38681,-6.46808],[107.39072,-6.46799],[107.39964,-6.46567],[107.40502,-6.46563],[107.42433,-6.46109],[107.43225,-6.45982],[107.43507,-6.45806],[107.43994,-6.4622],[107.44436,-6.46397],[107.45435,-6.46965],[107.45402,-6.47075],[107.45505,-6.47168],[107.45512,-6.47338],[107.45692,-6.47432],[107.45628,-6.47636],[107.45686,-6.47768],[107.45605,-6.4824],[107.45668,-6.48746],[107.46088,-6.48874],[107.46333,-6.49612],[107.46219,-6.50004],[107.46333,-6.5027],[107.46036,-6.50322],[107.45949,-6.504],[107.45825,-6.50719],[107.45921,-6.5103],[107.45323,-6.51607],[107.44995,-6.5157],[107.44808,-6.51477],[107.44659,-6.51589]]]}},{"type":"Feature","properties":{"KODE_KEC":"32.14.13","KECAMATAN":"Bungursari","KAB_KOTA":"Purwakarta","dist_ind":3291.96,"camp_dens":0.0,"toll_pct":0.000227,"sma_grad":4140,"area_km2":47.0587,"Pred_Reko":2},"geometry":{"type":"Polygon","coordinates":[[[107.47574,-6.50402],[107.47292,-6.50702],[107.47643,-6.50864],[107.47597,-6.5092],[107.4748,-6.50909],[107.47475,-6.51006],[107.47329,-6.51077],[107.4734,-6.51145],[107.47539,-6.51226],[107.47509,-6.51604],[107.47362,-6.51554],[107.47303,-6.51455],[107.47086,-6.51576],[107.46815,-6.51547],[107.46068,-6.5087],[107.45921,-6.5103],[107.45826,-6.50746],[107.45894,-6.50485],[107.46036,-6.50322],[107.46333,-6.5027],[107.46219,-6.50004],[107.46333,-6.49612],[107.46088,-6.48874],[107.45668,-6.48746],[107.45605,-6.4824],[107.45686,-6.47768],[107.45628,-6.47636],[107.45692,-6.47432],[107.45512,-6.47338],[107.45505,-6.47168],[107.45402,-6.47075],[107.45435,-6.46965],[107.44436,-6.46397],[107.43994,-6.4622],[107.4367,-6.45986],[107.43507,-6.45806],[107.43492,-6.45238],[107.43748,-6.4479],[107.44247,-6.44521],[107.44505,-6.43856],[107.45286,-6.44159],[107.45477,-6.44017],[107.45667,-6.43753],[107.45959,-6.43663],[107.46013,-6.43502],[107.46141,-6.43405],[107.46127,-6.43278],[107.45986,-6.43236],[107.46124,-6.42877],[107.46119,-6.42671],[107.46808,-6.4288],[107.47142,-6.42858],[107.47234,-6.43102],[107.47442,-6.43215],[107.47825,-6.43191],[107.48032,-6.43015],[107.48085,-6.42866],[107.48047,-6.42702],[107.49058,-6.41936],[107.49147,-6.41533],[107.49261,-6.41403],[107.49687,-6.41132],[107.49817,-6.41183],[107.50022,-6.40917],[107.50012,-6.40849],[107.50281,-6.4082],[107.50305,-6.40905],[107.50883,-6.41344],[107.51271,-6.41439],[107.52066,-6.41809],[107.52224,-6.41803],[107.52193,-6.42112],[107.52096,-6.42252],[107.52148,-6.4242],[107.52051,-6.42516],[107.5211,-6.42626],[107.51762,-6.42878],[107.51609,-6.42831],[107.51479,-6.4303],[107.51356,-6.43082],[107.51461,-6.4338],[107.51422,-6.43683],[107.51305,-6.43781],[107.51237,-6.437],[107.51084,-6.43952],[107.50984,-6.43805],[107.50924,-6.43827],[107.50806,-6.44097],[107.50738,-6.44113],[107.507,-6.44464],[107.50505,-6.44504],[107.50509,-6.44705],[107.50185,-6.4465],[107.50056,-6.44891],[107.5001,-6.44728],[107.49949,-6.4471],[107.49739,-6.44818],[107.49706,-6.44927],[107.49558,-6.44865],[107.49567,-6.45023],[107.49505,-6.45071],[107.49457,-6.45024],[107.49481,-6.45208],[107.4936,-6.45363],[107.49543,-6.454],[107.49368,-6.45554],[107.49221,-6.45531],[107.49219,-6.45833],[107.49334,-6.45957],[107.49133,-6.45988],[107.49126,-6.46075],[107.49289,-6.46072],[107.49255,-6.46267],[107.49117,-6.4632],[107.49007,-6.46462],[107.48987,-6.46681],[107.49187,-6.46778],[107.49187,-6.47002],[107.49086,-6.47102],[107.48956,-6.4697],[107.48881,-6.46992],[107.48922,-6.47144],[107.48841,-6.47198],[107.48875,-6.4728],[107.48813,-6.47368],[107.4894,-6.4745],[107.48926,-6.47615],[107.49021,-6.478],[107.48824,-6.47926],[107.48884,-6.48064],[107.48796,-6.48244],[107.4885,-6.48336],[107.48728,-6.48367],[107.48809,-6.48579],[107.48694,-6.48554],[107.4854,-6.48677],[107.48718,-6.48707],[107.48843,-6.48991],[107.48858,-6.49187],[107.48672,-6.49243],[107.48376,-6.49482],[107.48312,-6.49602],[107.48363,-6.49771],[107.48213,-6.49733],[107.4798,-6.49496],[107.48051,-6.49732],[107.47959,-6.49876],[107.47798,-6.4976],[107.47558,-6.49785],[107.47548,-6.49846],[107.47677,-6.49898],[107.4774,-6.49998],[107.47722,-6.50103],[107.47817,-6.5013],[107.47854,-6.50231],[107.47653,-6.50463],[107.47574,-6.50402]]]}},{"type":"Feature","properties":{"KODE_KEC":"32.14.10","KECAMATAN":"Pasawahan","KAB_KOTA":"Purwakarta","dist_ind":6662.05,"camp_dens":0.0,"toll_pct":0.0,"sma_grad":2357,"area_km2":30.5919,"Pred_Reko":1},"geometry":{"type":"Polygon","coordinates":[[[107.45932,-6.59814],[107.4604,-6.60011],[107.46308,-6.60086],[107.46301,-6.6032],[107.46101,-6.60516],[107.45899,-6.60373],[107.45772,-6.60366],[107.4563,-6.60396],[107.45368,-6.60602],[107.44937,-6.60387],[107.45054,-6.60129],[107.44949,-6.59745],[107.44956,-6.59548],[107.45029,-6.59423],[107.44839,-6.59314],[107.44794,-6.59149],[107.44892,-6.58978],[107.45053,-6.58252],[107.45222,-6.5808],[107.45132,-6.58003],[107.45122,-6.57732],[107.44954,-6.5762],[107.44683,-6.57235],[107.45464,-6.57044],[107.45634,-6.56922],[107.45592,-6.56751],[107.45654,-6.56802],[107.45735,-6.56643],[107.45932,-6.56685],[107.4604,-6.56567],[107.46057,-6.56447],[107.46145,-6.56447],[107.46093,-6.56346],[107.46118,-6.56183],[107.45849,-6.56038],[107.46025,-6.5585],[107.45957,-6.55587],[107.46135,-6.55512],[107.46431,-6.55601],[107.46443,-6.555],[107.46579,-6.55409],[107.46483,-6.55244],[107.46701,-6.55254],[107.46789,-6.5533],[107.47122,-6.55211],[107.47144,-6.54529],[107.47411,-6.54035],[107.4775,-6.54099],[107.48253,-6.53924],[107.48364,-6.53954],[107.48517,-6.54074],[107.48568,-6.5442],[107.48501,-6.54589],[107.48346,-6.54632],[107.48501,-6.54732],[107.48879,-6.54773],[107.48956,-6.5509],[107.49392,-6.55359],[107.49792,-6.55508],[107.50352,-6.5554],[107.50223,-6.55893],[107.50352,-6.56044],[107.50364,-6.5632],[107.50291,-6.56412],[107.50373,-6.56472],[107.50098,-6.56727],[107.50201,-6.56782],[107.50504,-6.56632],[107.50655,-6.56658],[107.50672,-6.56718],[107.50605,-6.56846],[107.50361,-6.5696],[107.50318,-6.57068],[107.50441,-6.5712],[107.50601,-6.57032],[107.50664,-6.57178],[107.50762,-6.57197],[107.50843,-6.57315],[107.50953,-6.57241],[107.50942,-6.57096],[107.51003,-6.57038],[107.51069,-6.57068],[107.51141,-6.57284],[107.51264,-6.57177],[107.5156,-6.57225],[107.51569,-6.57394],[107.51416,-6.57588],[107.51392,-6.57738],[107.51274,-6.57781],[107.51237,-6.57943],[107.50857,-6.58131],[107.5083,-6.58208],[107.50661,-6.58254],[107.50557,-6.58402],[107.5075,-6.58709],[107.50733,-6.58793],[107.50845,-6.58845],[107.5085,-6.58944],[107.5094,-6.58913],[107.51005,-6.59026],[107.51053,-6.59348],[107.50647,-6.59547],[107.50333,-6.5959],[107.50097,-6.59704],[107.4977,-6.59448],[107.49635,-6.59452],[107.49476,-6.59672],[107.49356,-6.59721],[107.49083,-6.59587],[107.49029,-6.59427],[107.49152,-6.59055],[107.49035,-6.58918],[107.48915,-6.5893],[107.48015,-6.59096],[107.47885,-6.59205],[107.47983,-6.59356],[107.47885,-6.59505],[107.47628,-6.59384],[107.47597,-6.59481],[107.47244,-6.59512],[107.47269,-6.59279],[107.47216,-6.59271],[107.47128,-6.59436],[107.46884,-6.59638],[107.46773,-6.59518],[107.46756,-6.59397],[107.46645,-6.59442],[107.4667,-6.59745],[107.46553,-6.59658],[107.46373,-6.59653],[107.46348,-6.59749],[107.46233,-6.5976],[107.46219,-6.59821],[107.46001,-6.59785],[107.45932,-6.59814]]]}},{"type":"Feature","properties":{"KODE_KEC":"32.14.11","KECAMATAN":"Bojong","KAB_KOTA":"Purwakarta","dist_ind":15947.3,"camp_dens":0.0,"toll_pct":0.0,"sma_grad":2401,"area_km2":73.6769,"Pred_Reko":1},"geometry":{"type":"Polygon","coordinates":[[[107.51708,-6.73208],[107.51498,-6.73253],[107.5148,-6.73146],[107.51292,-6.73003],[107.50999,-6.72984],[107.50854,-6.7281],[107.50545,-6.72751],[107.50518,-6.72661],[107.50217,-6.72578],[107.50158,-6.72428],[107.50037,-6.72484],[107.50032,-6.72603],[107.49869,-6.7257],[107.49785,-6.72331],[107.49669,-6.72221],[107.49461,-6.72155],[107.49206,-6.72251],[107.49051,-6.72154],[107.49044,-6.72046],[107.49115,-6.71983],[107.49063,-6.71882],[107.49193,-6.71853],[107.49387,-6.71275],[107.4922,-6.70888],[107.49281,-6.70867],[107.49277,-6.70769],[107.49361,-6.70769],[107.49325,-6.70306],[107.49227,-6.70147],[107.4907,-6.70106],[107.48999,-6.6967],[107.48641,-6.69462],[107.48594,-6.69269],[107.48266,-6.68864],[107.47908,-6.68682],[107.47965,-6.68503],[107.47771,-6.68349],[107.47721,-6.68199],[107.47466,-6.67997],[107.47497,-6.67905],[107.47064,-6.6751],[107.46971,-6.6757],[107.46775,-6.67341],[107.46772,-6.66868],[107.47045,-6.66095],[107.46941,-6.6502],[107.47033,-6.64804],[107.46817,-6.64443],[107.4678,-6.63924],[107.46858,-6.63725],[107.46751,-6.63624],[107.46721,-6.63462],[107.46803,-6.63354],[107.47289,-6.63276],[107.48483,-6.62911],[107.48587,-6.62986],[107.486,-6.63122],[107.48984,-6.63281],[107.48994,-6.63394],[107.49246,-6.63354],[107.49463,-6.63849],[107.49423,-6.63978],[107.49656,-6.64197],[107.49989,-6.64319],[107.49936,-6.64463],[107.50164,-6.64868],[107.50179,-6.65151],[107.5037,-6.65343],[107.50337,-6.65681],[107.50258,-6.65791],[107.50325,-6.65848],[107.5027,-6.65927],[107.50341,-6.66],[107.50345,-6.66371],[107.5048,-6.66778],[107.50601,-6.66782],[107.51015,-6.66601],[107.51263,-6.66325],[107.52075,-6.66171],[107.52271,-6.65994],[107.52545,-6.65905],[107.52613,-6.65751],[107.5281,-6.65681],[107.52855,-6.65903],[107.53282,-6.66246],[107.5335,-6.66421],[107.53718,-6.66798],[107.53785,-6.67009],[107.53716,-6.67052],[107.53767,-6.67196],[107.53653,-6.67405],[107.53692,-6.67593],[107.53645,-6.67946],[107.53542,-6.67934],[107.5344,-6.68093],[107.53341,-6.68099],[107.53369,-6.6825],[107.53209,-6.68726],[107.53122,-6.68694],[107.53105,-6.68814],[107.52973,-6.68817],[107.52941,-6.68876],[107.5304,-6.68916],[107.53059,-6.68996],[107.52887,-6.69175],[107.52905,-6.69464],[107.52777,-6.69548],[107.52724,-6.69788],[107.52545,-6.6985],[107.52656,-6.69876],[107.52819,-6.70167],[107.53009,-6.70213],[107.53089,-6.70325],[107.53198,-6.70291],[107.53177,-6.70396],[107.53359,-6.70508],[107.53361,-6.70694],[107.53463,-6.70716],[107.53474,-6.70889],[107.53643,-6.70886],[107.53644,-6.71143],[107.53555,-6.71425],[107.5382,-6.71508],[107.53872,-6.71487],[107.53849,-6.71377],[107.54071,-6.71371],[107.54161,-6.71535],[107.54161,-6.71688],[107.54878,-6.7158],[107.55127,-6.7195],[107.55495,-6.72178],[107.55687,-6.72791],[107.55925,-6.72899],[107.56272,-6.73311],[107.56414,-6.73299],[107.5709,-6.73652],[107.57053,-6.73932],[107.56834,-6.74321],[107.56803,-6.74766],[107.56674,-6.74992],[107.56569,-6.75022],[107.56528,-6.75105],[107.56292,-6.7517],[107.56216,-6.75302],[107.56235,-6.76067],[107.5639,-6.76179],[107.564,-6.7641],[107.56326,-6.76598],[107.56341,-6.76779],[107.56206,-6.76921],[107.56224,-6.77114],[107.56136,-6.77315],[107.55868,-6.77238],[107.55482,-6.77456],[107.54928,-6.77265],[107.54782,-6.77033],[107.5449,-6.76825],[107.545,-6.76753],[107.54407,-6.76661],[107.54097,-6.76455],[107.54095,-6.76342],[107.53898,-6.76081],[107.53724,-6.75658],[107.52404,-6.74864],[107.52129,-6.74652],[107.51951,-6.74361],[107.51872,-6.74367],[107.51821,-6.74174],[107.51769,-6.74217],[107.51709,-6.74158],[107.51658,-6.73979],[107.51485,-6.73787],[107.51585,-6.73661],[107.51679,-6.73683],[107.51792,-6.73627],[107.51677,-6.7363],[107.51608,-6.73463],[107.51658,-6.73435],[107.51538,-6.73371],[107.51568,-6.73313],[107.51797,-6.7331],[107.51799,-6.73249],[107.51708,-6.73208]]]}},{"type":"Feature","properties":{"KODE_KEC":"31.75.01","KECAMATAN":"Matraman","KAB_KOTA":"Kota Administrasi Jakarta Timur","dist_ind":5416.15,"camp_dens":0.6174,"toll_pct":0.000701,"sma_grad":3703,"area_km2":4.8588,"Pred_Reko":2},"geometry":{"type":"Polygon","coordinates":[[[106.8733,-6.20139],[106.87422,-6.21491],[106.86757,-6.21497],[106.86305,-6.21157],[106.85813,-6.21313],[106.85697,-6.21185],[106.85463,-6.21124],[106.8491,-6.20758],[106.85013,-6.20557],[106.85369,-6.20659],[106.85501,-6.20591],[106.8558,-6.20427],[106.85532,-6.20256],[106.85272,-6.20188],[106.85151,-6.20245],[106.85107,-6.20162],[106.86062,-6.19464],[106.8649,-6.19265],[106.87242,-6.19196],[106.87513,-6.1923],[106.8733,-6.20139]]]}},{"type":"Feature","properties":{"KODE_KEC":"31.75.02","KECAMATAN":"Pulogadung","KAB_KOTA":"Kota Administrasi Jakarta Timur","dist_ind":2765.05,"camp_dens":0.8049,"toll_pct":0.000207,"sma_grad":3665,"area_km2":14.9091,"Pred_Reko":2},"geometry":{"type":"Polygon","coordinates":[[[106.88785,-6.21401],[106.87422,-6.21491],[106.8733,-6.20139],[106.87532,-6.19106],[106.87617,-6.17554],[106.8789,-6.16642],[106.88135,-6.16726],[106.891,-6.17313],[106.89638,-6.178],[106.90131,-6.17855],[106.91033,-6.1823],[106.90583,-6.18661],[106.90646,-6.18936],[106.90468,-6.20177],[106.90234,-6.20701],[106.90081,-6.2133],[106.89186,-6.21314],[106.88785,-6.21401]]]}},{"type":"Feature","properties":{"KODE_KEC":"31.75.05","KECAMATAN":"Pasar Rebo","KAB_KOTA":"Kota Administrasi Jakarta Timur","dist_ind":15379.56,"camp_dens":0.0802,"toll_pct":0.000113,"sma_grad":3037,"area_km2":12.4753,"Pred_Reko":1},"geometry":{"type":"Polygon","coordinates":[[[106.87285,-6.33967],[106.8721,-6.33979],[106.87246,-6.34038],[106.87138,-6.34098],[106.87253,-6.34212],[106.87217,-6.3434],[106.87324,-6.34386],[106.87186,-6.34579],[106.86963,-6.34708],[106.86987,-6.34818],[106.86874,-6.34859],[106.86938,-6.34967],[106.86855,-6.35113],[106.86975,-6.35155],[106.86944,-6.35306],[106.86903,-6.35363],[106.86837,-6.35301],[106.86785,-6.35446],[106.86608,-6.35604],[106.86276,-6.35627],[106.86226,-6.35721],[106.86056,-6.35541],[106.86195,-6.35381],[106.85928,-6.3514],[106.85913,-6.3503],[106.85716,-6.35058],[106.8578,-6.34808],[106.85674,-6.34708],[106.8559,-6.34751],[106.85415,-6.34651],[106.85396,-6.34532],[106.85474,-6.344],[106.85398,-6.34291],[106.85207,-6.34285],[106.85156,-6.3413],[106.8493,-6.33929],[106.84944,-6.33852],[106.84798,-6.33802],[106.84898,-6.3377],[106.84901,-6.33694],[106.84179,-6.33683],[106.84148,-6.33595],[106.83984,-6.33565],[106.84007,-6.33229],[106.84345,-6.33176],[106.84021,-6.32931],[106.84131,-6.32677],[106.84222,-6.32769],[106.84315,-6.32611],[106.84144,-6.32355],[106.84005,-6.32276],[106.84096,-6.32149],[106.83871,-6.32153],[106.83868,-6.32011],[106.84043,-6.31842],[106.84232,-6.31799],[106.84386,-6.31839],[106.84428,-6.31665],[106.84633,-6.31695],[106.84808,-6.31515],[106.8489,-6.31565],[106.84853,-6.3171],[106.84684,-6.31809],[106.84926,-6.31885],[106.84951,-6.31751],[106.85179,-6.31598],[106.85124,-6.31463],[106.85244,-6.31105],[106.85464,-6.31238],[106.855,-6.31387],[106.85833,-6.31121],[106.85683,-6.31002],[106.85771,-6.30786],[106.8574,-6.3064],[106.85852,-6.30544],[106.85463,-6.30308],[106.85485,-6.29963],[106.8525,-6.29992],[106.85159,-6.3011],[106.84962,-6.29912],[106.85207,-6.29914],[106.8521,-6.2979],[106.85072,-6.29701],[106.85049,-6.296],[106.85417,-6.29614],[106.85453,-6.29352],[106.8552,-6.29345],[106.85586,-6.29449],[106.85573,-6.29283],[106.8595,-6.29224],[106.86038,-6.29398],[106.86484,-6.29393],[106.86553,-6.29794],[106.86696,-6.29833],[106.86673,-6.29918],[106.86915,-6.30005],[106.8658,-6.30449],[106.86225,-6.31079],[106.86499,-6.32076],[106.86353,-6.32679],[106.86726,-6.33209],[106.86816,-6.33771],[106.87137,-6.33851],[106.87285,-6.33967]]]}},{"type":"Feature","properties":{"KODE_KEC":"31.75.06","KECAMATAN":"Cakung","KAB_KOTA":"Kota Administrasi Jakarta Timur","dist_ind":3273.97,"camp_dens":0.0,"toll_pct":0.000559,"sma_grad":5114,"area_km2":41.2778,"Pred_Reko":2},"geometry":{"type":"Polygon","coordinates":[[[106.96756,-6.19865],[106.96606,-6.20113],[106.96653,-6.20308],[106.96569,-6.20487],[106.96631,-6.20527],[106.96585,-6.20581],[106.96624,-6.20693],[106.96298,-6.21112],[106.96282,-6.21217],[106.96134,-6.21169],[106.95902,-6.21234],[106.95771,-6.21767],[106.95704,-6.21815],[106.95406,-6.21748],[106.95379,-6.21921],[106.90708,-6.2136],[106.90081,-6.2133],[106.90234,-6.20701],[106.90468,-6.20177],[106.90646,-6.18936],[106.90604,-6.18626],[106.91033,-6.1823],[106.9225,-6.18312],[106.92164,-6.1805],[106.92193,-6.17803],[106.92038,-6.16997],[106.92216,-6.16123],[106.92794,-6.16054],[106.92976,-6.15961],[106.93313,-6.15911],[106.93353,-6.15799],[106.93577,-6.15853],[106.93871,-6.15285],[106.94016,-6.15135],[106.94038,-6.15522],[106.94433,-6.15502],[106.94438,-6.16294],[106.94867,-6.16314],[106.94879,-6.1623],[106.95087,-6.1622],[106.9522,-6.15989],[106.95269,-6.16006],[106.95324,-6.15832],[106.95427,-6.15766],[106.957,-6.15838],[106.9586,-6.15951],[106.95862,-6.15888],[106.961,-6.15833],[106.96098,-6.15573],[106.96348,-6.15629],[106.96855,-6.15452],[106.97151,-6.15433],[106.97214,-6.1654],[106.97158,-6.16894],[106.97262,-6.16939],[106.97202,-6.17074],[106.97238,-6.17288],[106.97303,-6.17322],[106.97257,-6.17368],[106.97291,-6.17904],[106.97339,-6.17923],[106.97247,-6.18536],[106.97321,-6.18558],[106.973,-6.18944],[106.97195,-6.18956],[106.97214,-6.19097],[106.97141,-6.19246],[106.97064,-6.19212],[106.97059,-6.19521],[106.97002,-6.19534],[106.97052,-6.1979],[106.96756,-6.19865]]]}},{"type":"Feature","properties":{"KODE_KEC":"31.75.03","KECAMATAN":"Jatinegara","KAB_KOTA":"Kota Administrasi Jakarta Timur","dist_ind":5042.68,"camp_dens":0.6764,"toll_pct":0.001431,"sma_grad":3963,"area_km2":10.3484,"Pred_Reko":2},"geometry":{"type":"Polygon","coordinates":[[[106.87789,-6.24033],[106.87723,-6.24299],[106.87527,-6.24641],[106.86528,-6.24339],[106.86254,-6.24312],[106.86308,-6.23881],[106.86398,-6.23714],[106.86536,-6.23693],[106.86613,-6.23885],[106.86687,-6.23906],[106.86654,-6.23707],[106.86528,-6.23517],[106.86643,-6.23436],[106.86539,-6.23257],[106.86328,-6.23083],[106.8649,-6.22866],[106.86478,-6.22683],[106.86354,-6.22478],[106.86529,-6.22441],[106.8655,-6.22364],[106.86298,-6.21979],[106.86175,-6.21984],[106.86132,-6.22185],[106.8601,-6.22129],[106.86345,-6.2162],[106.86024,-6.2173],[106.85864,-6.2163],[106.85749,-6.21766],[106.85635,-6.21655],[106.85687,-6.21464],[106.85826,-6.21363],[106.85813,-6.21313],[106.86303,-6.21157],[106.86724,-6.21487],[106.87203,-6.21499],[106.89579,-6.2132],[106.89619,-6.21626],[106.8951,-6.21817],[106.89622,-6.21949],[106.89599,-6.22063],[106.89377,-6.22256],[106.89284,-6.22644],[106.89144,-6.2273],[106.89168,-6.22846],[106.88999,-6.22985],[106.89005,-6.23117],[106.89145,-6.23242],[106.89204,-6.23579],[106.89295,-6.23537],[106.89216,-6.23952],[106.87789,-6.24033]]]}},{"type":"Feature","properties":{"KODE_KEC":"31.75.04","KECAMATAN":"Kramatjati","KAB_KOTA":"Kota Administrasi Jakarta Timur","dist_ind":10041.34,"camp_dens":0.3059,"toll_pct":0.00081,"sma_grad":4244,"area_km2":13.0746,"Pred_Reko":2},"geometry":{"type":"Polygon","coordinates":[[[106.87357,-6.27664],[106.88235,-6.29807],[106.88416,-6.30559],[106.87927,-6.30641],[106.87921,-6.30535],[106.87817,-6.30495],[106.8771,-6.30226],[106.87507,-6.30192],[106.87454,-6.29988],[106.87365,-6.30072],[106.87312,-6.30038],[106.87279,-6.29904],[106.8741,-6.29804],[106.87385,-6.29724],[106.87442,-6.29726],[106.87416,-6.29647],[106.87517,-6.29588],[106.87526,-6.29506],[106.87384,-6.29464],[106.87373,-6.293],[106.87313,-6.29269],[106.87409,-6.2915],[106.87216,-6.28908],[106.87211,-6.28743],[106.87065,-6.287],[106.87202,-6.29355],[106.87098,-6.29748],[106.86915,-6.30005],[106.86673,-6.29918],[106.86696,-6.29833],[106.86553,-6.29794],[106.86484,-6.29393],[106.86038,-6.29398],[106.8595,-6.29224],[106.85573,-6.29283],[106.85586,-6.29449],[106.8552,-6.29345],[106.85453,-6.29352],[106.8546,-6.29434],[106.85372,-6.29376],[106.85242,-6.29478],[106.85439,-6.29043],[106.85182,-6.29113],[106.85127,-6.29284],[106.85068,-6.29286],[106.84936,-6.29045],[106.8508,-6.28974],[106.85122,-6.28839],[106.8503,-6.28791],[106.84912,-6.28847],[106.84766,-6.28691],[106.8474,-6.28537],[106.84883,-6.28369],[106.84754,-6.28309],[106.8504,-6.27976],[106.84777,-6.28004],[106.84679,-6.27888],[106.84919,-6.27658],[106.85161,-6.27625],[106.85193,-6.27515],[106.85133,-6.27364],[106.8534,-6.27329],[106.85363,-6.27195],[106.85675,-6.27259],[106.85657,-6.27177],[106.85488,-6.27047],[106.85514,-6.26961],[106.85567,-6.27034],[106.85658,-6.2703],[106.85531,-6.26613],[106.85395,-6.26509],[106.85716,-6.26387],[106.85427,-6.26232],[106.85524,-6.26175],[106.8568,-6.26284],[106.85926,-6.26274],[106.86049,-6.25758],[106.85933,-6.25676],[106.86075,-6.25528],[106.85962,-6.2544],[106.85789,-6.25528],[106.85755,-6.25438],[106.85803,-6.25251],[106.86014,-6.25099],[106.86123,-6.25407],[106.86276,-6.25346],[106.86217,-6.25061],[106.86404,-6.24945],[106.86206,-6.24639],[106.86254,-6.24312],[106.86528,-6.24339],[106.87527,-6.24641],[106.87239,-6.25453],[106.87324,-6.2596],[106.8727,-6.27251],[106.87357,-6.27664]]]}},{"type":"Feature","properties":{"KODE_KEC":"31.75.09","KECAMATAN":"Ciracas","KAB_KOTA":"Kota Administrasi Jakarta Timur","dist_ind":15394.25,"camp_dens":0.2374,"toll_pct":0.000939,"sma_grad":4810,"area_km2":16.8498,"Pred_Reko":2},"geometry":{"type":"Polygon","coordinates":[[[106.88743,-6.33197],[106.89565,-6.37143],[106.88904,-6.36794],[106.88742,-6.37261],[106.88468,-6.37251],[106.88478,-6.37201],[106.88311,-6.3716],[106.88363,-6.37034],[106.88266,-6.36991],[106.8831,-6.36833],[106.8839,-6.36779],[106.88322,-6.36585],[106.88368,-6.365],[106.88238,-6.36488],[106.8822,-6.36628],[106.88101,-6.36661],[106.88066,-6.36456],[106.87952,-6.3647],[106.87793,-6.36315],[106.87899,-6.3611],[106.87664,-6.36194],[106.87368,-6.36092],[106.87271,-6.36125],[106.87133,-6.36004],[106.8723,-6.35875],[106.87201,-6.35788],[106.87295,-6.3576],[106.87426,-6.35591],[106.87247,-6.3551],[106.87205,-6.35374],[106.87105,-6.35363],[106.87162,-6.35318],[106.87104,-6.35271],[106.87023,-6.35284],[106.86945,-6.35443],[106.86868,-6.35345],[106.86944,-6.35306],[106.86979,-6.35171],[106.86855,-6.35113],[106.86938,-6.34967],[106.86878,-6.34849],[106.86987,-6.34818],[106.86963,-6.34708],[106.87186,-6.34579],[106.87329,-6.34372],[106.87217,-6.3434],[106.87253,-6.34212],[106.87138,-6.34098],[106.87246,-6.34038],[106.8721,-6.33979],[106.87287,-6.33966],[106.87137,-6.33851],[106.86816,-6.33771],[106.86726,-6.33209],[106.86374,-6.32748],[106.86358,-6.32586],[106.86499,-6.32076],[106.86221,-6.31141],[106.86562,-6.30478],[106.87004,-6.2992],[106.8716,-6.29578],[106.87201,-6.29314],[106.87065,-6.287],[106.87211,-6.28743],[106.87216,-6.28908],[106.87409,-6.2915],[106.87313,-6.29269],[106.87373,-6.293],[106.87384,-6.29464],[106.87526,-6.29506],[106.87517,-6.29588],[106.87416,-6.29647],[106.87442,-6.29726],[106.87385,-6.29724],[106.8741,-6.29804],[106.87279,-6.29904],[106.8732,-6.30049],[106.87454,-6.29988],[106.87507,-6.30192],[106.8771,-6.30226],[106.87817,-6.30495],[106.87921,-6.30535],[106.87927,-6.30641],[106.88416,-6.30559],[106.88681,-6.31783],[106.88743,-6.33197]]]}},{"type":"Feature","properties":{"KODE_KEC":"31.75.07","KECAMATAN":"Duren Sawit","KAB_KOTA":"Kota Administrasi Jakarta Timur","dist_ind":3775.23,"camp_dens":0.1359,"toll_pct":0.000385,"sma_grad":5314,"area_km2":22.0794,"Pred_Reko":2},"geometry":{"type":"Polygon","coordinates":[[[106.94274,-6.23754],[106.9428,-6.23869],[106.94362,-6.23917],[106.94371,-6.24383],[106.94491,-6.2438],[106.94499,-6.2455],[106.94401,-6.24531],[106.94443,-6.24667],[106.94373,-6.24936],[106.944,-6.2524],[106.94177,-6.25267],[106.94083,-6.25359],[106.93586,-6.25313],[106.93478,-6.25366],[106.93111,-6.25361],[106.93096,-6.25427],[106.92721,-6.25409],[106.92176,-6.2551],[106.92039,-6.25298],[106.92052,-6.25041],[106.92118,-6.25026],[106.92104,-6.24785],[106.91364,-6.24835],[106.90637,-6.24661],[106.89897,-6.24391],[106.8945,-6.24026],[106.89216,-6.23952],[106.89295,-6.23537],[106.89204,-6.23579],[106.89145,-6.23242],[106.89005,-6.23117],[106.88999,-6.22985],[106.89168,-6.22846],[106.89144,-6.2273],[106.89284,-6.22644],[106.89377,-6.22256],[106.89599,-6.22063],[106.89622,-6.21949],[106.8951,-6.21817],[106.89619,-6.21626],[106.89579,-6.2132],[106.90708,-6.2136],[106.95158,-6.21908],[106.94882,-6.22201],[106.9475,-6.22556],[106.94554,-6.23687],[106.94457,-6.23667],[106.94274,-6.23754]]]}},{"type":"Feature","properties":{"KODE_KEC":"31.75.08","KECAMATAN":"Makasar","KAB_KOTA":"Kota Administrasi Jakarta Timur","dist_ind":7821.37,"camp_dens":0.1394,"toll_pct":0.001275,"sma_grad":4352,"area_km2":21.5256,"Pred_Reko":2},"geometry":{"type":"Polygon","coordinates":[[[106.88814,-6.29058],[106.89061,-6.29633],[106.89281,-6.29718],[106.8928,-6.29831],[106.89479,-6.29831],[106.89497,-6.299],[106.89214,-6.29897],[106.89258,-6.30255],[106.88335,-6.30212],[106.88235,-6.29807],[106.87308,-6.27492],[106.87262,-6.2703],[106.87324,-6.2596],[106.87239,-6.25453],[106.87796,-6.24003],[106.89308,-6.23962],[106.89897,-6.24391],[106.90637,-6.24661],[106.91364,-6.24835],[106.92104,-6.24785],[106.92109,-6.25049],[106.92052,-6.25041],[106.92049,-6.25122],[106.91782,-6.25178],[106.9176,-6.25231],[106.91858,-6.25258],[106.9187,-6.25381],[106.91827,-6.25487],[106.91713,-6.25484],[106.91696,-6.25628],[106.91477,-6.25693],[106.91476,-6.25621],[106.91304,-6.2561],[106.91198,-6.25509],[106.91009,-6.2554],[106.91041,-6.25804],[106.90536,-6.26024],[106.90435,-6.26205],[106.90556,-6.26333],[106.90505,-6.26338],[106.9053,-6.26453],[106.90477,-6.26466],[106.90457,-6.26617],[106.90563,-6.26883],[106.90424,-6.27034],[106.9055,-6.27031],[106.90569,-6.27131],[106.90708,-6.27227],[106.90839,-6.27201],[106.90856,-6.27283],[106.90968,-6.27223],[106.91006,-6.2727],[106.90914,-6.27439],[106.9086,-6.27899],[106.90895,-6.28087],[106.90793,-6.28244],[106.90874,-6.28437],[106.9001,-6.28536],[106.89626,-6.28946],[106.88814,-6.29058]]]}},{"type":"Feature","properties":{"KODE_KEC":"31.75.10","KECAMATAN":"Cipayung","KAB_KOTA":"Kota Administrasi Jakarta Timur","dist_ind":13997.74,"camp_dens":0.1443,"toll_pct":0.000721,"sma_grad":3201,"area_km2":27.7272,"Pred_Reko":2},"geometry":{"type":"Polygon","coordinates":[[[106.91873,-6.34185],[106.91859,-6.34262],[106.91945,-6.34362],[106.91729,-6.34381],[106.91721,-6.34629],[106.9159,-6.34633],[106.91724,-6.34788],[106.91612,-6.34889],[106.91782,-6.35044],[106.9165,-6.3514],[106.91731,-6.35299],[106.91542,-6.35497],[106.91713,-6.35652],[106.91541,-6.35675],[106.91481,-6.35827],[106.9136,-6.35884],[106.91445,-6.35916],[106.91428,-6.36019],[106.91552,-6.36057],[106.91475,-6.36177],[106.91622,-6.36277],[106.91489,-6.36323],[106.9145,-6.36529],[106.91044,-6.36376],[106.90867,-6.36223],[106.9092,-6.36175],[106.9086,-6.36118],[106.90689,-6.36073],[106.9073,-6.35971],[106.90602,-6.35966],[106.9052,-6.36292],[106.89996,-6.36919],[106.90163,-6.36927],[106.90128,-6.37021],[106.8976,-6.36882],[106.89681,-6.36985],[106.89614,-6.36932],[106.89635,-6.37176],[106.89565,-6.37143],[106.88743,-6.33197],[106.88681,-6.31783],[106.88335,-6.30212],[106.89258,-6.30255],[106.89214,-6.29897],[106.89497,-6.29897],[106.89479,-6.29831],[106.8928,-6.29831],[106.89281,-6.29718],[106.89061,-6.29633],[106.88814,-6.29058],[106.89626,-6.28946],[106.9001,-6.28536],[106.90874,-6.28437],[106.90902,-6.28558],[106.91009,-6.2859],[106.90951,-6.28655],[106.91053,-6.28697],[106.90998,-6.28736],[106.91009,-6.2896],[106.90943,-6.29073],[106.9106,-6.28979],[106.91085,-6.29082],[106.91181,-6.29025],[106.91045,-6.2914],[106.91075,-6.29221],[106.91128,-6.29228],[106.91133,-6.29139],[106.91173,-6.29191],[106.91025,-6.29357],[106.91034,-6.2942],[106.91246,-6.29462],[106.91112,-6.29586],[106.91186,-6.29643],[106.9119,-6.29822],[106.91358,-6.29891],[106.91363,-6.29815],[106.91539,-6.29712],[106.917,-6.2982],[106.91768,-6.29803],[106.91802,-6.29973],[106.91914,-6.29896],[106.9193,-6.30072],[106.92039,-6.30001],[106.92086,-6.30046],[106.92061,-6.30166],[106.92178,-6.30339],[106.92177,-6.30496],[106.92156,-6.30743],[106.92096,-6.30725],[106.92065,-6.30824],[106.92121,-6.30938],[106.92062,-6.31204],[106.92184,-6.31254],[106.92282,-6.31425],[106.92192,-6.31568],[106.92203,-6.31758],[106.92072,-6.31836],[106.92119,-6.31929],[106.92056,-6.32127],[106.92166,-6.32286],[106.92153,-6.32414],[106.92056,-6.32504],[106.91904,-6.32526],[106.91924,-6.32634],[106.91832,-6.32725],[106.92004,-6.32768],[106.92095,-6.33078],[106.92061,-6.33301],[106.91971,-6.33366],[106.91967,-6.33674],[106.91908,-6.33718],[106.91958,-6.33866],[106.91823,-6.3393],[106.91972,-6.34134],[106.91873,-6.34185]]]}},{"type":"Feature","properties":{"KODE_KEC":"36.04.13","KECAMATAN":"Tirtayasa","KAB_KOTA":"Serang","dist_ind":19981.53,"camp_dens":0.0,"toll_pct":0.0,"sma_grad":3001,"area_km2":59.6791,"Pred_Reko":1},"geometry":{"type":"MultiPolygon","coordinates":[[[[106.31504,-6.0333],[106.31383,-6.03467],[106.31306,-6.03433],[106.30727,-6.02842],[106.3061,-6.02803],[106.30362,-6.02828],[106.3029,-6.02894],[106.30438,-6.03153],[106.30413,-6.03252],[106.30295,-6.03277],[106.30095,-6.03045],[106.29935,-6.0311],[106.29816,-6.03055],[106.29666,-6.0277],[106.29481,-6.02737],[106.29143,-6.02824],[106.29102,-6.0276],[106.29182,-6.02553],[106.29153,-6.02446],[106.2875,-6.02481],[106.28648,-6.02405],[106.28591,-6.02072],[106.28384,-6.01943],[106.28504,-6.01818],[106.28838,-6.01759],[106.28892,-6.01611],[106.28818,-6.01513],[106.28471,-6.01391],[106.28545,-6.00873],[106.28464,-6.00565],[106.28261,-6.0041],[106.27902,-6.00351],[106.27887,-6.0],[106.2773,-5.99749],[106.26741,-5.99149],[106.26436,-5.98649],[106.26477,-5.98522],[106.26681,-5.98389],[106.26676,-5.98276],[106.2638,-5.98166],[106.26316,-5.98032],[106.26395,-5.9772],[106.26363,-5.97194],[106.26272,-5.97126],[106.26117,-5.97176],[106.26007,-5.97136],[106.25956,-5.97003],[106.26081,-5.96935],[106.2609,-5.96829],[106.25887,-5.96874],[106.25851,-5.96633],[106.2576,-5.96502],[106.25665,-5.96441],[106.25436,-5.96452],[106.25293,-5.96315],[106.25512,-5.9624],[106.25702,-5.96052],[106.26202,-5.96073],[106.26505,-5.95889],[106.26376,-5.96085],[106.26475,-5.96195],[106.26649,-5.96246],[106.2665,-5.96376],[106.27494,-5.96613],[106.28587,-5.96646],[106.29436,-5.96892],[106.29527,-5.96822],[106.29878,-5.96878],[106.30235,-5.96804],[106.30543,-5.96819],[106.3088,-5.96981],[106.30945,-5.97043],[106.30936,-5.97152],[106.31223,-5.97337],[106.31436,-5.9764],[106.31553,-5.97663],[106.31601,-5.97773],[106.32299,-5.98269],[106.3277,-5.98473],[106.32907,-5.98267],[106.33027,-5.98248],[106.33041,-5.98465],[106.33292,-5.98589],[106.33292,-5.98647],[106.3339,-5.98582],[106.33548,-5.98593],[106.33717,-5.9842],[106.33518,-5.98483],[106.33479,-5.9844],[106.33714,-5.98364],[106.3341,-5.98321],[106.33479,-5.98122],[106.33579,-5.98142],[106.34025,-5.97836],[106.34074,-5.97866],[106.34126,-5.97777],[106.34205,-5.97816],[106.34293,-5.97711],[106.34349,-5.97739],[106.34468,-5.97553],[106.34525,-5.97588],[106.34703,-5.97305],[106.3461,-5.97181],[106.34691,-5.96925],[106.35002,-5.96599],[106.35034,-5.96392],[106.35133,-5.9629],[106.35608,-5.96202],[106.3563,-5.96414],[106.3554,-5.97],[106.35623,-5.97364],[106.35771,-5.97443],[106.35929,-5.97261],[106.36015,-5.96785],[106.36205,-5.96508],[106.36305,-5.96424],[106.36434,-5.96509],[106.36334,-5.96632],[106.36294,-5.96889],[106.36493,-5.97703],[106.36397,-5.97878],[106.36003,-5.9818],[106.36009,-5.98334],[106.35858,-5.98741],[106.35839,-5.99155],[106.35956,-5.99417],[106.3595,-5.99551],[106.35794,-5.99689],[106.35409,-5.99776],[106.35313,-5.99894],[106.35328,-5.99976],[106.35476,-6.00026],[106.35578,-6.00363],[106.35687,-6.00415],[106.35719,-6.00677],[106.35332,-6.01189],[106.35444,-6.01222],[106.35477,-6.01602],[106.35296,-6.01559],[106.35191,-6.01712],[106.35074,-6.0168],[106.35032,-6.01833],[106.35002,-6.01748],[106.34919,-6.01731],[106.34759,-6.01811],[106.34681,-6.01755],[106.34663,-6.0186],[106.34622,-6.01788],[106.34553,-6.01836],[106.34336,-6.01804],[106.34248,-6.02174],[106.34001,-6.0219],[106.33588,-6.021],[106.33495,-6.02017],[106.32541,-6.03429],[106.32169,-6.04183],[106.31654,-6.03611],[106.31618,-6.03298],[106.31504,-6.0333]]],[[[106.27103,-5.80763],[106.29052,-5.80903],[106.29336,-5.80968],[106.29331,-5.81039],[106.29405,-5.81023],[106.29498,-5.811],[106.29369,-5.81454],[106.28806,-5.81628],[106.28771,-5.81566],[106.28635,-5.81571],[106.28628,-5.81698],[106.28613,-5.8157],[106.28544,-5.81579],[106.28583,-5.81688],[106.28576,-5.81693],[106.28502,-5.8158],[106.283,-5.81569],[106.28285,-5.81647],[106.28148,-5.81641],[106.25429,-5.81079],[106.2607,-5.80983],[106.26603,-5.80785],[106.27103,-5.80763]]],[[[106.35963,-5.9646],[106.36073,-5.96482],[106.35941,-5.96787],[106.35917,-5.97133],[106.35751,-5.9733],[106.35612,-5.96964],[106.35748,-5.96297],[106.35942,-5.96377],[106.35887,-5.96623],[106.35963,-5.9646]]],[[[106.35499,-5.95601],[106.35021,-5.95578],[106.35047,-5.95154],[106.3532,-5.95085],[106.35434,-5.95127],[106.35508,-5.9532],[106.35499,-5.95601]]]]}},{"type":"Feature","properties":{"KODE_KEC":"36.04.14","KECAMATAN":"Tanara","KAB_KOTA":"Serang","dist_ind":17419.85,"camp_dens":0.0,"toll_pct":0.0,"sma_grad":2117,"area_km2":47.2017,"Pred_Reko":1},"geometry":{"type":"Polygon","coordinates":[[[106.36652,-6.03847],[106.35188,-6.04981],[106.35159,-6.05179],[106.34962,-6.05605],[106.34951,-6.05737],[106.35068,-6.06054],[106.35036,-6.06201],[106.34951,-6.06273],[106.33939,-6.06318],[106.33993,-6.05978],[106.3393,-6.05877],[106.33962,-6.0574],[106.33807,-6.05631],[106.33377,-6.05498],[106.33042,-6.05423],[106.3303,-6.05685],[106.32578,-6.0605],[106.32558,-6.05982],[106.32399,-6.05991],[106.32393,-6.05898],[106.32248,-6.05814],[106.31923,-6.05729],[106.31896,-6.05639],[106.3169,-6.05492],[106.31729,-6.0486],[106.31963,-6.04657],[106.32541,-6.03429],[106.33495,-6.02017],[106.33588,-6.021],[106.34001,-6.0219],[106.34248,-6.02174],[106.34336,-6.01804],[106.34553,-6.01836],[106.34622,-6.01788],[106.34663,-6.0186],[106.34681,-6.01755],[106.34759,-6.01811],[106.34919,-6.01731],[106.35002,-6.01748],[106.35032,-6.01833],[106.35074,-6.0168],[106.35191,-6.01712],[106.35296,-6.01559],[106.35477,-6.01602],[106.35444,-6.01222],[106.35332,-6.01189],[106.35719,-6.00677],[106.35687,-6.00415],[106.35578,-6.00363],[106.35476,-6.00026],[106.35328,-5.99976],[106.35313,-5.99894],[106.35409,-5.99776],[106.35794,-5.99689],[106.3595,-5.99551],[106.35956,-5.99417],[106.35839,-5.99155],[106.35858,-5.98741],[106.36009,-5.98334],[106.36003,-5.9818],[106.36397,-5.97878],[106.36493,-5.97703],[106.36294,-5.96889],[106.36334,-5.96632],[106.36434,-5.96509],[106.36786,-5.9657],[106.37365,-5.96917],[106.37682,-5.97033],[106.38025,-5.97375],[106.3806,-5.973],[106.3826,-5.97328],[106.38442,-5.97548],[106.38747,-5.97654],[106.38909,-5.97816],[106.39014,-5.9796],[106.39009,-5.98131],[106.39207,-5.98713],[106.39285,-5.99161],[106.40038,-6.00921],[106.40619,-6.01772],[106.40987,-6.0211],[106.4118,-6.02422],[106.40952,-6.02931],[106.40748,-6.0309],[106.40121,-6.03031],[106.3991,-6.02821],[106.39787,-6.02782],[106.39651,-6.02909],[106.39311,-6.02765],[106.38824,-6.03122],[106.38472,-6.0312],[106.38393,-6.02995],[106.38294,-6.02966],[106.38232,-6.03092],[106.38315,-6.03219],[106.38162,-6.03429],[106.38004,-6.03473],[106.37965,-6.03557],[106.38067,-6.03842],[106.38038,-6.03911],[106.37907,-6.03782],[106.37791,-6.0391],[106.37577,-6.0397],[106.375,-6.03742],[106.36943,-6.03746],[106.36652,-6.03847]]]}},{"type":"Feature","properties":{"KODE_KEC":"36.04.11","KECAMATAN":"Kragilan","KAB_KOTA":"Serang","dist_ind":5281.77,"camp_dens":0.0,"toll_pct":0.000299,"sma_grad":3233,"area_km2":38.0371,"Pred_Reko":2},"geometry":{"type":"Polygon","coordinates":[[[106.25782,-6.1767],[106.25511,-6.17877],[106.25196,-6.1792],[106.24959,-6.1844],[106.24808,-6.18373],[106.24662,-6.18508],[106.24523,-6.1843],[106.24448,-6.1852],[106.24345,-6.18465],[106.24191,-6.18762],[106.23757,-6.18991],[106.23649,-6.19168],[106.23333,-6.19058],[106.23147,-6.19167],[106.23034,-6.19105],[106.22973,-6.1923],[106.2289,-6.19008],[106.22719,-6.18899],[106.21954,-6.18688],[106.22681,-6.17955],[106.22917,-6.17831],[106.233,-6.17082],[106.23587,-6.17026],[106.23694,-6.17133],[106.23887,-6.17173],[106.23927,-6.17328],[106.24186,-6.174],[106.24336,-6.17053],[106.2472,-6.16535],[106.24873,-6.16197],[106.25116,-6.15914],[106.25204,-6.15403],[106.25574,-6.14623],[106.25309,-6.14488],[106.2546,-6.14454],[106.25434,-6.14231],[106.25511,-6.14128],[106.25845,-6.14254],[106.2638,-6.13095],[106.26635,-6.13215],[106.26825,-6.13003],[106.26936,-6.13044],[106.2705,-6.1283],[106.2733,-6.1271],[106.27411,-6.12412],[106.26421,-6.12179],[106.26286,-6.12045],[106.26352,-6.11855],[106.2646,-6.11844],[106.26623,-6.11684],[106.26743,-6.11705],[106.27312,-6.11459],[106.27341,-6.11282],[106.27421,-6.11194],[106.27339,-6.11148],[106.27469,-6.11028],[106.27519,-6.10618],[106.28001,-6.10682],[106.28683,-6.11002],[106.28925,-6.11232],[106.29102,-6.1126],[106.29125,-6.11535],[106.29517,-6.11507],[106.29613,-6.11634],[106.29705,-6.1154],[106.29889,-6.11837],[106.29984,-6.11888],[106.29623,-6.12436],[106.29946,-6.13144],[106.29985,-6.13974],[106.30317,-6.1421],[106.30438,-6.14664],[106.30898,-6.14942],[106.30918,-6.15448],[106.3083,-6.15614],[106.30692,-6.15704],[106.30228,-6.1566],[106.29836,-6.15788],[106.29742,-6.16063],[106.29824,-6.16294],[106.29915,-6.16277],[106.30073,-6.1601],[106.30232,-6.15934],[106.30504,-6.1597],[106.30601,-6.16164],[106.30531,-6.16337],[106.30121,-6.16615],[106.29982,-6.17041],[106.29664,-6.17265],[106.28591,-6.17583],[106.28301,-6.17466],[106.28175,-6.17342],[106.28132,-6.17398],[106.27756,-6.1726],[106.27692,-6.17385],[106.27659,-6.17337],[106.27531,-6.17355],[106.27227,-6.17109],[106.26787,-6.17329],[106.26413,-6.17283],[106.26198,-6.17387],[106.25871,-6.17351],[106.25782,-6.1767]]]}},{"type":"Feature","properties":{"KODE_KEC":"36.04.12","KECAMATAN":"Pontang","KAB_KOTA":"Serang","dist_ind":17304.11,"camp_dens":0.0,"toll_pct":0.0,"sma_grad":1907,"area_km2":60.3728,"Pred_Reko":0},"geometry":{"type":"MultiPolygon","coordinates":[[[[106.26556,-6.05984],[106.26578,-6.06172],[106.26387,-6.06548],[106.26448,-6.06611],[106.26413,-6.0693],[106.26222,-6.06863],[106.26213,-6.06934],[106.26122,-6.06946],[106.26105,-6.07075],[106.2625,-6.071],[106.26073,-6.07221],[106.25955,-6.07078],[106.25847,-6.07075],[106.2581,-6.07139],[106.25562,-6.07057],[106.25409,-6.07089],[106.25154,-6.06946],[106.24878,-6.07509],[106.24731,-6.07483],[106.24772,-6.0693],[106.2459,-6.0674],[106.24303,-6.06656],[106.24294,-6.06577],[106.24208,-6.06615],[106.24212,-6.06493],[106.24117,-6.06484],[106.2407,-6.0638],[106.23798,-6.06408],[106.2359,-6.06297],[106.23232,-6.06562],[106.23315,-6.0579],[106.23082,-6.05699],[106.23143,-6.05549],[106.23115,-6.05251],[106.23197,-6.05223],[106.23211,-6.05139],[106.23122,-6.05106],[106.23109,-6.04956],[106.23022,-6.04983],[106.22918,-6.04862],[106.22932,-6.0447],[106.22638,-6.04389],[106.22631,-6.04258],[106.22522,-6.04092],[106.22566,-6.03874],[106.2247,-6.0366],[106.2252,-6.03428],[106.22295,-6.02962],[106.22234,-6.02538],[106.21639,-6.01622],[106.22207,-6.01433],[106.22462,-6.01253],[106.22712,-6.00742],[106.22598,-6.00677],[106.22589,-6.0054],[106.22525,-6.00516],[106.22554,-6.00401],[106.22669,-6.00386],[106.22665,-6.00289],[106.22823,-6.00308],[106.22912,-6.00176],[106.2291,-6.00057],[106.22989,-6.00136],[106.23057,-6.00101],[106.23029,-6.00025],[106.23087,-6.00139],[106.23161,-6.0011],[106.23138,-5.99972],[106.23201,-5.9997],[106.23218,-6.00063],[106.23286,-6.00035],[106.23275,-5.99867],[106.23456,-5.9979],[106.23479,-5.99857],[106.23558,-5.99848],[106.23554,-5.99735],[106.23718,-5.9973],[106.23655,-5.99631],[106.2371,-5.99582],[106.23829,-5.99757],[106.23875,-5.99651],[106.23936,-5.99663],[106.238,-5.99471],[106.23869,-5.99366],[106.23963,-5.9938],[106.24027,-5.99303],[106.24005,-5.99216],[106.24208,-5.99202],[106.24237,-5.99083],[106.24321,-5.99059],[106.24271,-5.99019],[106.24341,-5.98926],[106.24238,-5.987],[106.24352,-5.9875],[106.2442,-5.98601],[106.24372,-5.98579],[106.24402,-5.98501],[106.24308,-5.98494],[106.24465,-5.98405],[106.24525,-5.98148],[106.24425,-5.98065],[106.24483,-5.97982],[106.24461,-5.97886],[106.2449,-5.97832],[106.24583,-5.97861],[106.24621,-5.97766],[106.24488,-5.97636],[106.24549,-5.97505],[106.24521,-5.97268],[106.24581,-5.97016],[106.24488,-5.96961],[106.24418,-5.96712],[106.24922,-5.96429],[106.25293,-5.96315],[106.25436,-5.96452],[106.25665,-5.96441],[106.2576,-5.96502],[106.25851,-5.96633],[106.25887,-5.96874],[106.2609,-5.96829],[106.26081,-5.96935],[106.25956,-5.97003],[106.26007,-5.97136],[106.26117,-5.97176],[106.26272,-5.97126],[106.26363,-5.97194],[106.26395,-5.9772],[106.26316,-5.98032],[106.2638,-5.98166],[106.26676,-5.98276],[106.26681,-5.98389],[106.26477,-5.98522],[106.26436,-5.98649],[106.26741,-5.99149],[106.2773,-5.99749],[106.27887,-6.0],[106.27902,-6.00351],[106.28261,-6.0041],[106.28464,-6.00565],[106.28545,-6.00873],[106.28471,-6.01391],[106.28818,-6.01513],[106.28892,-6.01611],[106.28838,-6.01759],[106.28504,-6.01818],[106.28384,-6.01943],[106.28591,-6.02072],[106.28648,-6.02405],[106.2875,-6.02481],[106.29153,-6.02446],[106.29182,-6.02553],[106.29102,-6.0276],[106.29143,-6.02824],[106.29481,-6.02737],[106.29666,-6.0277],[106.29816,-6.03055],[106.29935,-6.0311],[106.30095,-6.03045],[106.30295,-6.03277],[106.30413,-6.03252],[106.30438,-6.03153],[106.3029,-6.02894],[106.30362,-6.02828],[106.3061,-6.02803],[106.30727,-6.02842],[106.31306,-6.03433],[106.31383,-6.03467],[106.3157,-6.03277],[106.31634,-6.03368],[106.31654,-6.03608],[106.31492,-6.03736],[106.30426,-6.03994],[106.30445,-6.04091],[106.30308,-6.04118],[106.3032,-6.04173],[106.29987,-6.04221],[106.29922,-6.04368],[106.29949,-6.04523],[106.29764,-6.04546],[106.29685,-6.04362],[106.29705,-6.04211],[106.29478,-6.04402],[106.29392,-6.04304],[106.29113,-6.04376],[106.28936,-6.04533],[106.28815,-6.04864],[106.28561,-6.05],[106.28593,-6.05107],[106.28544,-6.05166],[106.28403,-6.0528],[106.28332,-6.05238],[106.28271,-6.05378],[106.28128,-6.05459],[106.27874,-6.05291],[106.27643,-6.05478],[106.27697,-6.0536],[106.27583,-6.05231],[106.27519,-6.0536],[106.26915,-6.05126],[106.26794,-6.05403],[106.26901,-6.05434],[106.26848,-6.05599],[106.26421,-6.05922],[106.26556,-6.05984]]],[[[106.19226,-5.9645],[106.19266,-5.96372],[106.19349,-5.96406],[106.19281,-5.96495],[106.19226,-5.9645]]],[[[106.21841,-5.94071],[106.22076,-5.94123],[106.22163,-5.94324],[106.21788,-5.94298],[106.21695,-5.94344],[106.21551,-5.94285],[106.21599,-5.94152],[106.21841,-5.94071]]]]}},{"type":"Feature","properties":{"KODE_KEC":"36.04.17","KECAMATAN":"Carenang","KAB_KOTA":"Serang","dist_ind":8917.46,"camp_dens":0.0,"toll_pct":0.0,"sma_grad":2011,"area_km2":29.0636,"Pred_Reko":1},"geometry":{"type":"Polygon","coordinates":[[[106.32586,-6.1019],[106.32566,-6.10291],[106.32777,-6.10654],[106.3246,-6.10799],[106.32406,-6.1126],[106.32143,-6.11262],[106.31713,-6.11396],[106.31751,-6.11511],[106.31974,-6.11557],[106.32052,-6.11634],[106.3204,-6.11793],[106.3196,-6.11876],[106.31638,-6.11754],[106.31587,-6.11801],[106.31631,-6.11909],[106.31395,-6.11838],[106.31391,-6.11724],[106.31318,-6.11658],[106.31372,-6.11405],[106.31115,-6.11322],[106.31093,-6.11225],[106.31,-6.11208],[106.30923,-6.11277],[106.30945,-6.11641],[106.30888,-6.11635],[106.30868,-6.11702],[106.30646,-6.11697],[106.301,-6.11444],[106.30096,-6.11217],[106.29882,-6.11038],[106.29707,-6.10987],[106.29346,-6.11101],[106.29195,-6.11028],[106.29134,-6.10907],[106.29335,-6.10102],[106.29818,-6.08644],[106.30078,-6.08573],[106.30185,-6.0844],[106.30196,-6.08282],[106.30043,-6.08051],[106.29921,-6.0766],[106.29931,-6.07464],[106.30522,-6.07313],[106.30683,-6.07189],[106.30781,-6.07012],[106.30874,-6.06565],[106.31246,-6.06131],[106.31387,-6.05756],[106.3169,-6.05492],[106.31896,-6.05639],[106.31923,-6.05729],[106.32248,-6.05814],[106.32393,-6.05898],[106.32399,-6.05991],[106.32558,-6.05982],[106.32578,-6.0605],[106.3303,-6.05685],[106.33005,-6.05503],[106.33055,-6.05424],[106.33775,-6.05619],[106.33962,-6.0574],[106.33965,-6.07377],[106.3484,-6.08658],[106.35115,-6.08721],[106.35105,-6.08854],[106.35274,-6.08927],[106.35258,-6.08994],[106.35079,-6.0908],[106.35119,-6.09214],[106.3526,-6.09171],[106.35353,-6.09244],[106.35268,-6.09657],[106.35017,-6.09757],[106.35098,-6.10033],[106.35258,-6.10086],[106.35276,-6.10148],[106.3522,-6.10248],[106.34978,-6.10275],[106.35012,-6.107],[106.3453,-6.10801],[106.34188,-6.10728],[106.34153,-6.10768],[106.33639,-6.10576],[106.33819,-6.10319],[106.33545,-6.1021],[106.3326,-6.09943],[106.33069,-6.09926],[106.32918,-6.09825],[106.32777,-6.09915],[106.32827,-6.10116],[106.32586,-6.1019]]]}},{"type":"Feature","properties":{"KODE_KEC":"36.04.18","KECAMATAN":"Binuang","KAB_KOTA":"Serang","dist_ind":5272.35,"camp_dens":0.0,"toll_pct":0.0,"sma_grad":1184,"area_km2":28.7162,"Pred_Reko":1},"geometry":{"type":"Polygon","coordinates":[[[106.37181,-6.15515],[106.3637,-6.15064],[106.36038,-6.14981],[106.3575,-6.15034],[106.35748,-6.15266],[106.3565,-6.15293],[106.35639,-6.152],[106.35541,-6.15172],[106.35566,-6.15052],[106.35513,-6.15046],[106.35232,-6.15149],[106.35067,-6.15082],[106.34913,-6.15335],[106.34545,-6.15163],[106.34165,-6.15383],[106.34019,-6.15382],[106.34247,-6.15803],[106.33896,-6.15731],[106.33852,-6.15806],[106.3345,-6.15709],[106.33342,-6.15753],[106.33155,-6.15712],[106.33249,-6.15232],[106.33125,-6.1512],[106.3308,-6.14857],[106.32955,-6.14805],[106.32917,-6.14877],[106.32768,-6.14874],[106.32844,-6.1462],[106.32816,-6.14416],[106.32723,-6.14283],[106.32905,-6.1421],[106.32835,-6.14073],[106.32932,-6.14105],[106.32994,-6.14057],[106.3291,-6.13965],[106.32911,-6.13739],[106.32729,-6.13789],[106.32882,-6.13612],[106.32675,-6.13616],[106.32769,-6.13501],[106.32749,-6.13232],[106.32634,-6.13215],[106.32599,-6.13134],[106.32583,-6.13338],[106.32508,-6.13297],[106.32527,-6.13247],[106.32363,-6.13246],[106.3241,-6.13204],[106.32366,-6.13103],[106.32152,-6.13125],[106.32028,-6.13011],[106.31911,-6.13029],[106.31872,-6.12822],[106.31712,-6.12833],[106.31652,-6.12517],[106.31769,-6.12434],[106.3175,-6.12146],[106.31587,-6.11814],[106.31649,-6.11755],[106.31932,-6.11881],[106.3204,-6.11793],[106.3203,-6.11601],[106.3174,-6.11503],[106.31738,-6.11356],[106.32406,-6.1126],[106.3246,-6.10799],[106.32774,-6.10668],[106.32561,-6.10248],[106.32628,-6.10163],[106.32827,-6.10116],[106.32777,-6.09915],[106.32854,-6.09829],[106.3326,-6.09943],[106.33545,-6.1021],[106.33819,-6.10319],[106.33639,-6.10576],[106.34153,-6.10768],[106.34188,-6.10728],[106.3453,-6.10801],[106.35012,-6.107],[106.35056,-6.10963],[106.35161,-6.11107],[106.35271,-6.11],[106.3539,-6.11024],[106.35512,-6.11147],[106.35585,-6.1136],[106.35933,-6.11585],[106.36214,-6.11681],[106.3646,-6.12038],[106.36437,-6.12111],[106.36272,-6.12082],[106.36215,-6.12128],[106.36346,-6.12304],[106.3663,-6.12491],[106.36649,-6.12603],[106.36774,-6.12734],[106.37189,-6.12923],[106.37724,-6.12886],[106.37794,-6.13077],[106.37782,-6.13274],[106.3788,-6.13482],[106.38049,-6.13602],[106.38151,-6.13849],[106.38444,-6.14027],[106.38678,-6.14432],[106.38481,-6.14622],[106.38552,-6.14788],[106.38489,-6.14892],[106.38552,-6.14978],[106.38615,-6.14961],[106.38702,-6.15173],[106.38371,-6.15544],[106.38348,-6.15843],[106.37667,-6.15744],[106.37527,-6.15559],[106.37181,-6.15515]]]}},{"type":"Feature","properties":{"KODE_KEC":"36.04.15","KECAMATAN":"Cikande","KAB_KOTA":"Serang","dist_ind":4711.91,"camp_dens":0.0,"toll_pct":0.00025,"sma_grad":2088,"area_km2":49.0392,"Pred_Reko":1},"geometry":{"type":"Polygon","coordinates":[[[106.34325,-6.22629],[106.34314,-6.22676],[106.34052,-6.22565],[106.33959,-6.22631],[106.33779,-6.22559],[106.33755,-6.22743],[106.33712,-6.22743],[106.33672,-6.2262],[106.33723,-6.22488],[106.33627,-6.22404],[106.33484,-6.22389],[106.33455,-6.22287],[106.33367,-6.2225],[106.33362,-6.21946],[106.33055,-6.22108],[106.32828,-6.21999],[106.32758,-6.22072],[106.32455,-6.22115],[106.32442,-6.22243],[106.32348,-6.22248],[106.32346,-6.22401],[106.32229,-6.22474],[106.32221,-6.22569],[106.3183,-6.2251],[106.31435,-6.22319],[106.31382,-6.22089],[106.31161,-6.21895],[106.30976,-6.20852],[106.31051,-6.20819],[106.3102,-6.20592],[106.31107,-6.20594],[106.31195,-6.19868],[106.31357,-6.19867],[106.31283,-6.19486],[106.31032,-6.19345],[106.31178,-6.19276],[106.31384,-6.19304],[106.31498,-6.19223],[106.31811,-6.19289],[106.3185,-6.19211],[106.32201,-6.19173],[106.32712,-6.19323],[106.32949,-6.19455],[106.33103,-6.1972],[106.3322,-6.1975],[106.33352,-6.19604],[106.33519,-6.19662],[106.33576,-6.19474],[106.33852,-6.19358],[106.339,-6.19279],[106.34086,-6.19274],[106.34206,-6.19199],[106.34419,-6.19241],[106.34476,-6.19317],[106.3408,-6.18405],[106.33958,-6.17923],[106.33538,-6.17222],[106.34259,-6.16062],[106.34252,-6.15818],[106.34019,-6.15382],[106.34165,-6.15383],[106.34545,-6.15163],[106.34913,-6.15335],[106.35067,-6.15082],[106.35232,-6.15149],[106.35513,-6.15046],[106.35566,-6.15052],[106.35541,-6.15172],[106.35639,-6.152],[106.3565,-6.15293],[106.35748,-6.15266],[106.3575,-6.15034],[106.36172,-6.14982],[106.36762,-6.15339],[106.3692,-6.15354],[106.36917,-6.15417],[106.37527,-6.15559],[106.37667,-6.15744],[106.38348,-6.15843],[106.38371,-6.15544],[106.38703,-6.15169],[106.38615,-6.14961],[106.38552,-6.14978],[106.38489,-6.14892],[106.38552,-6.14788],[106.38481,-6.14622],[106.38678,-6.14432],[106.39258,-6.15181],[106.3922,-6.15368],[106.39291,-6.15565],[106.39267,-6.15681],[106.39098,-6.15745],[106.38821,-6.15632],[106.38753,-6.15733],[106.3881,-6.15827],[106.39069,-6.15888],[106.3929,-6.16054],[106.39278,-6.16193],[106.39037,-6.162],[106.39025,-6.16269],[106.3933,-6.16468],[106.39364,-6.16577],[106.39249,-6.16655],[106.3913,-6.16561],[106.39055,-6.1658],[106.39011,-6.16861],[106.39123,-6.17001],[106.39371,-6.16978],[106.39426,-6.17058],[106.39256,-6.17104],[106.39169,-6.17331],[106.38912,-6.17489],[106.38879,-6.17672],[106.3913,-6.17645],[106.39075,-6.17912],[106.38944,-6.18041],[106.3875,-6.17935],[106.38584,-6.18251],[106.3857,-6.18618],[106.38351,-6.18562],[106.38212,-6.18652],[106.38025,-6.18628],[106.38013,-6.18901],[106.378,-6.18775],[106.37714,-6.18907],[106.37378,-6.19148],[106.37392,-6.19313],[106.3728,-6.19472],[106.3728,-6.19576],[106.3784,-6.19596],[106.3783,-6.19866],[106.37929,-6.20075],[106.37656,-6.20152],[106.37652,-6.20245],[106.37745,-6.20357],[106.37704,-6.20482],[106.37418,-6.20626],[106.37283,-6.20789],[106.37447,-6.21084],[106.37418,-6.21198],[106.37283,-6.21213],[106.37185,-6.21017],[106.37033,-6.2099],[106.36955,-6.21066],[106.36954,-6.21239],[106.36755,-6.21292],[106.36644,-6.21478],[106.36698,-6.21798],[106.37035,-6.21875],[106.37312,-6.22158],[106.37181,-6.22212],[106.37134,-6.22339],[106.36989,-6.22286],[106.36774,-6.22354],[106.36365,-6.22999],[106.36091,-6.22939],[106.36104,-6.22875],[106.35935,-6.22805],[106.35938,-6.22676],[106.3581,-6.22631],[106.35546,-6.23382],[106.35514,-6.23992],[106.35185,-6.23776],[106.35093,-6.2352],[106.34896,-6.23371],[106.34714,-6.23391],[106.34553,-6.23496],[106.34095,-6.23495],[106.34045,-6.23372],[106.34137,-6.23149],[106.34033,-6.23117],[106.34011,-6.22997],[106.34129,-6.22729],[106.34301,-6.22765],[106.34326,-6.2268],[106.34405,-6.227],[106.34325,-6.22629]]]}},{"type":"Feature","properties":{"KODE_KEC":"36.04.16","KECAMATAN":"Kibin","KAB_KOTA":"Serang","dist_ind":789.31,"camp_dens":0.0,"toll_pct":0.000247,"sma_grad":1191,"area_km2":30.5701,"Pred_Reko":1},"geometry":{"type":"Polygon","coordinates":[[[106.32949,-6.19455],[106.32712,-6.19323],[106.32123,-6.19166],[106.3185,-6.19211],[106.31811,-6.19289],[106.31524,-6.19222],[106.31345,-6.19312],[106.30953,-6.19317],[106.30839,-6.19226],[106.30766,-6.1894],[106.30873,-6.18573],[106.30778,-6.18425],[106.30896,-6.18315],[106.30934,-6.17971],[106.30571,-6.18079],[106.30345,-6.17959],[106.30325,-6.17824],[106.29871,-6.18074],[106.29736,-6.18368],[106.29776,-6.18626],[106.29672,-6.18709],[106.2943,-6.18677],[106.29184,-6.19124],[106.2904,-6.19056],[106.28988,-6.19064],[106.28973,-6.19173],[106.28835,-6.19159],[106.28717,-6.19571],[106.28386,-6.19628],[106.28434,-6.19302],[106.28325,-6.1877],[106.28742,-6.18141],[106.28723,-6.17983],[106.28552,-6.17711],[106.28591,-6.17583],[106.29591,-6.17295],[106.29938,-6.17087],[106.3005,-6.16916],[106.30121,-6.16615],[106.30531,-6.16337],[106.30598,-6.16109],[106.30504,-6.1597],[106.30184,-6.15944],[106.30034,-6.16051],[106.29915,-6.16277],[106.29824,-6.16294],[106.29742,-6.16063],[106.29797,-6.15853],[106.29883,-6.15746],[106.30144,-6.15669],[106.3073,-6.15692],[106.30918,-6.15448],[106.30898,-6.14942],[106.30438,-6.14664],[106.30317,-6.1421],[106.29985,-6.13974],[106.29946,-6.13144],[106.29628,-6.12524],[106.29623,-6.12436],[106.29965,-6.11935],[106.301,-6.11444],[106.30787,-6.11714],[106.30945,-6.11641],[106.30923,-6.11277],[106.31,-6.11208],[106.31093,-6.11225],[106.31115,-6.11322],[106.31372,-6.11405],[106.31327,-6.11718],[106.31391,-6.11724],[106.31395,-6.11838],[106.31631,-6.11909],[106.31744,-6.12116],[106.31769,-6.12434],[106.31652,-6.12517],[106.31712,-6.12833],[106.31872,-6.12822],[106.31911,-6.13029],[106.32028,-6.13011],[106.32152,-6.13125],[106.32366,-6.13103],[106.3241,-6.13204],[106.32363,-6.13246],[106.32527,-6.13247],[106.32508,-6.13297],[106.32583,-6.13338],[106.32599,-6.13134],[106.32634,-6.13215],[106.32749,-6.13232],[106.32769,-6.13501],[106.32675,-6.13616],[106.32882,-6.13612],[106.32729,-6.13789],[106.32911,-6.13739],[106.3291,-6.13965],[106.32994,-6.14057],[106.32932,-6.14105],[106.32835,-6.14073],[106.32905,-6.1421],[106.32723,-6.14283],[106.32816,-6.14416],[106.32844,-6.1462],[106.32768,-6.14874],[106.32917,-6.14877],[106.32955,-6.14805],[106.3308,-6.14857],[106.33125,-6.1512],[106.33249,-6.15232],[106.33155,-6.15712],[106.33342,-6.15753],[106.3345,-6.15709],[106.33852,-6.15806],[106.33896,-6.15731],[106.34252,-6.15818],[106.34265,-6.1604],[106.34151,-6.16301],[106.33823,-6.16698],[106.33538,-6.17222],[106.33958,-6.17923],[106.34092,-6.18437],[106.34491,-6.19302],[106.34206,-6.19199],[106.34086,-6.19274],[106.339,-6.19279],[106.33852,-6.19358],[106.33576,-6.19474],[106.33519,-6.19662],[106.33352,-6.19604],[106.3322,-6.1975],[106.33103,-6.1972],[106.32949,-6.19455]]]}},{"type":"Feature","properties":{"KODE_KEC":"36.04.24","KECAMATAN":"Pamarayan","KAB_KOTA":"Serang","dist_ind":6195.13,"camp_dens":0.0,"toll_pct":0.0,"sma_grad":1161,"area_km2":45.0081,"Pred_Reko":1},"geometry":{"type":"Polygon","coordinates":[[[106.32724,-6.28381],[106.32825,-6.2899],[106.32776,-6.29154],[106.32645,-6.29389],[106.32149,-6.29556],[106.31859,-6.2977],[106.31832,-6.30209],[106.31745,-6.30202],[106.3171,-6.30373],[106.31628,-6.30371],[106.31626,-6.30457],[106.31479,-6.3048],[106.31462,-6.30631],[106.31344,-6.30795],[106.3131,-6.31162],[106.30954,-6.31599],[106.30933,-6.3171],[106.30569,-6.31777],[106.30376,-6.31905],[106.2973,-6.31692],[106.29224,-6.31213],[106.2906,-6.31185],[106.28951,-6.31303],[106.28786,-6.31295],[106.28487,-6.30968],[106.28048,-6.3117],[106.281,-6.31002],[106.28244,-6.30891],[106.27988,-6.30719],[106.27962,-6.30307],[106.27713,-6.30142],[106.27352,-6.30025],[106.27393,-6.29824],[106.27325,-6.29587],[106.27095,-6.29242],[106.26611,-6.28789],[106.26909,-6.28173],[106.26815,-6.27907],[106.26551,-6.27561],[106.26732,-6.27334],[106.27195,-6.27071],[106.27265,-6.26545],[106.27353,-6.26444],[106.27696,-6.26555],[106.28023,-6.26352],[106.28149,-6.26442],[106.28284,-6.26757],[106.28404,-6.26759],[106.28503,-6.26626],[106.28555,-6.2613],[106.28465,-6.25313],[106.28339,-6.25224],[106.28323,-6.2503],[106.28171,-6.24813],[106.28119,-6.24613],[106.28146,-6.24465],[106.28384,-6.2412],[106.28315,-6.2377],[106.28375,-6.23656],[106.28616,-6.23607],[106.28877,-6.2344],[106.29466,-6.23743],[106.29821,-6.23738],[106.29914,-6.23818],[106.30088,-6.2366],[106.3034,-6.23762],[106.30325,-6.24068],[106.30273,-6.24052],[106.30199,-6.24173],[106.30163,-6.2438],[106.29983,-6.24421],[106.30042,-6.24518],[106.29974,-6.2472],[106.30136,-6.24806],[106.30064,-6.24951],[106.3033,-6.25042],[106.30305,-6.25273],[106.30411,-6.25265],[106.30462,-6.25441],[106.30653,-6.25467],[106.30656,-6.25527],[106.30747,-6.25536],[106.30846,-6.2529],[106.31124,-6.25293],[106.31315,-6.25193],[106.31277,-6.25152],[106.31333,-6.25108],[106.31426,-6.25109],[106.31442,-6.25024],[106.3184,-6.24986],[106.31833,-6.24763],[106.31953,-6.24713],[106.31942,-6.24535],[106.32131,-6.24815],[106.32259,-6.24866],[106.32339,-6.25055],[106.32545,-6.25185],[106.32834,-6.25173],[106.3313,-6.2507],[106.3345,-6.25096],[106.33534,-6.25556],[106.33854,-6.254],[106.33978,-6.25394],[106.34042,-6.25457],[106.34103,-6.25528],[106.34028,-6.25556],[106.341,-6.25782],[106.34212,-6.25863],[106.34232,-6.26016],[106.34179,-6.26082],[106.34243,-6.26143],[106.3423,-6.26409],[106.34295,-6.26436],[106.34282,-6.26483],[106.34006,-6.26492],[106.34063,-6.26749],[106.34019,-6.2714],[106.33833,-6.27201],[106.33695,-6.2717],[106.33449,-6.27306],[106.33316,-6.27564],[106.33344,-6.27927],[106.33001,-6.28075],[106.32943,-6.28158],[106.32967,-6.28245],[106.32816,-6.28243],[106.32724,-6.28381]]]}},{"type":"Feature","properties":{"KODE_KEC":"36.04.25","KECAMATAN":"Kopo","KAB_KOTA":"Serang","dist_ind":8001.46,"camp_dens":0.0,"toll_pct":0.0,"sma_grad":4253,"area_km2":36.506,"Pred_Reko":2},"geometry":{"type":"Polygon","coordinates":[[[106.39574,-6.32932],[106.37743,-6.33046],[106.37075,-6.33232],[106.36361,-6.33228],[106.36137,-6.33097],[106.36245,-6.32942],[106.36491,-6.32828],[106.36577,-6.32581],[106.36343,-6.32454],[106.36238,-6.32638],[106.35765,-6.32491],[106.35807,-6.32188],[106.35677,-6.32171],[106.35624,-6.32225],[106.34996,-6.31931],[106.34887,-6.31799],[106.34909,-6.31668],[106.34821,-6.31417],[106.34878,-6.31215],[106.35369,-6.30552],[106.35413,-6.301],[106.3565,-6.30054],[106.359,-6.3011],[106.35895,-6.29901],[106.35971,-6.29836],[106.36056,-6.29853],[106.36126,-6.29645],[106.36099,-6.29346],[106.36174,-6.29358],[106.36298,-6.29567],[106.36382,-6.29571],[106.36378,-6.29746],[106.36594,-6.29756],[106.36655,-6.29622],[106.36704,-6.29721],[106.36787,-6.29728],[106.36788,-6.29657],[106.37161,-6.29616],[106.37205,-6.29513],[106.36886,-6.29309],[106.37067,-6.29143],[106.37047,-6.28986],[106.36977,-6.28953],[106.36994,-6.28549],[106.36942,-6.28494],[106.36952,-6.28387],[106.37091,-6.28392],[106.37089,-6.28259],[106.3701,-6.28218],[106.36986,-6.281],[106.3709,-6.27674],[106.36949,-6.27635],[106.36949,-6.27412],[106.37026,-6.27172],[106.37182,-6.27197],[106.37265,-6.26815],[106.37318,-6.26229],[106.3728,-6.2607],[106.37179,-6.26022],[106.37245,-6.25828],[106.37085,-6.2583],[106.3719,-6.25662],[106.37127,-6.25552],[106.36973,-6.25473],[106.36925,-6.25354],[106.3655,-6.25302],[106.36477,-6.25103],[106.36277,-6.2508],[106.36281,-6.24819],[106.3659,-6.24838],[106.36558,-6.24521],[106.36613,-6.24282],[106.36538,-6.24151],[106.36399,-6.2413],[106.36482,-6.23997],[106.3641,-6.2393],[106.36299,-6.23944],[106.3634,-6.23686],[106.35528,-6.23477],[106.35623,-6.23077],[106.3581,-6.22631],[106.35938,-6.22676],[106.35935,-6.22805],[106.36104,-6.22875],[106.36091,-6.22939],[106.36365,-6.22999],[106.36774,-6.22354],[106.36989,-6.22286],[106.37134,-6.22339],[106.37181,-6.22212],[106.37553,-6.2202],[106.37699,-6.22012],[106.37854,-6.21837],[106.37959,-6.21875],[106.37827,-6.21991],[106.38126,-6.22091],[106.3832,-6.22373],[106.38183,-6.22667],[106.38634,-6.22806],[106.38553,-6.22923],[106.3871,-6.23049],[106.38492,-6.23132],[106.38428,-6.23229],[106.38588,-6.23819],[106.38399,-6.24057],[106.38459,-6.24118],[106.38654,-6.24046],[106.38658,-6.24278],[106.38863,-6.24475],[106.38717,-6.24635],[106.38726,-6.24818],[106.38524,-6.24888],[106.386,-6.25272],[106.38527,-6.25351],[106.38541,-6.25531],[106.38403,-6.257],[106.38278,-6.26192],[106.38417,-6.26227],[106.38583,-6.26142],[106.38776,-6.26466],[106.38481,-6.26603],[106.3865,-6.26666],[106.38733,-6.26848],[106.38937,-6.26856],[106.38774,-6.27012],[106.38914,-6.27208],[106.38731,-6.27399],[106.38738,-6.27522],[106.38929,-6.2768],[106.39231,-6.27466],[106.3933,-6.27624],[106.39306,-6.27853],[106.39513,-6.27989],[106.39492,-6.28093],[106.3941,-6.28121],[106.39259,-6.2796],[106.39126,-6.27958],[106.39031,-6.28179],[106.39277,-6.28347],[106.39239,-6.28577],[106.39365,-6.28751],[106.39484,-6.29386],[106.3981,-6.29664],[106.39862,-6.29841],[106.39867,-6.30373],[106.39706,-6.30502],[106.39455,-6.30519],[106.39575,-6.30688],[106.39464,-6.30947],[106.39441,-6.31403],[106.39274,-6.31308],[106.39192,-6.31393],[106.39539,-6.31591],[106.39826,-6.31533],[106.39911,-6.31571],[106.39935,-6.31625],[106.39693,-6.31716],[106.39715,-6.31779],[106.39928,-6.31783],[106.39969,-6.31876],[106.39832,-6.32029],[106.39779,-6.32472],[106.3988,-6.3249],[106.3997,-6.32386],[106.40066,-6.32408],[106.40074,-6.32509],[106.39883,-6.32597],[106.39906,-6.3273],[106.39982,-6.32744],[106.40213,-6.32552],[106.4029,-6.32751],[106.40094,-6.3303],[106.39909,-6.33071],[106.39768,-6.33066],[106.39574,-6.32932]]]}},{"type":"Feature","properties":{"KODE_KEC":"36.04.26","KECAMATAN":"Jawilan","KAB_KOTA":"Serang","dist_ind":7673.92,"camp_dens":0.0,"toll_pct":0.0,"sma_grad":2294,"area_km2":44.9347,"Pred_Reko":1},"geometry":{"type":"Polygon","coordinates":[[[106.34853,-6.31256],[106.34821,-6.31417],[106.34909,-6.31668],[106.34887,-6.31799],[106.34996,-6.31931],[106.35624,-6.32225],[106.35677,-6.32171],[106.35807,-6.32188],[106.35765,-6.32491],[106.36227,-6.32637],[106.36343,-6.32454],[106.36537,-6.32549],[106.36566,-6.32715],[106.36481,-6.32839],[106.3625,-6.32938],[106.36137,-6.33097],[106.35892,-6.32941],[106.35658,-6.32913],[106.34601,-6.33334],[106.32649,-6.33573],[106.31955,-6.33515],[106.31518,-6.33197],[106.31312,-6.32654],[106.30955,-6.32099],[106.30846,-6.32005],[106.30376,-6.31905],[106.30569,-6.31777],[106.30933,-6.3171],[106.30954,-6.31599],[106.31241,-6.31289],[106.31328,-6.3112],[106.31344,-6.30795],[106.31462,-6.30631],[106.31479,-6.3048],[106.31626,-6.30457],[106.31628,-6.30371],[106.3171,-6.30373],[106.31745,-6.30202],[106.31832,-6.30209],[106.31849,-6.29819],[106.31936,-6.29669],[106.32645,-6.29389],[106.32825,-6.2899],[106.32718,-6.28344],[106.32816,-6.28243],[106.32967,-6.28245],[106.32943,-6.28158],[106.33001,-6.28075],[106.33344,-6.27927],[106.33316,-6.27564],[106.33449,-6.27306],[106.33695,-6.2717],[106.33833,-6.27201],[106.34016,-6.27143],[106.34063,-6.26749],[106.34006,-6.26492],[106.34289,-6.26471],[106.3423,-6.26409],[106.34241,-6.26133],[106.34179,-6.26082],[106.34232,-6.26016],[106.34212,-6.25863],[106.341,-6.25782],[106.34028,-6.25556],[106.34103,-6.25528],[106.34042,-6.25457],[106.33978,-6.25394],[106.33854,-6.254],[106.33534,-6.25556],[106.3345,-6.25096],[106.32997,-6.25103],[106.33267,-6.24725],[106.33164,-6.24716],[106.33145,-6.24542],[106.33218,-6.24527],[106.33144,-6.2452],[106.3309,-6.24328],[106.33233,-6.24263],[106.33254,-6.24148],[106.33536,-6.24228],[106.33733,-6.24144],[106.33657,-6.23731],[106.33978,-6.23712],[106.34002,-6.2352],[106.34072,-6.23444],[106.34095,-6.23495],[106.34299,-6.23526],[106.3431,-6.23475],[106.34553,-6.23496],[106.34876,-6.23369],[106.35093,-6.2352],[106.35185,-6.23776],[106.35514,-6.23992],[106.35528,-6.23477],[106.3634,-6.23686],[106.36299,-6.23944],[106.3641,-6.2393],[106.36482,-6.23997],[106.36399,-6.2413],[106.36538,-6.24151],[106.36617,-6.24396],[106.36558,-6.24521],[106.3659,-6.24838],[106.36281,-6.24819],[106.36271,-6.25064],[106.36477,-6.25103],[106.3655,-6.25302],[106.36921,-6.25351],[106.37,-6.25503],[106.37127,-6.25552],[106.37191,-6.25707],[106.37085,-6.2583],[106.37245,-6.25828],[106.37179,-6.26022],[106.3728,-6.2607],[106.37318,-6.26229],[106.37182,-6.27197],[106.37026,-6.27172],[106.36949,-6.27412],[106.36949,-6.27635],[106.3709,-6.27674],[106.36986,-6.281],[106.3701,-6.28218],[106.37089,-6.28259],[106.37091,-6.28392],[106.36952,-6.28387],[106.36942,-6.28494],[106.36994,-6.28549],[106.36977,-6.28953],[106.37076,-6.29056],[106.37034,-6.29212],[106.36912,-6.29252],[106.36888,-6.29333],[106.37141,-6.29441],[106.37192,-6.29559],[106.36984,-6.29661],[106.36788,-6.29657],[106.36787,-6.29728],[106.36704,-6.29721],[106.36655,-6.29622],[106.36594,-6.29756],[106.36378,-6.29746],[106.36382,-6.29571],[106.36298,-6.29567],[106.36174,-6.29358],[106.36099,-6.29346],[106.36126,-6.29645],[106.36056,-6.29853],[106.35971,-6.29836],[106.35895,-6.29901],[106.359,-6.3011],[106.3565,-6.30054],[106.35413,-6.301],[106.35355,-6.30584],[106.34853,-6.31256]]]}},{"type":"Feature","properties":{"KODE_KEC":"36.04.35","KECAMATAN":"Lebak Wangi","KAB_KOTA":"Serang","dist_ind":11002.25,"camp_dens":0.0,"toll_pct":0.0,"sma_grad":1682,"area_km2":34.7308,"Pred_Reko":1},"geometry":{"type":"Polygon","coordinates":[[[106.29818,-6.08644],[106.29134,-6.10907],[106.29291,-6.1109],[106.29707,-6.10987],[106.30065,-6.11178],[106.30115,-6.11336],[106.29984,-6.11888],[106.29889,-6.11837],[106.29705,-6.1154],[106.29613,-6.11634],[106.29517,-6.11507],[106.29125,-6.11535],[106.29102,-6.1126],[106.28925,-6.11232],[106.28763,-6.1106],[106.28423,-6.109],[106.28389,-6.1083],[106.27958,-6.10688],[106.27972,-6.10602],[106.27919,-6.10581],[106.28036,-6.10391],[106.28032,-6.10238],[106.28186,-6.10155],[106.28002,-6.10013],[106.27514,-6.10086],[106.27338,-6.10003],[106.27103,-6.09988],[106.26795,-6.09831],[106.25831,-6.10553],[106.25663,-6.10521],[106.25539,-6.10417],[106.25135,-6.10394],[106.24833,-6.10292],[106.24794,-6.10274],[106.24851,-6.09991],[106.2474,-6.0989],[106.24903,-6.09881],[106.24996,-6.09595],[106.2493,-6.0925],[106.2503,-6.0908],[106.25122,-6.08627],[106.25374,-6.0808],[106.25567,-6.08052],[106.25564,-6.07982],[106.2564,-6.0798],[106.25596,-6.07902],[106.2566,-6.07813],[106.2549,-6.0781],[106.25445,-6.07714],[106.25278,-6.07697],[106.25334,-6.07503],[106.24931,-6.07577],[106.24663,-6.0754],[106.24975,-6.07547],[106.24881,-6.0747],[106.25154,-6.06946],[106.25409,-6.07089],[106.25562,-6.07057],[106.2581,-6.07139],[106.25847,-6.07075],[106.25955,-6.07078],[106.26073,-6.07221],[106.2625,-6.071],[106.26105,-6.07075],[106.26122,-6.06946],[106.26213,-6.06934],[106.26222,-6.06863],[106.26413,-6.0693],[106.26448,-6.06611],[106.26387,-6.06548],[106.26578,-6.06172],[106.26585,-6.05998],[106.26421,-6.05922],[106.26848,-6.05599],[106.26901,-6.05434],[106.26794,-6.05403],[106.26915,-6.05126],[106.27519,-6.0536],[106.27583,-6.05231],[106.27697,-6.0536],[106.27643,-6.05478],[106.27874,-6.05291],[106.28128,-6.05459],[106.28271,-6.05378],[106.28332,-6.05238],[106.28403,-6.0528],[106.28544,-6.05166],[106.28593,-6.05107],[106.28561,-6.05],[106.28815,-6.04864],[106.2899,-6.04455],[106.29179,-6.04341],[106.29392,-6.04304],[106.29478,-6.04402],[106.29705,-6.04211],[106.29685,-6.04362],[106.29764,-6.04546],[106.29949,-6.04523],[106.29941,-6.04278],[106.30047,-6.04184],[106.3032,-6.04173],[106.30308,-6.04118],[106.30445,-6.04091],[106.30426,-6.03994],[106.3145,-6.03751],[106.31654,-6.03608],[106.32169,-6.04183],[106.31963,-6.04657],[106.31729,-6.0486],[106.3169,-6.05492],[106.31387,-6.05756],[106.31246,-6.06131],[106.30874,-6.06565],[106.30733,-6.07125],[106.30544,-6.07304],[106.29931,-6.07464],[106.29921,-6.0766],[106.302,-6.08371],[106.30114,-6.08548],[106.29818,-6.08644]]]}},{"type":"Feature","properties":{"KODE_KEC":"36.04.34","KECAMATAN":"Bandung","KAB_KOTA":"Serang","dist_ind":1190.25,"camp_dens":0.0,"toll_pct":0.0,"sma_grad":3108,"area_km2":25.7786,"Pred_Reko":2},"geometry":{"type":"Polygon","coordinates":[[[106.31942,-6.24535],[106.31953,-6.24713],[106.31833,-6.24763],[106.3184,-6.24986],[106.31442,-6.25024],[106.31426,-6.25109],[106.31333,-6.25108],[106.31277,-6.25152],[106.31315,-6.25193],[106.31124,-6.25293],[106.30846,-6.2529],[106.30747,-6.25536],[106.30656,-6.25527],[106.30653,-6.25467],[106.30462,-6.25441],[106.30411,-6.25265],[106.30305,-6.25273],[106.3033,-6.25042],[106.30064,-6.24951],[106.30136,-6.24806],[106.29974,-6.2472],[106.30042,-6.24518],[106.29983,-6.24421],[106.30163,-6.2438],[106.30199,-6.24173],[106.30273,-6.24052],[106.30325,-6.24068],[106.3034,-6.23762],[106.30088,-6.2366],[106.29914,-6.23818],[106.29821,-6.23738],[106.29466,-6.23743],[106.28877,-6.2344],[106.29113,-6.23182],[106.29133,-6.22904],[106.28638,-6.22278],[106.28552,-6.21754],[106.28624,-6.2121],[106.28868,-6.20785],[106.28895,-6.20578],[106.28751,-6.20338],[106.28223,-6.20187],[106.28187,-6.19957],[106.28386,-6.19628],[106.28717,-6.19571],[106.28835,-6.19159],[106.28973,-6.19173],[106.28988,-6.19064],[106.2904,-6.19056],[106.29184,-6.19124],[106.2943,-6.18677],[106.29672,-6.18709],[106.29776,-6.18626],[106.29736,-6.18368],[106.29871,-6.18074],[106.30325,-6.17824],[106.30345,-6.17959],[106.30571,-6.18079],[106.30816,-6.1797],[106.30938,-6.17985],[106.30896,-6.18315],[106.30778,-6.1843],[106.30873,-6.18573],[106.30779,-6.18824],[106.30804,-6.19116],[106.30953,-6.19317],[106.31283,-6.19486],[106.31357,-6.19867],[106.31195,-6.19868],[106.31107,-6.20594],[106.3102,-6.20592],[106.31051,-6.20819],[106.30976,-6.20852],[106.31161,-6.21895],[106.31382,-6.22089],[106.31435,-6.22319],[106.3183,-6.2251],[106.32221,-6.22569],[106.32229,-6.22474],[106.32346,-6.22401],[106.32348,-6.22248],[106.32442,-6.22243],[106.32455,-6.22115],[106.32758,-6.22072],[106.32828,-6.21999],[106.33055,-6.22108],[106.33362,-6.21946],[106.33367,-6.2225],[106.33455,-6.22287],[106.33484,-6.22389],[106.33627,-6.22404],[106.33723,-6.22488],[106.33672,-6.2262],[106.33712,-6.22743],[106.33755,-6.22743],[106.33779,-6.22559],[106.33959,-6.22631],[106.34052,-6.22565],[106.34411,-6.22679],[106.34326,-6.2268],[106.34301,-6.22765],[106.34129,-6.22729],[106.34065,-6.22828],[106.33997,-6.2306],[106.34137,-6.23149],[106.33999,-6.23683],[106.33657,-6.23731],[106.33733,-6.24144],[106.33536,-6.24228],[106.33254,-6.24148],[106.33233,-6.24263],[106.3309,-6.24328],[106.33144,-6.2452],[106.33218,-6.24527],[106.33145,-6.24542],[106.33164,-6.24716],[106.33267,-6.24725],[106.32972,-6.25139],[106.32545,-6.25185],[106.32339,-6.25055],[106.32259,-6.24866],[106.32131,-6.24815],[106.31989,-6.24535],[106.31942,-6.24535]]]}}]}